/* Generated — do not edit. */
#include "overlay_elf_blob.h"

const unsigned char overlay_elf_blob[] = {
  0x7f, 0x45, 0x4c, 0x46, 0x02, 0x01, 0x01, 0x00, 0x00, 0x00, 0x00, 0x00,
  0x00, 0x00, 0x00, 0x00, 0x03, 0x00, 0x3e, 0x00, 0x01, 0x00, 0x00, 0x00,
  0xf8, 0x22, 0x00, 0x00, 0x00, 0x00, 0x00, 0x00, 0x40, 0x00, 0x00, 0x00,
  0x00, 0x00, 0x00, 0x00, 0xd0, 0xb3, 0x01, 0x00, 0x00, 0x00, 0x00, 0x00,
  0x00, 0x00, 0x00, 0x00, 0x40, 0x00, 0x38, 0x00, 0x04, 0x00, 0x40, 0x00,
  0x14, 0x00, 0x12, 0x00, 0x01, 0x00, 0x00, 0x00, 0x07, 0x00, 0x00, 0x00,
  0x00, 0x40, 0x00, 0x00, 0x00, 0x00, 0x00, 0x00, 0x00, 0x00, 0x00, 0x00,
  0x00, 0x00, 0x00, 0x00, 0x00, 0x00, 0x00, 0x00, 0x00, 0x00, 0x00, 0x00,
  0x08, 0xab, 0x00, 0x00, 0x00, 0x00, 0x00, 0x00, 0x08, 0xab, 0x00, 0x00,
  0x00, 0x00, 0x00, 0x00, 0x00, 0x40, 0x00, 0x00, 0x00, 0x00, 0x00, 0x00,
  0x01, 0x00, 0x00, 0x00, 0x06, 0x00, 0x00, 0x00, 0x00, 0x00, 0x01, 0x00,
  0x00, 0x00, 0x00, 0x00, 0x00, 0xc0, 0x00, 0x00, 0x00, 0x00, 0x00, 0x00,
  0x00, 0xc0, 0x00, 0x00, 0x00, 0x00, 0x00, 0x00, 0x50, 0x41, 0x00, 0x00,
  0x00, 0x00, 0x00, 0x00, 0x50, 0x41, 0x00, 0x00, 0x00, 0x00, 0x00, 0x00,
  0x00, 0x40, 0x00, 0x00, 0x00, 0x00, 0x00, 0x00, 0x01, 0x00, 0x00, 0x00,
  0x06, 0x00, 0x00, 0x00, 0x00, 0x80, 0x01, 0x00, 0x00, 0x00, 0x00, 0x00,
  0x00, 0x40, 0x01, 0x00, 0x00, 0x00, 0x00, 0x00, 0x00, 0x40, 0x01, 0x00,
  0x00, 0x00, 0x00, 0x00, 0x30, 0x00, 0x00, 0x00, 0x00, 0x00, 0x00, 0x00,
  0x48, 0x0a, 0x00, 0x00, 0x00, 0x00, 0x00, 0x00, 0x00, 0x40, 0x00, 0x00,
  0x00, 0x00, 0x00, 0x00, 0x02, 0x00, 0x00, 0x00, 0x06, 0x00, 0x00, 0x00,
  0x00, 0x40, 0x01, 0x00, 0x00, 0x00, 0x00, 0x00, 0x00, 0x00, 0x01, 0x00,
  0x00, 0x00, 0x00, 0x00, 0x00, 0x00, 0x01, 0x00, 0x00, 0x00, 0x00, 0x00,
  0x50, 0x01, 0x00, 0x00, 0x00, 0x00, 0x00, 0x00, 0x50, 0x01, 0x00, 0x00,
  0x00, 0x00, 0x00, 0x00, 0x00, 0x40, 0x00, 0x00, 0x00, 0x00, 0x00, 0x00,
  0x00, 0x00, 0x00, 0x00, 0x00, 0x00, 0x00, 0x00, 0x00, 0x00, 0x00, 0x00,
  0x00, 0x00, 0x00, 0x00, 0x00, 0x00, 0x00, 0x00, 0x00, 0x00, 0x00, 0x00,
  0x00, 0x00, 0x00, 0x00, 0x00, 0x00, 0x00, 0x00, 0x00, 0x00, 0x00, 0x00,
  0x00, 0x00, 0x00, 0x00, 0x00, 0x00, 0x00, 0x00, 0x00, 0x00, 0x00, 0x00,
  0x00, 0x00, 0x00, 0x00, 0x00, 0x00, 0x00, 0x00, 0x00, 0x00, 0x00, 0x00,
  0x00, 0x00, 0x00, 0x00, 0x00, 0x00, 0x00, 0x00, 0x00, 0x00, 0x00, 0x00,
  0x00, 0x00, 0x00, 0x00, 0x00, 0x00, 0x00, 0x00, 0x00, 0x00, 0x00, 0x00,
  0x00, 0x00, 0x00, 0x00, 0x00, 0x00, 0x00, 0x00, 0x00, 0x00, 0x00, 0x00,
  0x00, 0x00, 0x00, 0x00, 0x00, 0x00, 0x00, 0x00, 0x00, 0x00, 0x00, 0x00,
  0x00, 0x00, 0x00, 0x00, 0x00, 0x00, 0x00, 0x00, 0x00, 0x00, 0x00, 0x00,
  0x00, 0x00, 0x00, 0x00, 0x00, 0x00, 0x00, 0x00, 0x00, 0x00, 0x00, 0x00,
  0x00, 0x00, 0x00, 0x00, 0x00, 0x00, 0x00, 0x00, 0x00, 0x00, 0x00, 0x00,
  0x00, 0x00, 0x00, 0x00, 0x00, 0x00, 0x00, 0x00, 0x00, 0x00, 0x00, 0x00,
  0x00, 0x00, 0x00, 0x00, 0x00, 0x00, 0x00, 0x00, 0x00, 0x00, 0x00, 0x00,
  0x00, 0x00, 0x00, 0x00, 0x00, 0x00, 0x00, 0x00, 0x00, 0x00, 0x00, 0x00,
  0x00, 0x00, 0x00, 0x00, 0x00, 0x00, 0x00, 0x00, 0x00, 0x00, 0x00, 0x00,
  0x00, 0x00, 0x00, 0x00, 0x00, 0x00, 0x00, 0x00, 0x00, 0x00, 0x00, 0x00,
  0x00, 0x00, 0x00, 0x00, 0x00, 0x00, 0x00, 0x00, 0x00, 0x00, 0x00, 0x00,
  0x00, 0x00, 0x00, 0x00, 0x00, 0x00, 0x00, 0x00, 0x00, 0x00, 0x00, 0x00,
  0x00, 0x00, 0x00, 0x00, 0x00, 0x00, 0x00, 0x00, 0x00, 0x00, 0x00, 0x00,
  0x00, 0x00, 0x00, 0x00, 0x00, 0x00, 0x00, 0x00, 0x00, 0x00, 0x00, 0x00,
  0x00, 0x00, 0x00, 0x00, 0x00, 0x00, 0x00, 0x00, 0x00, 0x00, 0x00, 0x00,
  0x00, 0x00, 0x00, 0x00, 0x00, 0x00, 0x00, 0x00, 0x00, 0x00, 0x00, 0x00,
  0x00, 0x00, 0x00, 0x00, 0x00, 0x00, 0x00, 0x00, 0x00, 0x00, 0x00, 0x00,
  0x00, 0x00, 0x00, 0x00, 0x00, 0x00, 0x00, 0x00, 0x00, 0x00, 0x00, 0x00,
  0x00, 0x00, 0x00, 0x00, 0x00, 0x00, 0x00, 0x00, 0x00, 0x00, 0x00, 0x00,
  0x00, 0x00, 0x00, 0x00, 0x00, 0x00, 0x00, 0x00, 0x00, 0x00, 0x00, 0x00,
  0x00, 0x00, 0x00, 0x00, 0x00, 0x00, 0x00, 0x00, 0x00, 0x00, 0x00, 0x00,
  0x00, 0x00, 0x00, 0x00, 0x00, 0x00, 0x00, 0x00, 0x00, 0x00, 0x00, 0x00,
  0x00, 0x00, 0x00, 0x00, 0x00, 0x00, 0x00, 0x00, 0x00, 0x00, 0x00, 0x00,
  0x00, 0x00, 0x00, 0x00, 0x00, 0x00, 0x00, 0x00, 0x00, 0x00, 0x00, 0x00,
  0x00, 0x00, 0x00, 0x00, 0x00, 0x00, 0x00, 0x00, 0x00, 0x00, 0x00, 0x00,
  0x00, 0x00, 0x00, 0x00, 0x00, 0x00, 0x00, 0x00, 0x00, 0x00, 0x00, 0x00,
  0x00, 0x00, 0x00, 0x00, 0x00, 0x00, 0x00, 0x00, 0x00, 0x00, 0x00, 0x00,
  0x00, 0x00, 0x00, 0x00, 0x00, 0x00, 0x00, 0x00, 0x00, 0x00, 0x00, 0x00,
  0x00, 0x00, 0x00, 0x00, 0x00, 0x00, 0x00, 0x00, 0x00, 0x00, 0x00, 0x00,
  0x00, 0x00, 0x00, 0x00, 0x00, 0x00, 0x00, 0x00, 0x00, 0x00, 0x00, 0x00,
  0x00, 0x00, 0x00, 0x00, 0x00, 0x00, 0x00, 0x00, 0x00, 0x00, 0x00, 0x00,
  0x00, 0x00, 0x00, 0x00, 0x00, 0x00, 0x00, 0x00, 0x00, 0x00, 0x00, 0x00,
  0x00, 0x00, 0x00, 0x00, 0x00, 0x00, 0x00, 0x00, 0x00, 0x00, 0x00, 0x00,
  0x00, 0x00, 0x00, 0x00, 0x00, 0x00, 0x00, 0x00, 0x00, 0x00, 0x00, 0x00,
  0x00, 0x00, 0x00, 0x00, 0x00, 0x00, 0x00, 0x00, 0x00, 0x00, 0x00, 0x00,
  0x00, 0x00, 0x00, 0x00, 0x00, 0x00, 0x00, 0x00, 0x00, 0x00, 0x00, 0x00,
  0x00, 0x00, 0x00, 0x00, 0x00, 0x00, 0x00, 0x00, 0x00, 0x00, 0x00, 0x00,
  0x00, 0x00, 0x00, 0x00, 0x00, 0x00, 0x00, 0x00, 0x00, 0x00, 0x00, 0x00,
  0x00, 0x00, 0x00, 0x00, 0x00, 0x00, 0x00, 0x00, 0x00, 0x00, 0x00, 0x00,
  0x00, 0x00, 0x00, 0x00, 0x00, 0x00, 0x00, 0x00, 0x00, 0x00, 0x00, 0x00,
  0x00, 0x00, 0x00, 0x00, 0x00, 0x00, 0x00, 0x00, 0x00, 0x00, 0x00, 0x00,
  0x00, 0x00, 0x00, 0x00, 0x00, 0x00, 0x00, 0x00, 0x00, 0x00, 0x00, 0x00,
  0x00, 0x00, 0x00, 0x00, 0x00, 0x00, 0x00, 0x00, 0x00, 0x00, 0x00, 0x00,
  0x00, 0x00, 0x00, 0x00, 0x00, 0x00, 0x00, 0x00, 0x00, 0x00, 0x00, 0x00,
  0x00, 0x00, 0x00, 0x00, 0x00, 0x00, 0x00, 0x00, 0x00, 0x00, 0x00, 0x00,
  0x00, 0x00, 0x00, 0x00, 0x00, 0x00, 0x00, 0x00, 0x00, 0x00, 0x00, 0x00,
  0x00, 0x00, 0x00, 0x00, 0x00, 0x00, 0x00, 0x00, 0x00, 0x00, 0x00, 0x00,
  0x00, 0x00, 0x00, 0x00, 0x00, 0x00, 0x00, 0x00, 0x00, 0x00, 0x00, 0x00,
  0x00, 0x00, 0x00, 0x00, 0x00, 0x00, 0x00, 0x00, 0x00, 0x00, 0x00, 0x00,
  0x00, 0x00, 0x00, 0x00, 0x00, 0x00, 0x00, 0x00, 0x00, 0x00, 0x00, 0x00,
  0x00, 0x00, 0x00, 0x00, 0x00, 0x00, 0x00, 0x00, 0x00, 0x00, 0x00, 0x00,
  0x00, 0x00, 0x00, 0x00, 0x00, 0x00, 0x00, 0x00, 0x00, 0x00, 0x00, 0x00,
  0x00, 0x00, 0x00, 0x00, 0x00, 0x00, 0x00, 0x00, 0x00, 0x00, 0x00, 0x00,
  0x00, 0x00, 0x00, 0x00, 0x00, 0x00, 0x00, 0x00, 0x00, 0x00, 0x00, 0x00,
  0x00, 0x00, 0x00, 0x00, 0x00, 0x00, 0x00, 0x00, 0x00, 0x00, 0x00, 0x00,
  0x00, 0x00, 0x00, 0x00, 0x00, 0x00, 0x00, 0x00, 0x00, 0x00, 0x00, 0x00,
  0x00, 0x00, 0x00, 0x00, 0x00, 0x00, 0x00, 0x00, 0x00, 0x00, 0x00, 0x00,
  0x00, 0x00, 0x00, 0x00, 0x00, 0x00, 0x00, 0x00, 0x00, 0x00, 0x00, 0x00,
  0x00, 0x00, 0x00, 0x00, 0x00, 0x00, 0x00, 0x00, 0x00, 0x00, 0x00, 0x00,
  0x00, 0x00, 0x00, 0x00, 0x00, 0x00, 0x00, 0x00, 0x00, 0x00, 0x00, 0x00,
  0x00, 0x00, 0x00, 0x00, 0x00, 0x00, 0x00, 0x00, 0x00, 0x00, 0x00, 0x00,
  0x00, 0x00, 0x00, 0x00, 0x00, 0x00, 0x00, 0x00, 0x00, 0x00, 0x00, 0x00,
  0x00, 0x00, 0x00, 0x00, 0x00, 0x00, 0x00, 0x00, 0x00, 0x00, 0x00, 0x00,
  0x00, 0x00, 0x00, 0x00, 0x00, 0x00, 0x00, 0x00, 0x00, 0x00, 0x00, 0x00,
  0x00, 0x00, 0x00, 0x00, 0x00, 0x00, 0x00, 0x00, 0x00, 0x00, 0x00, 0x00,
  0x00, 0x00, 0x00, 0x00, 0x00, 0x00, 0x00, 0x00, 0x00, 0x00, 0x00, 0x00,
  0x00, 0x00, 0x00, 0x00, 0x00, 0x00, 0x00, 0x00, 0x00, 0x00, 0x00, 0x00,
  0x00, 0x00, 0x00, 0x00, 0x00, 0x00, 0x00, 0x00, 0x00, 0x00, 0x00, 0x00,
  0x00, 0x00, 0x00, 0x00, 0x00, 0x00, 0x00, 0x00, 0x00, 0x00, 0x00, 0x00,
  0x00, 0x00, 0x00, 0x00, 0x00, 0x00, 0x00, 0x00, 0x00, 0x00, 0x00, 0x00,
  0x00, 0x00, 0x00, 0x00, 0x00, 0x00, 0x00, 0x00, 0x00, 0x00, 0x00, 0x00,
  0x00, 0x00, 0x00, 0x00, 0x00, 0x00, 0x00, 0x00, 0x00, 0x00, 0x00, 0x00,
  0x00, 0x00, 0x00, 0x00, 0x00, 0x00, 0x00, 0x00, 0x00, 0x00, 0x00, 0x00,
  0x00, 0x00, 0x00, 0x00, 0x00, 0x00, 0x00, 0x00, 0x00, 0x00, 0x00, 0x00,
  0x00, 0x00, 0x00, 0x00, 0x00, 0x00, 0x00, 0x00, 0x00, 0x00, 0x00, 0x00,
  0x00, 0x00, 0x00, 0x00, 0x00, 0x00, 0x00, 0x00, 0x00, 0x00, 0x00, 0x00,
  0x00, 0x00, 0x00, 0x00, 0x00, 0x00, 0x00, 0x00, 0x00, 0x00, 0x00, 0x00,
  0x00, 0x00, 0x00, 0x00, 0x00, 0x00, 0x00, 0x00, 0x00, 0x00, 0x00, 0x00,
  0x00, 0x00, 0x00, 0x00, 0x00, 0x00, 0x00, 0x00, 0x00, 0x00, 0x00, 0x00,
  0x00, 0x00, 0x00, 0x00, 0x00, 0x00, 0x00, 0x00, 0x00, 0x00, 0x00, 0x00,
  0x00, 0x00, 0x00, 0x00, 0x00, 0x00, 0x00, 0x00, 0x00, 0x00, 0x00, 0x00,
  0x00, 0x00, 0x00, 0x00, 0x00, 0x00, 0x00, 0x00, 0x00, 0x00, 0x00, 0x00,
  0x00, 0x00, 0x00, 0x00, 0x00, 0x00, 0x00, 0x00, 0x00, 0x00, 0x00, 0x00,
  0x00, 0x00, 0x00, 0x00, 0x00, 0x00, 0x00, 0x00, 0x00, 0x00, 0x00, 0x00,
  0x00, 0x00, 0x00, 0x00, 0x00, 0x00, 0x00, 0x00, 0x00, 0x00, 0x00, 0x00,
  0x00, 0x00, 0x00, 0x00, 0x00, 0x00, 0x00, 0x00, 0x00, 0x00, 0x00, 0x00,
  0x00, 0x00, 0x00, 0x00, 0x00, 0x00, 0x00, 0x00, 0x00, 0x00, 0x00, 0x00,
  0x00, 0x00, 0x00, 0x00, 0x00, 0x00, 0x00, 0x00, 0x00, 0x00, 0x00, 0x00,
  0x00, 0x00, 0x00, 0x00, 0x00, 0x00, 0x00, 0x00, 0x00, 0x00, 0x00, 0x00,
  0x00, 0x00, 0x00, 0x00, 0x00, 0x00, 0x00, 0x00, 0x00, 0x00, 0x00, 0x00,
  0x00, 0x00, 0x00, 0x00, 0x00, 0x00, 0x00, 0x00, 0x00, 0x00, 0x00, 0x00,
  0x00, 0x00, 0x00, 0x00, 0x00, 0x00, 0x00, 0x00, 0x00, 0x00, 0x00, 0x00,
  0x00, 0x00, 0x00, 0x00, 0x00, 0x00, 0x00, 0x00, 0x00, 0x00, 0x00, 0x00,
  0x00, 0x00, 0x00, 0x00, 0x00, 0x00, 0x00, 0x00, 0x00, 0x00, 0x00, 0x00,
  0x00, 0x00, 0x00, 0x00, 0x00, 0x00, 0x00, 0x00, 0x00, 0x00, 0x00, 0x00,
  0x00, 0x00, 0x00, 0x00, 0x00, 0x00, 0x00, 0x00, 0x00, 0x00, 0x00, 0x00,
  0x00, 0x00, 0x00, 0x00, 0x00, 0x00, 0x00, 0x00, 0x00, 0x00, 0x00, 0x00,
  0x00, 0x00, 0x00, 0x00, 0x00, 0x00, 0x00, 0x00, 0x00, 0x00, 0x00, 0x00,
  0x00, 0x00, 0x00, 0x00, 0x00, 0x00, 0x00, 0x00, 0x00, 0x00, 0x00, 0x00,
  0x00, 0x00, 0x00, 0x00, 0x00, 0x00, 0x00, 0x00, 0x00, 0x00, 0x00, 0x00,
  0x00, 0x00, 0x00, 0x00, 0x00, 0x00, 0x00, 0x00, 0x00, 0x00, 0x00, 0x00,
  0x00, 0x00, 0x00, 0x00, 0x00, 0x00, 0x00, 0x00, 0x00, 0x00, 0x00, 0x00,
  0x00, 0x00, 0x00, 0x00, 0x00, 0x00, 0x00, 0x00, 0x00, 0x00, 0x00, 0x00,
  0x00, 0x00, 0x00, 0x00, 0x00, 0x00, 0x00, 0x00, 0x00, 0x00, 0x00, 0x00,
  0x00, 0x00, 0x00, 0x00, 0x00, 0x00, 0x00, 0x00, 0x00, 0x00, 0x00, 0x00,
  0x00, 0x00, 0x00, 0x00, 0x00, 0x00, 0x00, 0x00, 0x00, 0x00, 0x00, 0x00,
  0x00, 0x00, 0x00, 0x00, 0x00, 0x00, 0x00, 0x00, 0x00, 0x00, 0x00, 0x00,
  0x00, 0x00, 0x00, 0x00, 0x00, 0x00, 0x00, 0x00, 0x00, 0x00, 0x00, 0x00,
  0x00, 0x00, 0x00, 0x00, 0x00, 0x00, 0x00, 0x00, 0x00, 0x00, 0x00, 0x00,
  0x00, 0x00, 0x00, 0x00, 0x00, 0x00, 0x00, 0x00, 0x00, 0x00, 0x00, 0x00,
  0x00, 0x00, 0x00, 0x00, 0x00, 0x00, 0x00, 0x00, 0x00, 0x00, 0x00, 0x00,
  0x00, 0x00, 0x00, 0x00, 0x00, 0x00, 0x00, 0x00, 0x00, 0x00, 0x00, 0x00,
  0x00, 0x00, 0x00, 0x00, 0x00, 0x00, 0x00, 0x00, 0x00, 0x00, 0x00, 0x00,
  0x00, 0x00, 0x00, 0x00, 0x00, 0x00, 0x00, 0x00, 0x00, 0x00, 0x00, 0x00,
  0x00, 0x00, 0x00, 0x00, 0x00, 0x00, 0x00, 0x00, 0x00, 0x00, 0x00, 0x00,
  0x00, 0x00, 0x00, 0x00, 0x00, 0x00, 0x00, 0x00, 0x00, 0x00, 0x00, 0x00,
  0x00, 0x00, 0x00, 0x00, 0x00, 0x00, 0x00, 0x00, 0x00, 0x00, 0x00, 0x00,
  0x00, 0x00, 0x00, 0x00, 0x00, 0x00, 0x00, 0x00, 0x00, 0x00, 0x00, 0x00,
  0x00, 0x00, 0x00, 0x00, 0x00, 0x00, 0x00, 0x00, 0x00, 0x00, 0x00, 0x00,
  0x00, 0x00, 0x00, 0x00, 0x00, 0x00, 0x00, 0x00, 0x00, 0x00, 0x00, 0x00,
  0x00, 0x00, 0x00, 0x00, 0x00, 0x00, 0x00, 0x00, 0x00, 0x00, 0x00, 0x00,
  0x00, 0x00, 0x00, 0x00, 0x00, 0x00, 0x00, 0x00, 0x00, 0x00, 0x00, 0x00,
  0x00, 0x00, 0x00, 0x00, 0x00, 0x00, 0x00, 0x00, 0x00, 0x00, 0x00, 0x00,
  0x00, 0x00, 0x00, 0x00, 0x00, 0x00, 0x00, 0x00, 0x00, 0x00, 0x00, 0x00,
  0x00, 0x00, 0x00, 0x00, 0x00, 0x00, 0x00, 0x00, 0x00, 0x00, 0x00, 0x00,
  0x00, 0x00, 0x00, 0x00, 0x00, 0x00, 0x00, 0x00, 0x00, 0x00, 0x00, 0x00,
  0x00, 0x00, 0x00, 0x00, 0x00, 0x00, 0x00, 0x00, 0x00, 0x00, 0x00, 0x00,
  0x00, 0x00, 0x00, 0x00, 0x00, 0x00, 0x00, 0x00, 0x00, 0x00, 0x00, 0x00,
  0x00, 0x00, 0x00, 0x00, 0x00, 0x00, 0x00, 0x00, 0x00, 0x00, 0x00, 0x00,
  0x00, 0x00, 0x00, 0x00, 0x00, 0x00, 0x00, 0x00, 0x00, 0x00, 0x00, 0x00,
  0x00, 0x00, 0x00, 0x00, 0x00, 0x00, 0x00, 0x00, 0x00, 0x00, 0x00, 0x00,
  0x00, 0x00, 0x00, 0x00, 0x00, 0x00, 0x00, 0x00, 0x00, 0x00, 0x00, 0x00,
  0x00, 0x00, 0x00, 0x00, 0x00, 0x00, 0x00, 0x00, 0x00, 0x00, 0x00, 0x00,
  0x00, 0x00, 0x00, 0x00, 0x00, 0x00, 0x00, 0x00, 0x00, 0x00, 0x00, 0x00,
  0x00, 0x00, 0x00, 0x00, 0x00, 0x00, 0x00, 0x00, 0x00, 0x00, 0x00, 0x00,
  0x00, 0x00, 0x00, 0x00, 0x00, 0x00, 0x00, 0x00, 0x00, 0x00, 0x00, 0x00,
  0x00, 0x00, 0x00, 0x00, 0x00, 0x00, 0x00, 0x00, 0x00, 0x00, 0x00, 0x00,
  0x00, 0x00, 0x00, 0x00, 0x00, 0x00, 0x00, 0x00, 0x00, 0x00, 0x00, 0x00,
  0x00, 0x00, 0x00, 0x00, 0x00, 0x00, 0x00, 0x00, 0x00, 0x00, 0x00, 0x00,
  0x00, 0x00, 0x00, 0x00, 0x00, 0x00, 0x00, 0x00, 0x00, 0x00, 0x00, 0x00,
  0x00, 0x00, 0x00, 0x00, 0x00, 0x00, 0x00, 0x00, 0x00, 0x00, 0x00, 0x00,
  0x00, 0x00, 0x00, 0x00, 0x00, 0x00, 0x00, 0x00, 0x00, 0x00, 0x00, 0x00,
  0x00, 0x00, 0x00, 0x00, 0x00, 0x00, 0x00, 0x00, 0x00, 0x00, 0x00, 0x00,
  0x00, 0x00, 0x00, 0x00, 0x00, 0x00, 0x00, 0x00, 0x00, 0x00, 0x00, 0x00,
  0x00, 0x00, 0x00, 0x00, 0x00, 0x00, 0x00, 0x00, 0x00, 0x00, 0x00, 0x00,
  0x00, 0x00, 0x00, 0x00, 0x00, 0x00, 0x00, 0x00, 0x00, 0x00, 0x00, 0x00,
  0x00, 0x00, 0x00, 0x00, 0x00, 0x00, 0x00, 0x00, 0x00, 0x00, 0x00, 0x00,
  0x00, 0x00, 0x00, 0x00, 0x00, 0x00, 0x00, 0x00, 0x00, 0x00, 0x00, 0x00,
  0x00, 0x00, 0x00, 0x00, 0x00, 0x00, 0x00, 0x00, 0x00, 0x00, 0x00, 0x00,
  0x00, 0x00, 0x00, 0x00, 0x00, 0x00, 0x00, 0x00, 0x00, 0x00, 0x00, 0x00,
  0x00, 0x00, 0x00, 0x00, 0x00, 0x00, 0x00, 0x00, 0x00, 0x00, 0x00, 0x00,
  0x00, 0x00, 0x00, 0x00, 0x00, 0x00, 0x00, 0x00, 0x00, 0x00, 0x00, 0x00,
  0x00, 0x00, 0x00, 0x00, 0x00, 0x00, 0x00, 0x00, 0x00, 0x00, 0x00, 0x00,
  0x00, 0x00, 0x00, 0x00, 0x00, 0x00, 0x00, 0x00, 0x00, 0x00, 0x00, 0x00,
  0x00, 0x00, 0x00, 0x00, 0x00, 0x00, 0x00, 0x00, 0x00, 0x00, 0x00, 0x00,
  0x00, 0x00, 0x00, 0x00, 0x00, 0x00, 0x00, 0x00, 0x00, 0x00, 0x00, 0x00,
  0x00, 0x00, 0x00, 0x00, 0x00, 0x00, 0x00, 0x00, 0x00, 0x00, 0x00, 0x00,
  0x00, 0x00, 0x00, 0x00, 0x00, 0x00, 0x00, 0x00, 0x00, 0x00, 0x00, 0x00,
  0x00, 0x00, 0x00, 0x00, 0x00, 0x00, 0x00, 0x00, 0x00, 0x00, 0x00, 0x00,
  0x00, 0x00, 0x00, 0x00, 0x00, 0x00, 0x00, 0x00, 0x00, 0x00, 0x00, 0x00,
  0x00, 0x00, 0x00, 0x00, 0x00, 0x00, 0x00, 0x00, 0x00, 0x00, 0x00, 0x00,
  0x00, 0x00, 0x00, 0x00, 0x00, 0x00, 0x00, 0x00, 0x00, 0x00, 0x00, 0x00,
  0x00, 0x00, 0x00, 0x00, 0x00, 0x00, 0x00, 0x00, 0x00, 0x00, 0x00, 0x00,
  0x00, 0x00, 0x00, 0x00, 0x00, 0x00, 0x00, 0x00, 0x00, 0x00, 0x00, 0x00,
  0x00, 0x00, 0x00, 0x00, 0x00, 0x00, 0x00, 0x00, 0x00, 0x00, 0x00, 0x00,
  0x00, 0x00, 0x00, 0x00, 0x00, 0x00, 0x00, 0x00, 0x00, 0x00, 0x00, 0x00,
  0x00, 0x00, 0x00, 0x00, 0x00, 0x00, 0x00, 0x00, 0x00, 0x00, 0x00, 0x00,
  0x00, 0x00, 0x00, 0x00, 0x00, 0x00, 0x00, 0x00, 0x00, 0x00, 0x00, 0x00,
  0x00, 0x00, 0x00, 0x00, 0x00, 0x00, 0x00, 0x00, 0x00, 0x00, 0x00, 0x00,
  0x00, 0x00, 0x00, 0x00, 0x00, 0x00, 0x00, 0x00, 0x00, 0x00, 0x00, 0x00,
  0x00, 0x00, 0x00, 0x00, 0x00, 0x00, 0x00, 0x00, 0x00, 0x00, 0x00, 0x00,
  0x00, 0x00, 0x00, 0x00, 0x00, 0x00, 0x00, 0x00, 0x00, 0x00, 0x00, 0x00,
  0x00, 0x00, 0x00, 0x00, 0x00, 0x00, 0x00, 0x00, 0x00, 0x00, 0x00, 0x00,
  0x00, 0x00, 0x00, 0x00, 0x00, 0x00, 0x00, 0x00, 0x00, 0x00, 0x00, 0x00,
  0x00, 0x00, 0x00, 0x00, 0x00, 0x00, 0x00, 0x00, 0x00, 0x00, 0x00, 0x00,
  0x00, 0x00, 0x00, 0x00, 0x00, 0x00, 0x00, 0x00, 0x00, 0x00, 0x00, 0x00,
  0x00, 0x00, 0x00, 0x00, 0x00, 0x00, 0x00, 0x00, 0x00, 0x00, 0x00, 0x00,
  0x00, 0x00, 0x00, 0x00, 0x00, 0x00, 0x00, 0x00, 0x00, 0x00, 0x00, 0x00,
  0x00, 0x00, 0x00, 0x00, 0x00, 0x00, 0x00, 0x00, 0x00, 0x00, 0x00, 0x00,
  0x00, 0x00, 0x00, 0x00, 0x00, 0x00, 0x00, 0x00, 0x00, 0x00, 0x00, 0x00,
  0x00, 0x00, 0x00, 0x00, 0x00, 0x00, 0x00, 0x00, 0x00, 0x00, 0x00, 0x00,
  0x00, 0x00, 0x00, 0x00, 0x00, 0x00, 0x00, 0x00, 0x00, 0x00, 0x00, 0x00,
  0x00, 0x00, 0x00, 0x00, 0x00, 0x00, 0x00, 0x00, 0x00, 0x00, 0x00, 0x00,
  0x00, 0x00, 0x00, 0x00, 0x00, 0x00, 0x00, 0x00, 0x00, 0x00, 0x00, 0x00,
  0x00, 0x00, 0x00, 0x00, 0x00, 0x00, 0x00, 0x00, 0x00, 0x00, 0x00, 0x00,
  0x00, 0x00, 0x00, 0x00, 0x00, 0x00, 0x00, 0x00, 0x00, 0x00, 0x00, 0x00,
  0x00, 0x00, 0x00, 0x00, 0x00, 0x00, 0x00, 0x00, 0x00, 0x00, 0x00, 0x00,
  0x00, 0x00, 0x00, 0x00, 0x00, 0x00, 0x00, 0x00, 0x00, 0x00, 0x00, 0x00,
  0x00, 0x00, 0x00, 0x00, 0x00, 0x00, 0x00, 0x00, 0x00, 0x00, 0x00, 0x00,
  0x00, 0x00, 0x00, 0x00, 0x00, 0x00, 0x00, 0x00, 0x00, 0x00, 0x00, 0x00,
  0x00, 0x00, 0x00, 0x00, 0x00, 0x00, 0x00, 0x00, 0x00, 0x00, 0x00, 0x00,
  0x00, 0x00, 0x00, 0x00, 0x00, 0x00, 0x00, 0x00, 0x00, 0x00, 0x00, 0x00,
  0x00, 0x00, 0x00, 0x00, 0x00, 0x00, 0x00, 0x00, 0x00, 0x00, 0x00, 0x00,
  0x00, 0x00, 0x00, 0x00, 0x00, 0x00, 0x00, 0x00, 0x00, 0x00, 0x00, 0x00,
  0x00, 0x00, 0x00, 0x00, 0x00, 0x00, 0x00, 0x00, 0x00, 0x00, 0x00, 0x00,
  0x00, 0x00, 0x00, 0x00, 0x00, 0x00, 0x00, 0x00, 0x00, 0x00, 0x00, 0x00,
  0x00, 0x00, 0x00, 0x00, 0x00, 0x00, 0x00, 0x00, 0x00, 0x00, 0x00, 0x00,
  0x00, 0x00, 0x00, 0x00, 0x00, 0x00, 0x00, 0x00, 0x00, 0x00, 0x00, 0x00,
  0x00, 0x00, 0x00, 0x00, 0x00, 0x00, 0x00, 0x00, 0x00, 0x00, 0x00, 0x00,
  0x00, 0x00, 0x00, 0x00, 0x00, 0x00, 0x00, 0x00, 0x00, 0x00, 0x00, 0x00,
  0x00, 0x00, 0x00, 0x00, 0x00, 0x00, 0x00, 0x00, 0x00, 0x00, 0x00, 0x00,
  0x00, 0x00, 0x00, 0x00, 0x00, 0x00, 0x00, 0x00, 0x00, 0x00, 0x00, 0x00,
  0x00, 0x00, 0x00, 0x00, 0x00, 0x00, 0x00, 0x00, 0x00, 0x00, 0x00, 0x00,
  0x00, 0x00, 0x00, 0x00, 0x00, 0x00, 0x00, 0x00, 0x00, 0x00, 0x00, 0x00,
  0x00, 0x00, 0x00, 0x00, 0x00, 0x00, 0x00, 0x00, 0x00, 0x00, 0x00, 0x00,
  0x00, 0x00, 0x00, 0x00, 0x00, 0x00, 0x00, 0x00, 0x00, 0x00, 0x00, 0x00,
  0x00, 0x00, 0x00, 0x00, 0x00, 0x00, 0x00, 0x00, 0x00, 0x00, 0x00, 0x00,
  0x00, 0x00, 0x00, 0x00, 0x00, 0x00, 0x00, 0x00, 0x00, 0x00, 0x00, 0x00,
  0x00, 0x00, 0x00, 0x00, 0x00, 0x00, 0x00, 0x00, 0x00, 0x00, 0x00, 0x00,
  0x00, 0x00, 0x00, 0x00, 0x00, 0x00, 0x00, 0x00, 0x00, 0x00, 0x00, 0x00,
  0x00, 0x00, 0x00, 0x00, 0x00, 0x00, 0x00, 0x00, 0x00, 0x00, 0x00, 0x00,
  0x00, 0x00, 0x00, 0x00, 0x00, 0x00, 0x00, 0x00, 0x00, 0x00, 0x00, 0x00,
  0x00, 0x00, 0x00, 0x00, 0x00, 0x00, 0x00, 0x00, 0x00, 0x00, 0x00, 0x00,
  0x00, 0x00, 0x00, 0x00, 0x00, 0x00, 0x00, 0x00, 0x00, 0x00, 0x00, 0x00,
  0x00, 0x00, 0x00, 0x00, 0x00, 0x00, 0x00, 0x00, 0x00, 0x00, 0x00, 0x00,
  0x00, 0x00, 0x00, 0x00, 0x00, 0x00, 0x00, 0x00, 0x00, 0x00, 0x00, 0x00,
  0x00, 0x00, 0x00, 0x00, 0x00, 0x00, 0x00, 0x00, 0x00, 0x00, 0x00, 0x00,
  0x00, 0x00, 0x00, 0x00, 0x00, 0x00, 0x00, 0x00, 0x00, 0x00, 0x00, 0x00,
  0x00, 0x00, 0x00, 0x00, 0x00, 0x00, 0x00, 0x00, 0x00, 0x00, 0x00, 0x00,
  0x00, 0x00, 0x00, 0x00, 0x00, 0x00, 0x00, 0x00, 0x00, 0x00, 0x00, 0x00,
  0x00, 0x00, 0x00, 0x00, 0x00, 0x00, 0x00, 0x00, 0x00, 0x00, 0x00, 0x00,
  0x00, 0x00, 0x00, 0x00, 0x00, 0x00, 0x00, 0x00, 0x00, 0x00, 0x00, 0x00,
  0x00, 0x00, 0x00, 0x00, 0x00, 0x00, 0x00, 0x00, 0x00, 0x00, 0x00, 0x00,
  0x00, 0x00, 0x00, 0x00, 0x00, 0x00, 0x00, 0x00, 0x00, 0x00, 0x00, 0x00,
  0x00, 0x00, 0x00, 0x00, 0x00, 0x00, 0x00, 0x00, 0x00, 0x00, 0x00, 0x00,
  0x00, 0x00, 0x00, 0x00, 0x00, 0x00, 0x00, 0x00, 0x00, 0x00, 0x00, 0x00,
  0x00, 0x00, 0x00, 0x00, 0x00, 0x00, 0x00, 0x00, 0x00, 0x00, 0x00, 0x00,
  0x00, 0x00, 0x00, 0x00, 0x00, 0x00, 0x00, 0x00, 0x00, 0x00, 0x00, 0x00,
  0x00, 0x00, 0x00, 0x00, 0x00, 0x00, 0x00, 0x00, 0x00, 0x00, 0x00, 0x00,
  0x00, 0x00, 0x00, 0x00, 0x00, 0x00, 0x00, 0x00, 0x00, 0x00, 0x00, 0x00,
  0x00, 0x00, 0x00, 0x00, 0x00, 0x00, 0x00, 0x00, 0x00, 0x00, 0x00, 0x00,
  0x00, 0x00, 0x00, 0x00, 0x00, 0x00, 0x00, 0x00, 0x00, 0x00, 0x00, 0x00,
  0x00, 0x00, 0x00, 0x00, 0x00, 0x00, 0x00, 0x00, 0x00, 0x00, 0x00, 0x00,
  0x00, 0x00, 0x00, 0x00, 0x00, 0x00, 0x00, 0x00, 0x00, 0x00, 0x00, 0x00,
  0x00, 0x00, 0x00, 0x00, 0x00, 0x00, 0x00, 0x00, 0x00, 0x00, 0x00, 0x00,
  0x00, 0x00, 0x00, 0x00, 0x00, 0x00, 0x00, 0x00, 0x00, 0x00, 0x00, 0x00,
  0x00, 0x00, 0x00, 0x00, 0x00, 0x00, 0x00, 0x00, 0x00, 0x00, 0x00, 0x00,
  0x00, 0x00, 0x00, 0x00, 0x00, 0x00, 0x00, 0x00, 0x00, 0x00, 0x00, 0x00,
  0x00, 0x00, 0x00, 0x00, 0x00, 0x00, 0x00, 0x00, 0x00, 0x00, 0x00, 0x00,
  0x00, 0x00, 0x00, 0x00, 0x00, 0x00, 0x00, 0x00, 0x00, 0x00, 0x00, 0x00,
  0x00, 0x00, 0x00, 0x00, 0x00, 0x00, 0x00, 0x00, 0x00, 0x00, 0x00, 0x00,
  0x00, 0x00, 0x00, 0x00, 0x00, 0x00, 0x00, 0x00, 0x00, 0x00, 0x00, 0x00,
  0x00, 0x00, 0x00, 0x00, 0x00, 0x00, 0x00, 0x00, 0x00, 0x00, 0x00, 0x00,
  0x00, 0x00, 0x00, 0x00, 0x00, 0x00, 0x00, 0x00, 0x00, 0x00, 0x00, 0x00,
  0x00, 0x00, 0x00, 0x00, 0x00, 0x00, 0x00, 0x00, 0x00, 0x00, 0x00, 0x00,
  0x00, 0x00, 0x00, 0x00, 0x00, 0x00, 0x00, 0x00, 0x00, 0x00, 0x00, 0x00,
  0x00, 0x00, 0x00, 0x00, 0x00, 0x00, 0x00, 0x00, 0x00, 0x00, 0x00, 0x00,
  0x00, 0x00, 0x00, 0x00, 0x00, 0x00, 0x00, 0x00, 0x00, 0x00, 0x00, 0x00,
  0x00, 0x00, 0x00, 0x00, 0x00, 0x00, 0x00, 0x00, 0x00, 0x00, 0x00, 0x00,
  0x00, 0x00, 0x00, 0x00, 0x00, 0x00, 0x00, 0x00, 0x00, 0x00, 0x00, 0x00,
  0x00, 0x00, 0x00, 0x00, 0x00, 0x00, 0x00, 0x00, 0x00, 0x00, 0x00, 0x00,
  0x00, 0x00, 0x00, 0x00, 0x00, 0x00, 0x00, 0x00, 0x00, 0x00, 0x00, 0x00,
  0x00, 0x00, 0x00, 0x00, 0x00, 0x00, 0x00, 0x00, 0x00, 0x00, 0x00, 0x00,
  0x00, 0x00, 0x00, 0x00, 0x00, 0x00, 0x00, 0x00, 0x00, 0x00, 0x00, 0x00,
  0x00, 0x00, 0x00, 0x00, 0x00, 0x00, 0x00, 0x00, 0x00, 0x00, 0x00, 0x00,
  0x00, 0x00, 0x00, 0x00, 0x00, 0x00, 0x00, 0x00, 0x00, 0x00, 0x00, 0x00,
  0x00, 0x00, 0x00, 0x00, 0x00, 0x00, 0x00, 0x00, 0x00, 0x00, 0x00, 0x00,
  0x00, 0x00, 0x00, 0x00, 0x00, 0x00, 0x00, 0x00, 0x00, 0x00, 0x00, 0x00,
  0x00, 0x00, 0x00, 0x00, 0x00, 0x00, 0x00, 0x00, 0x00, 0x00, 0x00, 0x00,
  0x00, 0x00, 0x00, 0x00, 0x00, 0x00, 0x00, 0x00, 0x00, 0x00, 0x00, 0x00,
  0x00, 0x00, 0x00, 0x00, 0x00, 0x00, 0x00, 0x00, 0x00, 0x00, 0x00, 0x00,
  0x00, 0x00, 0x00, 0x00, 0x00, 0x00, 0x00, 0x00, 0x00, 0x00, 0x00, 0x00,
  0x00, 0x00, 0x00, 0x00, 0x00, 0x00, 0x00, 0x00, 0x00, 0x00, 0x00, 0x00,
  0x00, 0x00, 0x00, 0x00, 0x00, 0x00, 0x00, 0x00, 0x00, 0x00, 0x00, 0x00,
  0x00, 0x00, 0x00, 0x00, 0x00, 0x00, 0x00, 0x00, 0x00, 0x00, 0x00, 0x00,
  0x00, 0x00, 0x00, 0x00, 0x00, 0x00, 0x00, 0x00, 0x00, 0x00, 0x00, 0x00,
  0x00, 0x00, 0x00, 0x00, 0x00, 0x00, 0x00, 0x00, 0x00, 0x00, 0x00, 0x00,
  0x00, 0x00, 0x00, 0x00, 0x00, 0x00, 0x00, 0x00, 0x00, 0x00, 0x00, 0x00,
  0x00, 0x00, 0x00, 0x00, 0x00, 0x00, 0x00, 0x00, 0x00, 0x00, 0x00, 0x00,
  0x00, 0x00, 0x00, 0x00, 0x00, 0x00, 0x00, 0x00, 0x00, 0x00, 0x00, 0x00,
  0x00, 0x00, 0x00, 0x00, 0x00, 0x00, 0x00, 0x00, 0x00, 0x00, 0x00, 0x00,
  0x00, 0x00, 0x00, 0x00, 0x00, 0x00, 0x00, 0x00, 0x00, 0x00, 0x00, 0x00,
  0x00, 0x00, 0x00, 0x00, 0x00, 0x00, 0x00, 0x00, 0x00, 0x00, 0x00, 0x00,
  0x00, 0x00, 0x00, 0x00, 0x00, 0x00, 0x00, 0x00, 0x00, 0x00, 0x00, 0x00,
  0x00, 0x00, 0x00, 0x00, 0x00, 0x00, 0x00, 0x00, 0x00, 0x00, 0x00, 0x00,
  0x00, 0x00, 0x00, 0x00, 0x00, 0x00, 0x00, 0x00, 0x00, 0x00, 0x00, 0x00,
  0x00, 0x00, 0x00, 0x00, 0x00, 0x00, 0x00, 0x00, 0x00, 0x00, 0x00, 0x00,
  0x00, 0x00, 0x00, 0x00, 0x00, 0x00, 0x00, 0x00, 0x00, 0x00, 0x00, 0x00,
  0x00, 0x00, 0x00, 0x00, 0x00, 0x00, 0x00, 0x00, 0x00, 0x00, 0x00, 0x00,
  0x00, 0x00, 0x00, 0x00, 0x00, 0x00, 0x00, 0x00, 0x00, 0x00, 0x00, 0x00,
  0x00, 0x00, 0x00, 0x00, 0x00, 0x00, 0x00, 0x00, 0x00, 0x00, 0x00, 0x00,
  0x00, 0x00, 0x00, 0x00, 0x00, 0x00, 0x00, 0x00, 0x00, 0x00, 0x00, 0x00,
  0x00, 0x00, 0x00, 0x00, 0x00, 0x00, 0x00, 0x00, 0x00, 0x00, 0x00, 0x00,
  0x00, 0x00, 0x00, 0x00, 0x00, 0x00, 0x00, 0x00, 0x00, 0x00, 0x00, 0x00,
  0x00, 0x00, 0x00, 0x00, 0x00, 0x00, 0x00, 0x00, 0x00, 0x00, 0x00, 0x00,
  0x00, 0x00, 0x00, 0x00, 0x00, 0x00, 0x00, 0x00, 0x00, 0x00, 0x00, 0x00,
  0x00, 0x00, 0x00, 0x00, 0x00, 0x00, 0x00, 0x00, 0x00, 0x00, 0x00, 0x00,
  0x00, 0x00, 0x00, 0x00, 0x00, 0x00, 0x00, 0x00, 0x00, 0x00, 0x00, 0x00,
  0x00, 0x00, 0x00, 0x00, 0x00, 0x00, 0x00, 0x00, 0x00, 0x00, 0x00, 0x00,
  0x00, 0x00, 0x00, 0x00, 0x00, 0x00, 0x00, 0x00, 0x00, 0x00, 0x00, 0x00,
  0x00, 0x00, 0x00, 0x00, 0x00, 0x00, 0x00, 0x00, 0x00, 0x00, 0x00, 0x00,
  0x00, 0x00, 0x00, 0x00, 0x00, 0x00, 0x00, 0x00, 0x00, 0x00, 0x00, 0x00,
  0x00, 0x00, 0x00, 0x00, 0x00, 0x00, 0x00, 0x00, 0x00, 0x00, 0x00, 0x00,
  0x00, 0x00, 0x00, 0x00, 0x00, 0x00, 0x00, 0x00, 0x00, 0x00, 0x00, 0x00,
  0x00, 0x00, 0x00, 0x00, 0x00, 0x00, 0x00, 0x00, 0x00, 0x00, 0x00, 0x00,
  0x00, 0x00, 0x00, 0x00, 0x00, 0x00, 0x00, 0x00, 0x00, 0x00, 0x00, 0x00,
  0x00, 0x00, 0x00, 0x00, 0x00, 0x00, 0x00, 0x00, 0x00, 0x00, 0x00, 0x00,
  0x00, 0x00, 0x00, 0x00, 0x00, 0x00, 0x00, 0x00, 0x00, 0x00, 0x00, 0x00,
  0x00, 0x00, 0x00, 0x00, 0x00, 0x00, 0x00, 0x00, 0x00, 0x00, 0x00, 0x00,
  0x00, 0x00, 0x00, 0x00, 0x00, 0x00, 0x00, 0x00, 0x00, 0x00, 0x00, 0x00,
  0x00, 0x00, 0x00, 0x00, 0x00, 0x00, 0x00, 0x00, 0x00, 0x00, 0x00, 0x00,
  0x00, 0x00, 0x00, 0x00, 0x00, 0x00, 0x00, 0x00, 0x00, 0x00, 0x00, 0x00,
  0x00, 0x00, 0x00, 0x00, 0x00, 0x00, 0x00, 0x00, 0x00, 0x00, 0x00, 0x00,
  0x00, 0x00, 0x00, 0x00, 0x00, 0x00, 0x00, 0x00, 0x00, 0x00, 0x00, 0x00,
  0x00, 0x00, 0x00, 0x00, 0x00, 0x00, 0x00, 0x00, 0x00, 0x00, 0x00, 0x00,
  0x00, 0x00, 0x00, 0x00, 0x00, 0x00, 0x00, 0x00, 0x00, 0x00, 0x00, 0x00,
  0x00, 0x00, 0x00, 0x00, 0x00, 0x00, 0x00, 0x00, 0x00, 0x00, 0x00, 0x00,
  0x00, 0x00, 0x00, 0x00, 0x00, 0x00, 0x00, 0x00, 0x00, 0x00, 0x00, 0x00,
  0x00, 0x00, 0x00, 0x00, 0x00, 0x00, 0x00, 0x00, 0x00, 0x00, 0x00, 0x00,
  0x00, 0x00, 0x00, 0x00, 0x00, 0x00, 0x00, 0x00, 0x00, 0x00, 0x00, 0x00,
  0x00, 0x00, 0x00, 0x00, 0x00, 0x00, 0x00, 0x00, 0x00, 0x00, 0x00, 0x00,
  0x00, 0x00, 0x00, 0x00, 0x00, 0x00, 0x00, 0x00, 0x00, 0x00, 0x00, 0x00,
  0x00, 0x00, 0x00, 0x00, 0x00, 0x00, 0x00, 0x00, 0x00, 0x00, 0x00, 0x00,
  0x00, 0x00, 0x00, 0x00, 0x00, 0x00, 0x00, 0x00, 0x00, 0x00, 0x00, 0x00,
  0x00, 0x00, 0x00, 0x00, 0x00, 0x00, 0x00, 0x00, 0x00, 0x00, 0x00, 0x00,
  0x00, 0x00, 0x00, 0x00, 0x00, 0x00, 0x00, 0x00, 0x00, 0x00, 0x00, 0x00,
  0x00, 0x00, 0x00, 0x00, 0x00, 0x00, 0x00, 0x00, 0x00, 0x00, 0x00, 0x00,
  0x00, 0x00, 0x00, 0x00, 0x00, 0x00, 0x00, 0x00, 0x00, 0x00, 0x00, 0x00,
  0x00, 0x00, 0x00, 0x00, 0x00, 0x00, 0x00, 0x00, 0x00, 0x00, 0x00, 0x00,
  0x00, 0x00, 0x00, 0x00, 0x00, 0x00, 0x00, 0x00, 0x00, 0x00, 0x00, 0x00,
  0x00, 0x00, 0x00, 0x00, 0x00, 0x00, 0x00, 0x00, 0x00, 0x00, 0x00, 0x00,
  0x00, 0x00, 0x00, 0x00, 0x00, 0x00, 0x00, 0x00, 0x00, 0x00, 0x00, 0x00,
  0x00, 0x00, 0x00, 0x00, 0x00, 0x00, 0x00, 0x00, 0x00, 0x00, 0x00, 0x00,
  0x00, 0x00, 0x00, 0x00, 0x00, 0x00, 0x00, 0x00, 0x00, 0x00, 0x00, 0x00,
  0x00, 0x00, 0x00, 0x00, 0x00, 0x00, 0x00, 0x00, 0x00, 0x00, 0x00, 0x00,
  0x00, 0x00, 0x00, 0x00, 0x00, 0x00, 0x00, 0x00, 0x00, 0x00, 0x00, 0x00,
  0x00, 0x00, 0x00, 0x00, 0x00, 0x00, 0x00, 0x00, 0x00, 0x00, 0x00, 0x00,
  0x00, 0x00, 0x00, 0x00, 0x00, 0x00, 0x00, 0x00, 0x00, 0x00, 0x00, 0x00,
  0x00, 0x00, 0x00, 0x00, 0x00, 0x00, 0x00, 0x00, 0x00, 0x00, 0x00, 0x00,
  0x00, 0x00, 0x00, 0x00, 0x00, 0x00, 0x00, 0x00, 0x00, 0x00, 0x00, 0x00,
  0x00, 0x00, 0x00, 0x00, 0x00, 0x00, 0x00, 0x00, 0x00, 0x00, 0x00, 0x00,
  0x00, 0x00, 0x00, 0x00, 0x00, 0x00, 0x00, 0x00, 0x00, 0x00, 0x00, 0x00,
  0x00, 0x00, 0x00, 0x00, 0x00, 0x00, 0x00, 0x00, 0x00, 0x00, 0x00, 0x00,
  0x00, 0x00, 0x00, 0x00, 0x00, 0x00, 0x00, 0x00, 0x00, 0x00, 0x00, 0x00,
  0x00, 0x00, 0x00, 0x00, 0x00, 0x00, 0x00, 0x00, 0x00, 0x00, 0x00, 0x00,
  0x00, 0x00, 0x00, 0x00, 0x00, 0x00, 0x00, 0x00, 0x00, 0x00, 0x00, 0x00,
  0x00, 0x00, 0x00, 0x00, 0x00, 0x00, 0x00, 0x00, 0x00, 0x00, 0x00, 0x00,
  0x00, 0x00, 0x00, 0x00, 0x00, 0x00, 0x00, 0x00, 0x00, 0x00, 0x00, 0x00,
  0x00, 0x00, 0x00, 0x00, 0x00, 0x00, 0x00, 0x00, 0x00, 0x00, 0x00, 0x00,
  0x00, 0x00, 0x00, 0x00, 0x00, 0x00, 0x00, 0x00, 0x00, 0x00, 0x00, 0x00,
  0x00, 0x00, 0x00, 0x00, 0x00, 0x00, 0x00, 0x00, 0x00, 0x00, 0x00, 0x00,
  0x00, 0x00, 0x00, 0x00, 0x00, 0x00, 0x00, 0x00, 0x00, 0x00, 0x00, 0x00,
  0x00, 0x00, 0x00, 0x00, 0x00, 0x00, 0x00, 0x00, 0x00, 0x00, 0x00, 0x00,
  0x00, 0x00, 0x00, 0x00, 0x00, 0x00, 0x00, 0x00, 0x00, 0x00, 0x00, 0x00,
  0x00, 0x00, 0x00, 0x00, 0x00, 0x00, 0x00, 0x00, 0x00, 0x00, 0x00, 0x00,
  0x00, 0x00, 0x00, 0x00, 0x00, 0x00, 0x00, 0x00, 0x00, 0x00, 0x00, 0x00,
  0x00, 0x00, 0x00, 0x00, 0x00, 0x00, 0x00, 0x00, 0x00, 0x00, 0x00, 0x00,
  0x00, 0x00, 0x00, 0x00, 0x00, 0x00, 0x00, 0x00, 0x00, 0x00, 0x00, 0x00,
  0x00, 0x00, 0x00, 0x00, 0x00, 0x00, 0x00, 0x00, 0x00, 0x00, 0x00, 0x00,
  0x00, 0x00, 0x00, 0x00, 0x00, 0x00, 0x00, 0x00, 0x00, 0x00, 0x00, 0x00,
  0x00, 0x00, 0x00, 0x00, 0x00, 0x00, 0x00, 0x00, 0x00, 0x00, 0x00, 0x00,
  0x00, 0x00, 0x00, 0x00, 0x00, 0x00, 0x00, 0x00, 0x00, 0x00, 0x00, 0x00,
  0x00, 0x00, 0x00, 0x00, 0x00, 0x00, 0x00, 0x00, 0x00, 0x00, 0x00, 0x00,
  0x00, 0x00, 0x00, 0x00, 0x00, 0x00, 0x00, 0x00, 0x00, 0x00, 0x00, 0x00,
  0x00, 0x00, 0x00, 0x00, 0x00, 0x00, 0x00, 0x00, 0x00, 0x00, 0x00, 0x00,
  0x00, 0x00, 0x00, 0x00, 0x00, 0x00, 0x00, 0x00, 0x00, 0x00, 0x00, 0x00,
  0x00, 0x00, 0x00, 0x00, 0x00, 0x00, 0x00, 0x00, 0x00, 0x00, 0x00, 0x00,
  0x00, 0x00, 0x00, 0x00, 0x00, 0x00, 0x00, 0x00, 0x00, 0x00, 0x00, 0x00,
  0x00, 0x00, 0x00, 0x00, 0x00, 0x00, 0x00, 0x00, 0x00, 0x00, 0x00, 0x00,
  0x00, 0x00, 0x00, 0x00, 0x00, 0x00, 0x00, 0x00, 0x00, 0x00, 0x00, 0x00,
  0x00, 0x00, 0x00, 0x00, 0x00, 0x00, 0x00, 0x00, 0x00, 0x00, 0x00, 0x00,
  0x00, 0x00, 0x00, 0x00, 0x00, 0x00, 0x00, 0x00, 0x00, 0x00, 0x00, 0x00,
  0x00, 0x00, 0x00, 0x00, 0x00, 0x00, 0x00, 0x00, 0x00, 0x00, 0x00, 0x00,
  0x00, 0x00, 0x00, 0x00, 0x00, 0x00, 0x00, 0x00, 0x00, 0x00, 0x00, 0x00,
  0x00, 0x00, 0x00, 0x00, 0x00, 0x00, 0x00, 0x00, 0x00, 0x00, 0x00, 0x00,
  0x00, 0x00, 0x00, 0x00, 0x00, 0x00, 0x00, 0x00, 0x00, 0x00, 0x00, 0x00,
  0x00, 0x00, 0x00, 0x00, 0x00, 0x00, 0x00, 0x00, 0x00, 0x00, 0x00, 0x00,
  0x00, 0x00, 0x00, 0x00, 0x00, 0x00, 0x00, 0x00, 0x00, 0x00, 0x00, 0x00,
  0x00, 0x00, 0x00, 0x00, 0x00, 0x00, 0x00, 0x00, 0x00, 0x00, 0x00, 0x00,
  0x00, 0x00, 0x00, 0x00, 0x00, 0x00, 0x00, 0x00, 0x00, 0x00, 0x00, 0x00,
  0x00, 0x00, 0x00, 0x00, 0x00, 0x00, 0x00, 0x00, 0x00, 0x00, 0x00, 0x00,
  0x00, 0x00, 0x00, 0x00, 0x00, 0x00, 0x00, 0x00, 0x00, 0x00, 0x00, 0x00,
  0x00, 0x00, 0x00, 0x00, 0x00, 0x00, 0x00, 0x00, 0x00, 0x00, 0x00, 0x00,
  0x00, 0x00, 0x00, 0x00, 0x00, 0x00, 0x00, 0x00, 0x00, 0x00, 0x00, 0x00,
  0x00, 0x00, 0x00, 0x00, 0x00, 0x00, 0x00, 0x00, 0x00, 0x00, 0x00, 0x00,
  0x00, 0x00, 0x00, 0x00, 0x00, 0x00, 0x00, 0x00, 0x00, 0x00, 0x00, 0x00,
  0x00, 0x00, 0x00, 0x00, 0x00, 0x00, 0x00, 0x00, 0x00, 0x00, 0x00, 0x00,
  0x00, 0x00, 0x00, 0x00, 0x00, 0x00, 0x00, 0x00, 0x00, 0x00, 0x00, 0x00,
  0x00, 0x00, 0x00, 0x00, 0x00, 0x00, 0x00, 0x00, 0x00, 0x00, 0x00, 0x00,
  0x00, 0x00, 0x00, 0x00, 0x00, 0x00, 0x00, 0x00, 0x00, 0x00, 0x00, 0x00,
  0x00, 0x00, 0x00, 0x00, 0x00, 0x00, 0x00, 0x00, 0x00, 0x00, 0x00, 0x00,
  0x00, 0x00, 0x00, 0x00, 0x00, 0x00, 0x00, 0x00, 0x00, 0x00, 0x00, 0x00,
  0x00, 0x00, 0x00, 0x00, 0x00, 0x00, 0x00, 0x00, 0x00, 0x00, 0x00, 0x00,
  0x00, 0x00, 0x00, 0x00, 0x00, 0x00, 0x00, 0x00, 0x00, 0x00, 0x00, 0x00,
  0x00, 0x00, 0x00, 0x00, 0x00, 0x00, 0x00, 0x00, 0x00, 0x00, 0x00, 0x00,
  0x00, 0x00, 0x00, 0x00, 0x00, 0x00, 0x00, 0x00, 0x00, 0x00, 0x00, 0x00,
  0x00, 0x00, 0x00, 0x00, 0x00, 0x00, 0x00, 0x00, 0x00, 0x00, 0x00, 0x00,
  0x00, 0x00, 0x00, 0x00, 0x00, 0x00, 0x00, 0x00, 0x00, 0x00, 0x00, 0x00,
  0x00, 0x00, 0x00, 0x00, 0x00, 0x00, 0x00, 0x00, 0x00, 0x00, 0x00, 0x00,
  0x00, 0x00, 0x00, 0x00, 0x00, 0x00, 0x00, 0x00, 0x00, 0x00, 0x00, 0x00,
  0x00, 0x00, 0x00, 0x00, 0x00, 0x00, 0x00, 0x00, 0x00, 0x00, 0x00, 0x00,
  0x00, 0x00, 0x00, 0x00, 0x00, 0x00, 0x00, 0x00, 0x00, 0x00, 0x00, 0x00,
  0x00, 0x00, 0x00, 0x00, 0x00, 0x00, 0x00, 0x00, 0x00, 0x00, 0x00, 0x00,
  0x00, 0x00, 0x00, 0x00, 0x00, 0x00, 0x00, 0x00, 0x00, 0x00, 0x00, 0x00,
  0x00, 0x00, 0x00, 0x00, 0x00, 0x00, 0x00, 0x00, 0x00, 0x00, 0x00, 0x00,
  0x00, 0x00, 0x00, 0x00, 0x00, 0x00, 0x00, 0x00, 0x00, 0x00, 0x00, 0x00,
  0x00, 0x00, 0x00, 0x00, 0x00, 0x00, 0x00, 0x00, 0x00, 0x00, 0x00, 0x00,
  0x00, 0x00, 0x00, 0x00, 0x00, 0x00, 0x00, 0x00, 0x00, 0x00, 0x00, 0x00,
  0x00, 0x00, 0x00, 0x00, 0x00, 0x00, 0x00, 0x00, 0x00, 0x00, 0x00, 0x00,
  0x00, 0x00, 0x00, 0x00, 0x00, 0x00, 0x00, 0x00, 0x00, 0x00, 0x00, 0x00,
  0x00, 0x00, 0x00, 0x00, 0x00, 0x00, 0x00, 0x00, 0x00, 0x00, 0x00, 0x00,
  0x00, 0x00, 0x00, 0x00, 0x00, 0x00, 0x00, 0x00, 0x00, 0x00, 0x00, 0x00,
  0x00, 0x00, 0x00, 0x00, 0x00, 0x00, 0x00, 0x00, 0x00, 0x00, 0x00, 0x00,
  0x00, 0x00, 0x00, 0x00, 0x00, 0x00, 0x00, 0x00, 0x00, 0x00, 0x00, 0x00,
  0x00, 0x00, 0x00, 0x00, 0x00, 0x00, 0x00, 0x00, 0x00, 0x00, 0x00, 0x00,
  0x00, 0x00, 0x00, 0x00, 0x00, 0x00, 0x00, 0x00, 0x00, 0x00, 0x00, 0x00,
  0x00, 0x00, 0x00, 0x00, 0x00, 0x00, 0x00, 0x00, 0x00, 0x00, 0x00, 0x00,
  0x00, 0x00, 0x00, 0x00, 0x00, 0x00, 0x00, 0x00, 0x00, 0x00, 0x00, 0x00,
  0x00, 0x00, 0x00, 0x00, 0x00, 0x00, 0x00, 0x00, 0x00, 0x00, 0x00, 0x00,
  0x00, 0x00, 0x00, 0x00, 0x00, 0x00, 0x00, 0x00, 0x00, 0x00, 0x00, 0x00,
  0x00, 0x00, 0x00, 0x00, 0x00, 0x00, 0x00, 0x00, 0x00, 0x00, 0x00, 0x00,
  0x00, 0x00, 0x00, 0x00, 0x00, 0x00, 0x00, 0x00, 0x00, 0x00, 0x00, 0x00,
  0x00, 0x00, 0x00, 0x00, 0x00, 0x00, 0x00, 0x00, 0x00, 0x00, 0x00, 0x00,
  0x00, 0x00, 0x00, 0x00, 0x00, 0x00, 0x00, 0x00, 0x00, 0x00, 0x00, 0x00,
  0x00, 0x00, 0x00, 0x00, 0x00, 0x00, 0x00, 0x00, 0x00, 0x00, 0x00, 0x00,
  0x00, 0x00, 0x00, 0x00, 0x00, 0x00, 0x00, 0x00, 0x00, 0x00, 0x00, 0x00,
  0x00, 0x00, 0x00, 0x00, 0x00, 0x00, 0x00, 0x00, 0x00, 0x00, 0x00, 0x00,
  0x00, 0x00, 0x00, 0x00, 0x00, 0x00, 0x00, 0x00, 0x00, 0x00, 0x00, 0x00,
  0x00, 0x00, 0x00, 0x00, 0x00, 0x00, 0x00, 0x00, 0x00, 0x00, 0x00, 0x00,
  0x00, 0x00, 0x00, 0x00, 0x00, 0x00, 0x00, 0x00, 0x00, 0x00, 0x00, 0x00,
  0x00, 0x00, 0x00, 0x00, 0x00, 0x00, 0x00, 0x00, 0x00, 0x00, 0x00, 0x00,
  0x00, 0x00, 0x00, 0x00, 0x00, 0x00, 0x00, 0x00, 0x00, 0x00, 0x00, 0x00,
  0x00, 0x00, 0x00, 0x00, 0x00, 0x00, 0x00, 0x00, 0x00, 0x00, 0x00, 0x00,
  0x00, 0x00, 0x00, 0x00, 0x00, 0x00, 0x00, 0x00, 0x00, 0x00, 0x00, 0x00,
  0x00, 0x00, 0x00, 0x00, 0x00, 0x00, 0x00, 0x00, 0x00, 0x00, 0x00, 0x00,
  0x00, 0x00, 0x00, 0x00, 0x00, 0x00, 0x00, 0x00, 0x00, 0x00, 0x00, 0x00,
  0x00, 0x00, 0x00, 0x00, 0x00, 0x00, 0x00, 0x00, 0x00, 0x00, 0x00, 0x00,
  0x00, 0x00, 0x00, 0x00, 0x00, 0x00, 0x00, 0x00, 0x00, 0x00, 0x00, 0x00,
  0x00, 0x00, 0x00, 0x00, 0x00, 0x00, 0x00, 0x00, 0x00, 0x00, 0x00, 0x00,
  0x00, 0x00, 0x00, 0x00, 0x00, 0x00, 0x00, 0x00, 0x00, 0x00, 0x00, 0x00,
  0x00, 0x00, 0x00, 0x00, 0x00, 0x00, 0x00, 0x00, 0x00, 0x00, 0x00, 0x00,
  0x00, 0x00, 0x00, 0x00, 0x00, 0x00, 0x00, 0x00, 0x00, 0x00, 0x00, 0x00,
  0x00, 0x00, 0x00, 0x00, 0x00, 0x00, 0x00, 0x00, 0x00, 0x00, 0x00, 0x00,
  0x00, 0x00, 0x00, 0x00, 0x00, 0x00, 0x00, 0x00, 0x00, 0x00, 0x00, 0x00,
  0x00, 0x00, 0x00, 0x00, 0x00, 0x00, 0x00, 0x00, 0x00, 0x00, 0x00, 0x00,
  0x00, 0x00, 0x00, 0x00, 0x00, 0x00, 0x00, 0x00, 0x00, 0x00, 0x00, 0x00,
  0x00, 0x00, 0x00, 0x00, 0x00, 0x00, 0x00, 0x00, 0x00, 0x00, 0x00, 0x00,
  0x00, 0x00, 0x00, 0x00, 0x00, 0x00, 0x00, 0x00, 0x00, 0x00, 0x00, 0x00,
  0x00, 0x00, 0x00, 0x00, 0x00, 0x00, 0x00, 0x00, 0x00, 0x00, 0x00, 0x00,
  0x00, 0x00, 0x00, 0x00, 0x00, 0x00, 0x00, 0x00, 0x00, 0x00, 0x00, 0x00,
  0x00, 0x00, 0x00, 0x00, 0x00, 0x00, 0x00, 0x00, 0x00, 0x00, 0x00, 0x00,
  0x00, 0x00, 0x00, 0x00, 0x00, 0x00, 0x00, 0x00, 0x00, 0x00, 0x00, 0x00,
  0x00, 0x00, 0x00, 0x00, 0x00, 0x00, 0x00, 0x00, 0x00, 0x00, 0x00, 0x00,
  0x00, 0x00, 0x00, 0x00, 0x00, 0x00, 0x00, 0x00, 0x00, 0x00, 0x00, 0x00,
  0x00, 0x00, 0x00, 0x00, 0x00, 0x00, 0x00, 0x00, 0x00, 0x00, 0x00, 0x00,
  0x00, 0x00, 0x00, 0x00, 0x00, 0x00, 0x00, 0x00, 0x00, 0x00, 0x00, 0x00,
  0x00, 0x00, 0x00, 0x00, 0x00, 0x00, 0x00, 0x00, 0x00, 0x00, 0x00, 0x00,
  0x00, 0x00, 0x00, 0x00, 0x00, 0x00, 0x00, 0x00, 0x00, 0x00, 0x00, 0x00,
  0x00, 0x00, 0x00, 0x00, 0x00, 0x00, 0x00, 0x00, 0x00, 0x00, 0x00, 0x00,
  0x00, 0x00, 0x00, 0x00, 0x00, 0x00, 0x00, 0x00, 0x00, 0x00, 0x00, 0x00,
  0x00, 0x00, 0x00, 0x00, 0x00, 0x00, 0x00, 0x00, 0x00, 0x00, 0x00, 0x00,
  0x00, 0x00, 0x00, 0x00, 0x00, 0x00, 0x00, 0x00, 0x00, 0x00, 0x00, 0x00,
  0x00, 0x00, 0x00, 0x00, 0x00, 0x00, 0x00, 0x00, 0x00, 0x00, 0x00, 0x00,
  0x00, 0x00, 0x00, 0x00, 0x00, 0x00, 0x00, 0x00, 0x00, 0x00, 0x00, 0x00,
  0x00, 0x00, 0x00, 0x00, 0x00, 0x00, 0x00, 0x00, 0x00, 0x00, 0x00, 0x00,
  0x00, 0x00, 0x00, 0x00, 0x00, 0x00, 0x00, 0x00, 0x00, 0x00, 0x00, 0x00,
  0x00, 0x00, 0x00, 0x00, 0x00, 0x00, 0x00, 0x00, 0x00, 0x00, 0x00, 0x00,
  0x00, 0x00, 0x00, 0x00, 0x00, 0x00, 0x00, 0x00, 0x00, 0x00, 0x00, 0x00,
  0x00, 0x00, 0x00, 0x00, 0x00, 0x00, 0x00, 0x00, 0x00, 0x00, 0x00, 0x00,
  0x00, 0x00, 0x00, 0x00, 0x00, 0x00, 0x00, 0x00, 0x00, 0x00, 0x00, 0x00,
  0x00, 0x00, 0x00, 0x00, 0x00, 0x00, 0x00, 0x00, 0x00, 0x00, 0x00, 0x00,
  0x00, 0x00, 0x00, 0x00, 0x00, 0x00, 0x00, 0x00, 0x00, 0x00, 0x00, 0x00,
  0x00, 0x00, 0x00, 0x00, 0x00, 0x00, 0x00, 0x00, 0x00, 0x00, 0x00, 0x00,
  0x00, 0x00, 0x00, 0x00, 0x00, 0x00, 0x00, 0x00, 0x00, 0x00, 0x00, 0x00,
  0x00, 0x00, 0x00, 0x00, 0x00, 0x00, 0x00, 0x00, 0x00, 0x00, 0x00, 0x00,
  0x00, 0x00, 0x00, 0x00, 0x00, 0x00, 0x00, 0x00, 0x00, 0x00, 0x00, 0x00,
  0x00, 0x00, 0x00, 0x00, 0x00, 0x00, 0x00, 0x00, 0x00, 0x00, 0x00, 0x00,
  0x00, 0x00, 0x00, 0x00, 0x00, 0x00, 0x00, 0x00, 0x00, 0x00, 0x00, 0x00,
  0x00, 0x00, 0x00, 0x00, 0x00, 0x00, 0x00, 0x00, 0x00, 0x00, 0x00, 0x00,
  0x00, 0x00, 0x00, 0x00, 0x00, 0x00, 0x00, 0x00, 0x00, 0x00, 0x00, 0x00,
  0x00, 0x00, 0x00, 0x00, 0x00, 0x00, 0x00, 0x00, 0x00, 0x00, 0x00, 0x00,
  0x00, 0x00, 0x00, 0x00, 0x00, 0x00, 0x00, 0x00, 0x00, 0x00, 0x00, 0x00,
  0x00, 0x00, 0x00, 0x00, 0x00, 0x00, 0x00, 0x00, 0x00, 0x00, 0x00, 0x00,
  0x00, 0x00, 0x00, 0x00, 0x00, 0x00, 0x00, 0x00, 0x00, 0x00, 0x00, 0x00,
  0x00, 0x00, 0x00, 0x00, 0x00, 0x00, 0x00, 0x00, 0x00, 0x00, 0x00, 0x00,
  0x00, 0x00, 0x00, 0x00, 0x00, 0x00, 0x00, 0x00, 0x00, 0x00, 0x00, 0x00,
  0x00, 0x00, 0x00, 0x00, 0x00, 0x00, 0x00, 0x00, 0x00, 0x00, 0x00, 0x00,
  0x00, 0x00, 0x00, 0x00, 0x00, 0x00, 0x00, 0x00, 0x00, 0x00, 0x00, 0x00,
  0x00, 0x00, 0x00, 0x00, 0x00, 0x00, 0x00, 0x00, 0x00, 0x00, 0x00, 0x00,
  0x00, 0x00, 0x00, 0x00, 0x00, 0x00, 0x00, 0x00, 0x00, 0x00, 0x00, 0x00,
  0x00, 0x00, 0x00, 0x00, 0x00, 0x00, 0x00, 0x00, 0x00, 0x00, 0x00, 0x00,
  0x00, 0x00, 0x00, 0x00, 0x00, 0x00, 0x00, 0x00, 0x00, 0x00, 0x00, 0x00,
  0x00, 0x00, 0x00, 0x00, 0x00, 0x00, 0x00, 0x00, 0x00, 0x00, 0x00, 0x00,
  0x00, 0x00, 0x00, 0x00, 0x00, 0x00, 0x00, 0x00, 0x00, 0x00, 0x00, 0x00,
  0x00, 0x00, 0x00, 0x00, 0x00, 0x00, 0x00, 0x00, 0x00, 0x00, 0x00, 0x00,
  0x00, 0x00, 0x00, 0x00, 0x00, 0x00, 0x00, 0x00, 0x00, 0x00, 0x00, 0x00,
  0x00, 0x00, 0x00, 0x00, 0x00, 0x00, 0x00, 0x00, 0x00, 0x00, 0x00, 0x00,
  0x00, 0x00, 0x00, 0x00, 0x00, 0x00, 0x00, 0x00, 0x00, 0x00, 0x00, 0x00,
  0x00, 0x00, 0x00, 0x00, 0x00, 0x00, 0x00, 0x00, 0x00, 0x00, 0x00, 0x00,
  0x00, 0x00, 0x00, 0x00, 0x00, 0x00, 0x00, 0x00, 0x00, 0x00, 0x00, 0x00,
  0x00, 0x00, 0x00, 0x00, 0x00, 0x00, 0x00, 0x00, 0x00, 0x00, 0x00, 0x00,
  0x00, 0x00, 0x00, 0x00, 0x00, 0x00, 0x00, 0x00, 0x00, 0x00, 0x00, 0x00,
  0x00, 0x00, 0x00, 0x00, 0x00, 0x00, 0x00, 0x00, 0x00, 0x00, 0x00, 0x00,
  0x00, 0x00, 0x00, 0x00, 0x00, 0x00, 0x00, 0x00, 0x00, 0x00, 0x00, 0x00,
  0x00, 0x00, 0x00, 0x00, 0x00, 0x00, 0x00, 0x00, 0x00, 0x00, 0x00, 0x00,
  0x00, 0x00, 0x00, 0x00, 0x00, 0x00, 0x00, 0x00, 0x00, 0x00, 0x00, 0x00,
  0x00, 0x00, 0x00, 0x00, 0x00, 0x00, 0x00, 0x00, 0x00, 0x00, 0x00, 0x00,
  0x00, 0x00, 0x00, 0x00, 0x00, 0x00, 0x00, 0x00, 0x00, 0x00, 0x00, 0x00,
  0x00, 0x00, 0x00, 0x00, 0x00, 0x00, 0x00, 0x00, 0x00, 0x00, 0x00, 0x00,
  0x00, 0x00, 0x00, 0x00, 0x00, 0x00, 0x00, 0x00, 0x00, 0x00, 0x00, 0x00,
  0x00, 0x00, 0x00, 0x00, 0x00, 0x00, 0x00, 0x00, 0x00, 0x00, 0x00, 0x00,
  0x00, 0x00, 0x00, 0x00, 0x00, 0x00, 0x00, 0x00, 0x00, 0x00, 0x00, 0x00,
  0x00, 0x00, 0x00, 0x00, 0x00, 0x00, 0x00, 0x00, 0x00, 0x00, 0x00, 0x00,
  0x00, 0x00, 0x00, 0x00, 0x00, 0x00, 0x00, 0x00, 0x00, 0x00, 0x00, 0x00,
  0x00, 0x00, 0x00, 0x00, 0x00, 0x00, 0x00, 0x00, 0x00, 0x00, 0x00, 0x00,
  0x00, 0x00, 0x00, 0x00, 0x00, 0x00, 0x00, 0x00, 0x00, 0x00, 0x00, 0x00,
  0x00, 0x00, 0x00, 0x00, 0x00, 0x00, 0x00, 0x00, 0x00, 0x00, 0x00, 0x00,
  0x00, 0x00, 0x00, 0x00, 0x00, 0x00, 0x00, 0x00, 0x00, 0x00, 0x00, 0x00,
  0x00, 0x00, 0x00, 0x00, 0x00, 0x00, 0x00, 0x00, 0x00, 0x00, 0x00, 0x00,
  0x00, 0x00, 0x00, 0x00, 0x00, 0x00, 0x00, 0x00, 0x00, 0x00, 0x00, 0x00,
  0x00, 0x00, 0x00, 0x00, 0x00, 0x00, 0x00, 0x00, 0x00, 0x00, 0x00, 0x00,
  0x00, 0x00, 0x00, 0x00, 0x00, 0x00, 0x00, 0x00, 0x00, 0x00, 0x00, 0x00,
  0x00, 0x00, 0x00, 0x00, 0x00, 0x00, 0x00, 0x00, 0x00, 0x00, 0x00, 0x00,
  0x00, 0x00, 0x00, 0x00, 0x00, 0x00, 0x00, 0x00, 0x00, 0x00, 0x00, 0x00,
  0x00, 0x00, 0x00, 0x00, 0x00, 0x00, 0x00, 0x00, 0x00, 0x00, 0x00, 0x00,
  0x00, 0x00, 0x00, 0x00, 0x00, 0x00, 0x00, 0x00, 0x00, 0x00, 0x00, 0x00,
  0x00, 0x00, 0x00, 0x00, 0x00, 0x00, 0x00, 0x00, 0x00, 0x00, 0x00, 0x00,
  0x00, 0x00, 0x00, 0x00, 0x00, 0x00, 0x00, 0x00, 0x00, 0x00, 0x00, 0x00,
  0x00, 0x00, 0x00, 0x00, 0x00, 0x00, 0x00, 0x00, 0x00, 0x00, 0x00, 0x00,
  0x00, 0x00, 0x00, 0x00, 0x00, 0x00, 0x00, 0x00, 0x00, 0x00, 0x00, 0x00,
  0x00, 0x00, 0x00, 0x00, 0x00, 0x00, 0x00, 0x00, 0x00, 0x00, 0x00, 0x00,
  0x00, 0x00, 0x00, 0x00, 0x00, 0x00, 0x00, 0x00, 0x00, 0x00, 0x00, 0x00,
  0x00, 0x00, 0x00, 0x00, 0x00, 0x00, 0x00, 0x00, 0x00, 0x00, 0x00, 0x00,
  0x00, 0x00, 0x00, 0x00, 0x00, 0x00, 0x00, 0x00, 0x00, 0x00, 0x00, 0x00,
  0x00, 0x00, 0x00, 0x00, 0x00, 0x00, 0x00, 0x00, 0x00, 0x00, 0x00, 0x00,
  0x00, 0x00, 0x00, 0x00, 0x00, 0x00, 0x00, 0x00, 0x00, 0x00, 0x00, 0x00,
  0x00, 0x00, 0x00, 0x00, 0x00, 0x00, 0x00, 0x00, 0x00, 0x00, 0x00, 0x00,
  0x00, 0x00, 0x00, 0x00, 0x00, 0x00, 0x00, 0x00, 0x00, 0x00, 0x00, 0x00,
  0x00, 0x00, 0x00, 0x00, 0x00, 0x00, 0x00, 0x00, 0x00, 0x00, 0x00, 0x00,
  0x00, 0x00, 0x00, 0x00, 0x00, 0x00, 0x00, 0x00, 0x00, 0x00, 0x00, 0x00,
  0x00, 0x00, 0x00, 0x00, 0x00, 0x00, 0x00, 0x00, 0x00, 0x00, 0x00, 0x00,
  0x00, 0x00, 0x00, 0x00, 0x00, 0x00, 0x00, 0x00, 0x00, 0x00, 0x00, 0x00,
  0x00, 0x00, 0x00, 0x00, 0x00, 0x00, 0x00, 0x00, 0x00, 0x00, 0x00, 0x00,
  0x00, 0x00, 0x00, 0x00, 0x00, 0x00, 0x00, 0x00, 0x00, 0x00, 0x00, 0x00,
  0x00, 0x00, 0x00, 0x00, 0x00, 0x00, 0x00, 0x00, 0x00, 0x00, 0x00, 0x00,
  0x00, 0x00, 0x00, 0x00, 0x00, 0x00, 0x00, 0x00, 0x00, 0x00, 0x00, 0x00,
  0x00, 0x00, 0x00, 0x00, 0x00, 0x00, 0x00, 0x00, 0x00, 0x00, 0x00, 0x00,
  0x00, 0x00, 0x00, 0x00, 0x00, 0x00, 0x00, 0x00, 0x00, 0x00, 0x00, 0x00,
  0x00, 0x00, 0x00, 0x00, 0x00, 0x00, 0x00, 0x00, 0x00, 0x00, 0x00, 0x00,
  0x00, 0x00, 0x00, 0x00, 0x00, 0x00, 0x00, 0x00, 0x00, 0x00, 0x00, 0x00,
  0x00, 0x00, 0x00, 0x00, 0x00, 0x00, 0x00, 0x00, 0x00, 0x00, 0x00, 0x00,
  0x00, 0x00, 0x00, 0x00, 0x00, 0x00, 0x00, 0x00, 0x00, 0x00, 0x00, 0x00,
  0x00, 0x00, 0x00, 0x00, 0x00, 0x00, 0x00, 0x00, 0x00, 0x00, 0x00, 0x00,
  0x00, 0x00, 0x00, 0x00, 0x00, 0x00, 0x00, 0x00, 0x00, 0x00, 0x00, 0x00,
  0x00, 0x00, 0x00, 0x00, 0x00, 0x00, 0x00, 0x00, 0x00, 0x00, 0x00, 0x00,
  0x00, 0x00, 0x00, 0x00, 0x00, 0x00, 0x00, 0x00, 0x00, 0x00, 0x00, 0x00,
  0x00, 0x00, 0x00, 0x00, 0x00, 0x00, 0x00, 0x00, 0x00, 0x00, 0x00, 0x00,
  0x00, 0x00, 0x00, 0x00, 0x00, 0x00, 0x00, 0x00, 0x00, 0x00, 0x00, 0x00,
  0x00, 0x00, 0x00, 0x00, 0x00, 0x00, 0x00, 0x00, 0x00, 0x00, 0x00, 0x00,
  0x00, 0x00, 0x00, 0x00, 0x00, 0x00, 0x00, 0x00, 0x00, 0x00, 0x00, 0x00,
  0x00, 0x00, 0x00, 0x00, 0x00, 0x00, 0x00, 0x00, 0x00, 0x00, 0x00, 0x00,
  0x00, 0x00, 0x00, 0x00, 0x00, 0x00, 0x00, 0x00, 0x00, 0x00, 0x00, 0x00,
  0x00, 0x00, 0x00, 0x00, 0x00, 0x00, 0x00, 0x00, 0x00, 0x00, 0x00, 0x00,
  0x00, 0x00, 0x00, 0x00, 0x00, 0x00, 0x00, 0x00, 0x00, 0x00, 0x00, 0x00,
  0x00, 0x00, 0x00, 0x00, 0x00, 0x00, 0x00, 0x00, 0x00, 0x00, 0x00, 0x00,
  0x00, 0x00, 0x00, 0x00, 0x00, 0x00, 0x00, 0x00, 0x00, 0x00, 0x00, 0x00,
  0x00, 0x00, 0x00, 0x00, 0x00, 0x00, 0x00, 0x00, 0x00, 0x00, 0x00, 0x00,
  0x00, 0x00, 0x00, 0x00, 0x00, 0x00, 0x00, 0x00, 0x00, 0x00, 0x00, 0x00,
  0x00, 0x00, 0x00, 0x00, 0x00, 0x00, 0x00, 0x00, 0x00, 0x00, 0x00, 0x00,
  0x00, 0x00, 0x00, 0x00, 0x00, 0x00, 0x00, 0x00, 0x00, 0x00, 0x00, 0x00,
  0x00, 0x00, 0x00, 0x00, 0x00, 0x00, 0x00, 0x00, 0x00, 0x00, 0x00, 0x00,
  0x00, 0x00, 0x00, 0x00, 0x00, 0x00, 0x00, 0x00, 0x00, 0x00, 0x00, 0x00,
  0x00, 0x00, 0x00, 0x00, 0x00, 0x00, 0x00, 0x00, 0x00, 0x00, 0x00, 0x00,
  0x00, 0x00, 0x00, 0x00, 0x00, 0x00, 0x00, 0x00, 0x00, 0x00, 0x00, 0x00,
  0x00, 0x00, 0x00, 0x00, 0x00, 0x00, 0x00, 0x00, 0x00, 0x00, 0x00, 0x00,
  0x00, 0x00, 0x00, 0x00, 0x00, 0x00, 0x00, 0x00, 0x00, 0x00, 0x00, 0x00,
  0x00, 0x00, 0x00, 0x00, 0x00, 0x00, 0x00, 0x00, 0x00, 0x00, 0x00, 0x00,
  0x00, 0x00, 0x00, 0x00, 0x00, 0x00, 0x00, 0x00, 0x00, 0x00, 0x00, 0x00,
  0x00, 0x00, 0x00, 0x00, 0x00, 0x00, 0x00, 0x00, 0x00, 0x00, 0x00, 0x00,
  0x00, 0x00, 0x00, 0x00, 0x00, 0x00, 0x00, 0x00, 0x00, 0x00, 0x00, 0x00,
  0x00, 0x00, 0x00, 0x00, 0x00, 0x00, 0x00, 0x00, 0x00, 0x00, 0x00, 0x00,
  0x00, 0x00, 0x00, 0x00, 0x00, 0x00, 0x00, 0x00, 0x00, 0x00, 0x00, 0x00,
  0x00, 0x00, 0x00, 0x00, 0x00, 0x00, 0x00, 0x00, 0x00, 0x00, 0x00, 0x00,
  0x00, 0x00, 0x00, 0x00, 0x00, 0x00, 0x00, 0x00, 0x00, 0x00, 0x00, 0x00,
  0x00, 0x00, 0x00, 0x00, 0x00, 0x00, 0x00, 0x00, 0x00, 0x00, 0x00, 0x00,
  0x00, 0x00, 0x00, 0x00, 0x00, 0x00, 0x00, 0x00, 0x00, 0x00, 0x00, 0x00,
  0x00, 0x00, 0x00, 0x00, 0x00, 0x00, 0x00, 0x00, 0x00, 0x00, 0x00, 0x00,
  0x00, 0x00, 0x00, 0x00, 0x00, 0x00, 0x00, 0x00, 0x00, 0x00, 0x00, 0x00,
  0x00, 0x00, 0x00, 0x00, 0x00, 0x00, 0x00, 0x00, 0x00, 0x00, 0x00, 0x00,
  0x00, 0x00, 0x00, 0x00, 0x00, 0x00, 0x00, 0x00, 0x00, 0x00, 0x00, 0x00,
  0x00, 0x00, 0x00, 0x00, 0x00, 0x00, 0x00, 0x00, 0x00, 0x00, 0x00, 0x00,
  0x00, 0x00, 0x00, 0x00, 0x00, 0x00, 0x00, 0x00, 0x00, 0x00, 0x00, 0x00,
  0x00, 0x00, 0x00, 0x00, 0x00, 0x00, 0x00, 0x00, 0x00, 0x00, 0x00, 0x00,
  0x00, 0x00, 0x00, 0x00, 0x00, 0x00, 0x00, 0x00, 0x00, 0x00, 0x00, 0x00,
  0x00, 0x00, 0x00, 0x00, 0x00, 0x00, 0x00, 0x00, 0x00, 0x00, 0x00, 0x00,
  0x00, 0x00, 0x00, 0x00, 0x00, 0x00, 0x00, 0x00, 0x00, 0x00, 0x00, 0x00,
  0x00, 0x00, 0x00, 0x00, 0x00, 0x00, 0x00, 0x00, 0x00, 0x00, 0x00, 0x00,
  0x00, 0x00, 0x00, 0x00, 0x00, 0x00, 0x00, 0x00, 0x00, 0x00, 0x00, 0x00,
  0x00, 0x00, 0x00, 0x00, 0x00, 0x00, 0x00, 0x00, 0x00, 0x00, 0x00, 0x00,
  0x00, 0x00, 0x00, 0x00, 0x00, 0x00, 0x00, 0x00, 0x00, 0x00, 0x00, 0x00,
  0x00, 0x00, 0x00, 0x00, 0x00, 0x00, 0x00, 0x00, 0x00, 0x00, 0x00, 0x00,
  0x00, 0x00, 0x00, 0x00, 0x00, 0x00, 0x00, 0x00, 0x00, 0x00, 0x00, 0x00,
  0x00, 0x00, 0x00, 0x00, 0x00, 0x00, 0x00, 0x00, 0x00, 0x00, 0x00, 0x00,
  0x00, 0x00, 0x00, 0x00, 0x00, 0x00, 0x00, 0x00, 0x00, 0x00, 0x00, 0x00,
  0x00, 0x00, 0x00, 0x00, 0x00, 0x00, 0x00, 0x00, 0x00, 0x00, 0x00, 0x00,
  0x00, 0x00, 0x00, 0x00, 0x00, 0x00, 0x00, 0x00, 0x00, 0x00, 0x00, 0x00,
  0x00, 0x00, 0x00, 0x00, 0x00, 0x00, 0x00, 0x00, 0x00, 0x00, 0x00, 0x00,
  0x00, 0x00, 0x00, 0x00, 0x00, 0x00, 0x00, 0x00, 0x00, 0x00, 0x00, 0x00,
  0x00, 0x00, 0x00, 0x00, 0x00, 0x00, 0x00, 0x00, 0x00, 0x00, 0x00, 0x00,
  0x00, 0x00, 0x00, 0x00, 0x00, 0x00, 0x00, 0x00, 0x00, 0x00, 0x00, 0x00,
  0x00, 0x00, 0x00, 0x00, 0x00, 0x00, 0x00, 0x00, 0x00, 0x00, 0x00, 0x00,
  0x00, 0x00, 0x00, 0x00, 0x00, 0x00, 0x00, 0x00, 0x00, 0x00, 0x00, 0x00,
  0x00, 0x00, 0x00, 0x00, 0x00, 0x00, 0x00, 0x00, 0x00, 0x00, 0x00, 0x00,
  0x00, 0x00, 0x00, 0x00, 0x00, 0x00, 0x00, 0x00, 0x00, 0x00, 0x00, 0x00,
  0x00, 0x00, 0x00, 0x00, 0x00, 0x00, 0x00, 0x00, 0x00, 0x00, 0x00, 0x00,
  0x00, 0x00, 0x00, 0x00, 0x00, 0x00, 0x00, 0x00, 0x00, 0x00, 0x00, 0x00,
  0x00, 0x00, 0x00, 0x00, 0x00, 0x00, 0x00, 0x00, 0x00, 0x00, 0x00, 0x00,
  0x00, 0x00, 0x00, 0x00, 0x00, 0x00, 0x00, 0x00, 0x00, 0x00, 0x00, 0x00,
  0x00, 0x00, 0x00, 0x00, 0x00, 0x00, 0x00, 0x00, 0x00, 0x00, 0x00, 0x00,
  0x00, 0x00, 0x00, 0x00, 0x00, 0x00, 0x00, 0x00, 0x00, 0x00, 0x00, 0x00,
  0x00, 0x00, 0x00, 0x00, 0x00, 0x00, 0x00, 0x00, 0x00, 0x00, 0x00, 0x00,
  0x00, 0x00, 0x00, 0x00, 0x00, 0x00, 0x00, 0x00, 0x00, 0x00, 0x00, 0x00,
  0x00, 0x00, 0x00, 0x00, 0x00, 0x00, 0x00, 0x00, 0x00, 0x00, 0x00, 0x00,
  0x00, 0x00, 0x00, 0x00, 0x00, 0x00, 0x00, 0x00, 0x00, 0x00, 0x00, 0x00,
  0x00, 0x00, 0x00, 0x00, 0x00, 0x00, 0x00, 0x00, 0x00, 0x00, 0x00, 0x00,
  0x00, 0x00, 0x00, 0x00, 0x00, 0x00, 0x00, 0x00, 0x00, 0x00, 0x00, 0x00,
  0x00, 0x00, 0x00, 0x00, 0x00, 0x00, 0x00, 0x00, 0x00, 0x00, 0x00, 0x00,
  0x00, 0x00, 0x00, 0x00, 0x00, 0x00, 0x00, 0x00, 0x00, 0x00, 0x00, 0x00,
  0x00, 0x00, 0x00, 0x00, 0x00, 0x00, 0x00, 0x00, 0x00, 0x00, 0x00, 0x00,
  0x00, 0x00, 0x00, 0x00, 0x00, 0x00, 0x00, 0x00, 0x00, 0x00, 0x00, 0x00,
  0x00, 0x00, 0x00, 0x00, 0x00, 0x00, 0x00, 0x00, 0x00, 0x00, 0x00, 0x00,
  0x00, 0x00, 0x00, 0x00, 0x00, 0x00, 0x00, 0x00, 0x00, 0x00, 0x00, 0x00,
  0x00, 0x00, 0x00, 0x00, 0x00, 0x00, 0x00, 0x00, 0x00, 0x00, 0x00, 0x00,
  0x00, 0x00, 0x00, 0x00, 0x00, 0x00, 0x00, 0x00, 0x00, 0x00, 0x00, 0x00,
  0x00, 0x00, 0x00, 0x00, 0x00, 0x00, 0x00, 0x00, 0x00, 0x00, 0x00, 0x00,
  0x00, 0x00, 0x00, 0x00, 0x00, 0x00, 0x00, 0x00, 0x00, 0x00, 0x00, 0x00,
  0x00, 0x00, 0x00, 0x00, 0x00, 0x00, 0x00, 0x00, 0x00, 0x00, 0x00, 0x00,
  0x00, 0x00, 0x00, 0x00, 0x00, 0x00, 0x00, 0x00, 0x00, 0x00, 0x00, 0x00,
  0x00, 0x00, 0x00, 0x00, 0x00, 0x00, 0x00, 0x00, 0x00, 0x00, 0x00, 0x00,
  0x00, 0x00, 0x00, 0x00, 0x00, 0x00, 0x00, 0x00, 0x00, 0x00, 0x00, 0x00,
  0x00, 0x00, 0x00, 0x00, 0x00, 0x00, 0x00, 0x00, 0x00, 0x00, 0x00, 0x00,
  0x00, 0x00, 0x00, 0x00, 0x00, 0x00, 0x00, 0x00, 0x00, 0x00, 0x00, 0x00,
  0x00, 0x00, 0x00, 0x00, 0x00, 0x00, 0x00, 0x00, 0x00, 0x00, 0x00, 0x00,
  0x00, 0x00, 0x00, 0x00, 0x00, 0x00, 0x00, 0x00, 0x00, 0x00, 0x00, 0x00,
  0x00, 0x00, 0x00, 0x00, 0x00, 0x00, 0x00, 0x00, 0x00, 0x00, 0x00, 0x00,
  0x00, 0x00, 0x00, 0x00, 0x00, 0x00, 0x00, 0x00, 0x00, 0x00, 0x00, 0x00,
  0x00, 0x00, 0x00, 0x00, 0x00, 0x00, 0x00, 0x00, 0x00, 0x00, 0x00, 0x00,
  0x00, 0x00, 0x00, 0x00, 0x00, 0x00, 0x00, 0x00, 0x00, 0x00, 0x00, 0x00,
  0x00, 0x00, 0x00, 0x00, 0x00, 0x00, 0x00, 0x00, 0x00, 0x00, 0x00, 0x00,
  0x00, 0x00, 0x00, 0x00, 0x00, 0x00, 0x00, 0x00, 0x00, 0x00, 0x00, 0x00,
  0x00, 0x00, 0x00, 0x00, 0x00, 0x00, 0x00, 0x00, 0x00, 0x00, 0x00, 0x00,
  0x00, 0x00, 0x00, 0x00, 0x00, 0x00, 0x00, 0x00, 0x00, 0x00, 0x00, 0x00,
  0x00, 0x00, 0x00, 0x00, 0x00, 0x00, 0x00, 0x00, 0x00, 0x00, 0x00, 0x00,
  0x00, 0x00, 0x00, 0x00, 0x00, 0x00, 0x00, 0x00, 0x00, 0x00, 0x00, 0x00,
  0x00, 0x00, 0x00, 0x00, 0x00, 0x00, 0x00, 0x00, 0x00, 0x00, 0x00, 0x00,
  0x00, 0x00, 0x00, 0x00, 0x00, 0x00, 0x00, 0x00, 0x00, 0x00, 0x00, 0x00,
  0x00, 0x00, 0x00, 0x00, 0x00, 0x00, 0x00, 0x00, 0x00, 0x00, 0x00, 0x00,
  0x00, 0x00, 0x00, 0x00, 0x00, 0x00, 0x00, 0x00, 0x00, 0x00, 0x00, 0x00,
  0x00, 0x00, 0x00, 0x00, 0x00, 0x00, 0x00, 0x00, 0x00, 0x00, 0x00, 0x00,
  0x00, 0x00, 0x00, 0x00, 0x00, 0x00, 0x00, 0x00, 0x00, 0x00, 0x00, 0x00,
  0x00, 0x00, 0x00, 0x00, 0x00, 0x00, 0x00, 0x00, 0x00, 0x00, 0x00, 0x00,
  0x00, 0x00, 0x00, 0x00, 0x00, 0x00, 0x00, 0x00, 0x00, 0x00, 0x00, 0x00,
  0x00, 0x00, 0x00, 0x00, 0x00, 0x00, 0x00, 0x00, 0x00, 0x00, 0x00, 0x00,
  0x00, 0x00, 0x00, 0x00, 0x00, 0x00, 0x00, 0x00, 0x00, 0x00, 0x00, 0x00,
  0x00, 0x00, 0x00, 0x00, 0x00, 0x00, 0x00, 0x00, 0x00, 0x00, 0x00, 0x00,
  0x00, 0x00, 0x00, 0x00, 0x00, 0x00, 0x00, 0x00, 0x00, 0x00, 0x00, 0x00,
  0x00, 0x00, 0x00, 0x00, 0x00, 0x00, 0x00, 0x00, 0x00, 0x00, 0x00, 0x00,
  0x00, 0x00, 0x00, 0x00, 0x00, 0x00, 0x00, 0x00, 0x00, 0x00, 0x00, 0x00,
  0x00, 0x00, 0x00, 0x00, 0x00, 0x00, 0x00, 0x00, 0x00, 0x00, 0x00, 0x00,
  0x00, 0x00, 0x00, 0x00, 0x00, 0x00, 0x00, 0x00, 0x00, 0x00, 0x00, 0x00,
  0x00, 0x00, 0x00, 0x00, 0x00, 0x00, 0x00, 0x00, 0x00, 0x00, 0x00, 0x00,
  0x00, 0x00, 0x00, 0x00, 0x00, 0x00, 0x00, 0x00, 0x00, 0x00, 0x00, 0x00,
  0x00, 0x00, 0x00, 0x00, 0x00, 0x00, 0x00, 0x00, 0x00, 0x00, 0x00, 0x00,
  0x00, 0x00, 0x00, 0x00, 0x00, 0x00, 0x00, 0x00, 0x00, 0x00, 0x00, 0x00,
  0x00, 0x00, 0x00, 0x00, 0x00, 0x00, 0x00, 0x00, 0x00, 0x00, 0x00, 0x00,
  0x00, 0x00, 0x00, 0x00, 0x00, 0x00, 0x00, 0x00, 0x00, 0x00, 0x00, 0x00,
  0x00, 0x00, 0x00, 0x00, 0x00, 0x00, 0x00, 0x00, 0x00, 0x00, 0x00, 0x00,
  0x00, 0x00, 0x00, 0x00, 0x00, 0x00, 0x00, 0x00, 0x00, 0x00, 0x00, 0x00,
  0x00, 0x00, 0x00, 0x00, 0x00, 0x00, 0x00, 0x00, 0x00, 0x00, 0x00, 0x00,
  0x00, 0x00, 0x00, 0x00, 0x00, 0x00, 0x00, 0x00, 0x00, 0x00, 0x00, 0x00,
  0x00, 0x00, 0x00, 0x00, 0x00, 0x00, 0x00, 0x00, 0x00, 0x00, 0x00, 0x00,
  0x00, 0x00, 0x00, 0x00, 0x00, 0x00, 0x00, 0x00, 0x00, 0x00, 0x00, 0x00,
  0x00, 0x00, 0x00, 0x00, 0x00, 0x00, 0x00, 0x00, 0x00, 0x00, 0x00, 0x00,
  0x00, 0x00, 0x00, 0x00, 0x00, 0x00, 0x00, 0x00, 0x00, 0x00, 0x00, 0x00,
  0x00, 0x00, 0x00, 0x00, 0x00, 0x00, 0x00, 0x00, 0x00, 0x00, 0x00, 0x00,
  0x00, 0x00, 0x00, 0x00, 0x00, 0x00, 0x00, 0x00, 0x00, 0x00, 0x00, 0x00,
  0x00, 0x00, 0x00, 0x00, 0x00, 0x00, 0x00, 0x00, 0x00, 0x00, 0x00, 0x00,
  0x00, 0x00, 0x00, 0x00, 0x00, 0x00, 0x00, 0x00, 0x00, 0x00, 0x00, 0x00,
  0x00, 0x00, 0x00, 0x00, 0x00, 0x00, 0x00, 0x00, 0x00, 0x00, 0x00, 0x00,
  0x00, 0x00, 0x00, 0x00, 0x00, 0x00, 0x00, 0x00, 0x00, 0x00, 0x00, 0x00,
  0x00, 0x00, 0x00, 0x00, 0x00, 0x00, 0x00, 0x00, 0x00, 0x00, 0x00, 0x00,
  0x00, 0x00, 0x00, 0x00, 0x00, 0x00, 0x00, 0x00, 0x00, 0x00, 0x00, 0x00,
  0x00, 0x00, 0x00, 0x00, 0x00, 0x00, 0x00, 0x00, 0x00, 0x00, 0x00, 0x00,
  0x00, 0x00, 0x00, 0x00, 0x00, 0x00, 0x00, 0x00, 0x00, 0x00, 0x00, 0x00,
  0x00, 0x00, 0x00, 0x00, 0x00, 0x00, 0x00, 0x00, 0x00, 0x00, 0x00, 0x00,
  0x00, 0x00, 0x00, 0x00, 0x00, 0x00, 0x00, 0x00, 0x00, 0x00, 0x00, 0x00,
  0x00, 0x00, 0x00, 0x00, 0x00, 0x00, 0x00, 0x00, 0x00, 0x00, 0x00, 0x00,
  0x00, 0x00, 0x00, 0x00, 0x00, 0x00, 0x00, 0x00, 0x00, 0x00, 0x00, 0x00,
  0x00, 0x00, 0x00, 0x00, 0x00, 0x00, 0x00, 0x00, 0x00, 0x00, 0x00, 0x00,
  0x00, 0x00, 0x00, 0x00, 0x00, 0x00, 0x00, 0x00, 0x00, 0x00, 0x00, 0x00,
  0x00, 0x00, 0x00, 0x00, 0x00, 0x00, 0x00, 0x00, 0x00, 0x00, 0x00, 0x00,
  0x00, 0x00, 0x00, 0x00, 0x00, 0x00, 0x00, 0x00, 0x00, 0x00, 0x00, 0x00,
  0x00, 0x00, 0x00, 0x00, 0x00, 0x00, 0x00, 0x00, 0x00, 0x00, 0x00, 0x00,
  0x00, 0x00, 0x00, 0x00, 0x00, 0x00, 0x00, 0x00, 0x00, 0x00, 0x00, 0x00,
  0x00, 0x00, 0x00, 0x00, 0x00, 0x00, 0x00, 0x00, 0x00, 0x00, 0x00, 0x00,
  0x00, 0x00, 0x00, 0x00, 0x00, 0x00, 0x00, 0x00, 0x00, 0x00, 0x00, 0x00,
  0x00, 0x00, 0x00, 0x00, 0x00, 0x00, 0x00, 0x00, 0x00, 0x00, 0x00, 0x00,
  0x00, 0x00, 0x00, 0x00, 0x00, 0x00, 0x00, 0x00, 0x00, 0x00, 0x00, 0x00,
  0x00, 0x00, 0x00, 0x00, 0x00, 0x00, 0x00, 0x00, 0x00, 0x00, 0x00, 0x00,
  0x00, 0x00, 0x00, 0x00, 0x00, 0x00, 0x00, 0x00, 0x00, 0x00, 0x00, 0x00,
  0x00, 0x00, 0x00, 0x00, 0x00, 0x00, 0x00, 0x00, 0x00, 0x00, 0x00, 0x00,
  0x00, 0x00, 0x00, 0x00, 0x00, 0x00, 0x00, 0x00, 0x00, 0x00, 0x00, 0x00,
  0x00, 0x00, 0x00, 0x00, 0x00, 0x00, 0x00, 0x00, 0x00, 0x00, 0x00, 0x00,
  0x00, 0x00, 0x00, 0x00, 0x00, 0x00, 0x00, 0x00, 0x00, 0x00, 0x00, 0x00,
  0x00, 0x00, 0x00, 0x00, 0x00, 0x00, 0x00, 0x00, 0x00, 0x00, 0x00, 0x00,
  0x00, 0x00, 0x00, 0x00, 0x00, 0x00, 0x00, 0x00, 0x00, 0x00, 0x00, 0x00,
  0x00, 0x00, 0x00, 0x00, 0x00, 0x00, 0x00, 0x00, 0x00, 0x00, 0x00, 0x00,
  0x00, 0x00, 0x00, 0x00, 0x00, 0x00, 0x00, 0x00, 0x00, 0x00, 0x00, 0x00,
  0x00, 0x00, 0x00, 0x00, 0x00, 0x00, 0x00, 0x00, 0x00, 0x00, 0x00, 0x00,
  0x00, 0x00, 0x00, 0x00, 0x00, 0x00, 0x00, 0x00, 0x00, 0x00, 0x00, 0x00,
  0x00, 0x00, 0x00, 0x00, 0x00, 0x00, 0x00, 0x00, 0x00, 0x00, 0x00, 0x00,
  0x00, 0x00, 0x00, 0x00, 0x00, 0x00, 0x00, 0x00, 0x00, 0x00, 0x00, 0x00,
  0x00, 0x00, 0x00, 0x00, 0x00, 0x00, 0x00, 0x00, 0x00, 0x00, 0x00, 0x00,
  0x00, 0x00, 0x00, 0x00, 0x00, 0x00, 0x00, 0x00, 0x00, 0x00, 0x00, 0x00,
  0x00, 0x00, 0x00, 0x00, 0x00, 0x00, 0x00, 0x00, 0x00, 0x00, 0x00, 0x00,
  0x00, 0x00, 0x00, 0x00, 0x00, 0x00, 0x00, 0x00, 0x00, 0x00, 0x00, 0x00,
  0x00, 0x00, 0x00, 0x00, 0x00, 0x00, 0x00, 0x00, 0x00, 0x00, 0x00, 0x00,
  0x00, 0x00, 0x00, 0x00, 0x00, 0x00, 0x00, 0x00, 0x00, 0x00, 0x00, 0x00,
  0x00, 0x00, 0x00, 0x00, 0x00, 0x00, 0x00, 0x00, 0x00, 0x00, 0x00, 0x00,
  0x00, 0x00, 0x00, 0x00, 0x00, 0x00, 0x00, 0x00, 0x00, 0x00, 0x00, 0x00,
  0x00, 0x00, 0x00, 0x00, 0x00, 0x00, 0x00, 0x00, 0x00, 0x00, 0x00, 0x00,
  0x00, 0x00, 0x00, 0x00, 0x00, 0x00, 0x00, 0x00, 0x00, 0x00, 0x00, 0x00,
  0x00, 0x00, 0x00, 0x00, 0x00, 0x00, 0x00, 0x00, 0x00, 0x00, 0x00, 0x00,
  0x00, 0x00, 0x00, 0x00, 0x00, 0x00, 0x00, 0x00, 0x00, 0x00, 0x00, 0x00,
  0x00, 0x00, 0x00, 0x00, 0x00, 0x00, 0x00, 0x00, 0x00, 0x00, 0x00, 0x00,
  0x00, 0x00, 0x00, 0x00, 0x00, 0x00, 0x00, 0x00, 0x00, 0x00, 0x00, 0x00,
  0x00, 0x00, 0x00, 0x00, 0x00, 0x00, 0x00, 0x00, 0x00, 0x00, 0x00, 0x00,
  0x00, 0x00, 0x00, 0x00, 0x00, 0x00, 0x00, 0x00, 0x00, 0x00, 0x00, 0x00,
  0x00, 0x00, 0x00, 0x00, 0x00, 0x00, 0x00, 0x00, 0x00, 0x00, 0x00, 0x00,
  0x00, 0x00, 0x00, 0x00, 0x00, 0x00, 0x00, 0x00, 0x00, 0x00, 0x00, 0x00,
  0x00, 0x00, 0x00, 0x00, 0x00, 0x00, 0x00, 0x00, 0x00, 0x00, 0x00, 0x00,
  0x00, 0x00, 0x00, 0x00, 0x00, 0x00, 0x00, 0x00, 0x00, 0x00, 0x00, 0x00,
  0x00, 0x00, 0x00, 0x00, 0x00, 0x00, 0x00, 0x00, 0x00, 0x00, 0x00, 0x00,
  0x00, 0x00, 0x00, 0x00, 0x00, 0x00, 0x00, 0x00, 0x00, 0x00, 0x00, 0x00,
  0x00, 0x00, 0x00, 0x00, 0x00, 0x00, 0x00, 0x00, 0x00, 0x00, 0x00, 0x00,
  0x00, 0x00, 0x00, 0x00, 0x00, 0x00, 0x00, 0x00, 0x00, 0x00, 0x00, 0x00,
  0x00, 0x00, 0x00, 0x00, 0x00, 0x00, 0x00, 0x00, 0x00, 0x00, 0x00, 0x00,
  0x00, 0x00, 0x00, 0x00, 0x00, 0x00, 0x00, 0x00, 0x00, 0x00, 0x00, 0x00,
  0x00, 0x00, 0x00, 0x00, 0x00, 0x00, 0x00, 0x00, 0x00, 0x00, 0x00, 0x00,
  0x00, 0x00, 0x00, 0x00, 0x00, 0x00, 0x00, 0x00, 0x00, 0x00, 0x00, 0x00,
  0x00, 0x00, 0x00, 0x00, 0x00, 0x00, 0x00, 0x00, 0x00, 0x00, 0x00, 0x00,
  0x00, 0x00, 0x00, 0x00, 0x00, 0x00, 0x00, 0x00, 0x00, 0x00, 0x00, 0x00,
  0x00, 0x00, 0x00, 0x00, 0x00, 0x00, 0x00, 0x00, 0x00, 0x00, 0x00, 0x00,
  0x00, 0x00, 0x00, 0x00, 0x00, 0x00, 0x00, 0x00, 0x00, 0x00, 0x00, 0x00,
  0x00, 0x00, 0x00, 0x00, 0x00, 0x00, 0x00, 0x00, 0x00, 0x00, 0x00, 0x00,
  0x00, 0x00, 0x00, 0x00, 0x00, 0x00, 0x00, 0x00, 0x00, 0x00, 0x00, 0x00,
  0x00, 0x00, 0x00, 0x00, 0x00, 0x00, 0x00, 0x00, 0x00, 0x00, 0x00, 0x00,
  0x00, 0x00, 0x00, 0x00, 0x00, 0x00, 0x00, 0x00, 0x00, 0x00, 0x00, 0x00,
  0x00, 0x00, 0x00, 0x00, 0x00, 0x00, 0x00, 0x00, 0x00, 0x00, 0x00, 0x00,
  0x00, 0x00, 0x00, 0x00, 0x00, 0x00, 0x00, 0x00, 0x00, 0x00, 0x00, 0x00,
  0x00, 0x00, 0x00, 0x00, 0x00, 0x00, 0x00, 0x00, 0x00, 0x00, 0x00, 0x00,
  0x00, 0x00, 0x00, 0x00, 0x00, 0x00, 0x00, 0x00, 0x00, 0x00, 0x00, 0x00,
  0x00, 0x00, 0x00, 0x00, 0x00, 0x00, 0x00, 0x00, 0x00, 0x00, 0x00, 0x00,
  0x00, 0x00, 0x00, 0x00, 0x00, 0x00, 0x00, 0x00, 0x00, 0x00, 0x00, 0x00,
  0x00, 0x00, 0x00, 0x00, 0x00, 0x00, 0x00, 0x00, 0x00, 0x00, 0x00, 0x00,
  0x00, 0x00, 0x00, 0x00, 0x00, 0x00, 0x00, 0x00, 0x00, 0x00, 0x00, 0x00,
  0x00, 0x00, 0x00, 0x00, 0x00, 0x00, 0x00, 0x00, 0x00, 0x00, 0x00, 0x00,
  0x00, 0x00, 0x00, 0x00, 0x00, 0x00, 0x00, 0x00, 0x00, 0x00, 0x00, 0x00,
  0x00, 0x00, 0x00, 0x00, 0x00, 0x00, 0x00, 0x00, 0x00, 0x00, 0x00, 0x00,
  0x00, 0x00, 0x00, 0x00, 0x00, 0x00, 0x00, 0x00, 0x00, 0x00, 0x00, 0x00,
  0x00, 0x00, 0x00, 0x00, 0x00, 0x00, 0x00, 0x00, 0x00, 0x00, 0x00, 0x00,
  0x00, 0x00, 0x00, 0x00, 0x00, 0x00, 0x00, 0x00, 0x00, 0x00, 0x00, 0x00,
  0x00, 0x00, 0x00, 0x00, 0x00, 0x00, 0x00, 0x00, 0x00, 0x00, 0x00, 0x00,
  0x00, 0x00, 0x00, 0x00, 0x00, 0x00, 0x00, 0x00, 0x00, 0x00, 0x00, 0x00,
  0x00, 0x00, 0x00, 0x00, 0x00, 0x00, 0x00, 0x00, 0x00, 0x00, 0x00, 0x00,
  0x00, 0x00, 0x00, 0x00, 0x00, 0x00, 0x00, 0x00, 0x00, 0x00, 0x00, 0x00,
  0x00, 0x00, 0x00, 0x00, 0x00, 0x00, 0x00, 0x00, 0x00, 0x00, 0x00, 0x00,
  0x00, 0x00, 0x00, 0x00, 0x00, 0x00, 0x00, 0x00, 0x00, 0x00, 0x00, 0x00,
  0x00, 0x00, 0x00, 0x00, 0x00, 0x00, 0x00, 0x00, 0x00, 0x00, 0x00, 0x00,
  0x00, 0x00, 0x00, 0x00, 0x00, 0x00, 0x00, 0x00, 0x00, 0x00, 0x00, 0x00,
  0x00, 0x00, 0x00, 0x00, 0x00, 0x00, 0x00, 0x00, 0x00, 0x00, 0x00, 0x00,
  0x00, 0x00, 0x00, 0x00, 0x00, 0x00, 0x00, 0x00, 0x00, 0x00, 0x00, 0x00,
  0x00, 0x00, 0x00, 0x00, 0x00, 0x00, 0x00, 0x00, 0x00, 0x00, 0x00, 0x00,
  0x00, 0x00, 0x00, 0x00, 0x00, 0x00, 0x00, 0x00, 0x00, 0x00, 0x00, 0x00,
  0x00, 0x00, 0x00, 0x00, 0x00, 0x00, 0x00, 0x00, 0x00, 0x00, 0x00, 0x00,
  0x00, 0x00, 0x00, 0x00, 0x00, 0x00, 0x00, 0x00, 0x00, 0x00, 0x00, 0x00,
  0x00, 0x00, 0x00, 0x00, 0x00, 0x00, 0x00, 0x00, 0x00, 0x00, 0x00, 0x00,
  0x00, 0x00, 0x00, 0x00, 0x00, 0x00, 0x00, 0x00, 0x00, 0x00, 0x00, 0x00,
  0x00, 0x00, 0x00, 0x00, 0x00, 0x00, 0x00, 0x00, 0x00, 0x00, 0x00, 0x00,
  0x00, 0x00, 0x00, 0x00, 0x00, 0x00, 0x00, 0x00, 0x00, 0x00, 0x00, 0x00,
  0x00, 0x00, 0x00, 0x00, 0x00, 0x00, 0x00, 0x00, 0x00, 0x00, 0x00, 0x00,
  0x00, 0x00, 0x00, 0x00, 0x00, 0x00, 0x00, 0x00, 0x00, 0x00, 0x00, 0x00,
  0x00, 0x00, 0x00, 0x00, 0x00, 0x00, 0x00, 0x00, 0x00, 0x00, 0x00, 0x00,
  0x00, 0x00, 0x00, 0x00, 0x00, 0x00, 0x00, 0x00, 0x00, 0x00, 0x00, 0x00,
  0x00, 0x00, 0x00, 0x00, 0x00, 0x00, 0x00, 0x00, 0x00, 0x00, 0x00, 0x00,
  0x00, 0x00, 0x00, 0x00, 0x00, 0x00, 0x00, 0x00, 0x00, 0x00, 0x00, 0x00,
  0x00, 0x00, 0x00, 0x00, 0x00, 0x00, 0x00, 0x00, 0x00, 0x00, 0x00, 0x00,
  0x00, 0x00, 0x00, 0x00, 0x00, 0x00, 0x00, 0x00, 0x00, 0x00, 0x00, 0x00,
  0x00, 0x00, 0x00, 0x00, 0x00, 0x00, 0x00, 0x00, 0x00, 0x00, 0x00, 0x00,
  0x00, 0x00, 0x00, 0x00, 0x00, 0x00, 0x00, 0x00, 0x00, 0x00, 0x00, 0x00,
  0x00, 0x00, 0x00, 0x00, 0x00, 0x00, 0x00, 0x00, 0x00, 0x00, 0x00, 0x00,
  0x00, 0x00, 0x00, 0x00, 0x00, 0x00, 0x00, 0x00, 0x00, 0x00, 0x00, 0x00,
  0x00, 0x00, 0x00, 0x00, 0x00, 0x00, 0x00, 0x00, 0x00, 0x00, 0x00, 0x00,
  0x00, 0x00, 0x00, 0x00, 0x00, 0x00, 0x00, 0x00, 0x00, 0x00, 0x00, 0x00,
  0x00, 0x00, 0x00, 0x00, 0x00, 0x00, 0x00, 0x00, 0x00, 0x00, 0x00, 0x00,
  0x00, 0x00, 0x00, 0x00, 0x00, 0x00, 0x00, 0x00, 0x00, 0x00, 0x00, 0x00,
  0x00, 0x00, 0x00, 0x00, 0x00, 0x00, 0x00, 0x00, 0x00, 0x00, 0x00, 0x00,
  0x00, 0x00, 0x00, 0x00, 0x00, 0x00, 0x00, 0x00, 0x00, 0x00, 0x00, 0x00,
  0x00, 0x00, 0x00, 0x00, 0x00, 0x00, 0x00, 0x00, 0x00, 0x00, 0x00, 0x00,
  0x00, 0x00, 0x00, 0x00, 0x00, 0x00, 0x00, 0x00, 0x00, 0x00, 0x00, 0x00,
  0x00, 0x00, 0x00, 0x00, 0x00, 0x00, 0x00, 0x00, 0x00, 0x00, 0x00, 0x00,
  0x00, 0x00, 0x00, 0x00, 0x00, 0x00, 0x00, 0x00, 0x00, 0x00, 0x00, 0x00,
  0x00, 0x00, 0x00, 0x00, 0x00, 0x00, 0x00, 0x00, 0x00, 0x00, 0x00, 0x00,
  0x00, 0x00, 0x00, 0x00, 0x00, 0x00, 0x00, 0x00, 0x00, 0x00, 0x00, 0x00,
  0x00, 0x00, 0x00, 0x00, 0x00, 0x00, 0x00, 0x00, 0x00, 0x00, 0x00, 0x00,
  0x00, 0x00, 0x00, 0x00, 0x00, 0x00, 0x00, 0x00, 0x00, 0x00, 0x00, 0x00,
  0x00, 0x00, 0x00, 0x00, 0x00, 0x00, 0x00, 0x00, 0x00, 0x00, 0x00, 0x00,
  0x00, 0x00, 0x00, 0x00, 0x00, 0x00, 0x00, 0x00, 0x00, 0x00, 0x00, 0x00,
  0x00, 0x00, 0x00, 0x00, 0x00, 0x00, 0x00, 0x00, 0x00, 0x00, 0x00, 0x00,
  0x00, 0x00, 0x00, 0x00, 0x00, 0x00, 0x00, 0x00, 0x00, 0x00, 0x00, 0x00,
  0x00, 0x00, 0x00, 0x00, 0x00, 0x00, 0x00, 0x00, 0x00, 0x00, 0x00, 0x00,
  0x00, 0x00, 0x00, 0x00, 0x00, 0x00, 0x00, 0x00, 0x00, 0x00, 0x00, 0x00,
  0x00, 0x00, 0x00, 0x00, 0x00, 0x00, 0x00, 0x00, 0x00, 0x00, 0x00, 0x00,
  0x00, 0x00, 0x00, 0x00, 0x00, 0x00, 0x00, 0x00, 0x00, 0x00, 0x00, 0x00,
  0x00, 0x00, 0x00, 0x00, 0x00, 0x00, 0x00, 0x00, 0x00, 0x00, 0x00, 0x00,
  0x00, 0x00, 0x00, 0x00, 0x00, 0x00, 0x00, 0x00, 0x00, 0x00, 0x00, 0x00,
  0x00, 0x00, 0x00, 0x00, 0x00, 0x00, 0x00, 0x00, 0x00, 0x00, 0x00, 0x00,
  0x00, 0x00, 0x00, 0x00, 0x00, 0x00, 0x00, 0x00, 0x00, 0x00, 0x00, 0x00,
  0x00, 0x00, 0x00, 0x00, 0x00, 0x00, 0x00, 0x00, 0x00, 0x00, 0x00, 0x00,
  0x00, 0x00, 0x00, 0x00, 0x00, 0x00, 0x00, 0x00, 0x00, 0x00, 0x00, 0x00,
  0x00, 0x00, 0x00, 0x00, 0x00, 0x00, 0x00, 0x00, 0x00, 0x00, 0x00, 0x00,
  0x00, 0x00, 0x00, 0x00, 0x00, 0x00, 0x00, 0x00, 0x00, 0x00, 0x00, 0x00,
  0x00, 0x00, 0x00, 0x00, 0x00, 0x00, 0x00, 0x00, 0x00, 0x00, 0x00, 0x00,
  0x00, 0x00, 0x00, 0x00, 0x00, 0x00, 0x00, 0x00, 0x00, 0x00, 0x00, 0x00,
  0x00, 0x00, 0x00, 0x00, 0x00, 0x00, 0x00, 0x00, 0x00, 0x00, 0x00, 0x00,
  0x00, 0x00, 0x00, 0x00, 0x00, 0x00, 0x00, 0x00, 0x00, 0x00, 0x00, 0x00,
  0x00, 0x00, 0x00, 0x00, 0x00, 0x00, 0x00, 0x00, 0x00, 0x00, 0x00, 0x00,
  0x00, 0x00, 0x00, 0x00, 0x00, 0x00, 0x00, 0x00, 0x00, 0x00, 0x00, 0x00,
  0x00, 0x00, 0x00, 0x00, 0x00, 0x00, 0x00, 0x00, 0x00, 0x00, 0x00, 0x00,
  0x00, 0x00, 0x00, 0x00, 0x00, 0x00, 0x00, 0x00, 0x00, 0x00, 0x00, 0x00,
  0x00, 0x00, 0x00, 0x00, 0x00, 0x00, 0x00, 0x00, 0x00, 0x00, 0x00, 0x00,
  0x00, 0x00, 0x00, 0x00, 0x00, 0x00, 0x00, 0x00, 0x00, 0x00, 0x00, 0x00,
  0x00, 0x00, 0x00, 0x00, 0x00, 0x00, 0x00, 0x00, 0x00, 0x00, 0x00, 0x00,
  0x00, 0x00, 0x00, 0x00, 0x00, 0x00, 0x00, 0x00, 0x00, 0x00, 0x00, 0x00,
  0x00, 0x00, 0x00, 0x00, 0x00, 0x00, 0x00, 0x00, 0x00, 0x00, 0x00, 0x00,
  0x00, 0x00, 0x00, 0x00, 0x00, 0x00, 0x00, 0x00, 0x00, 0x00, 0x00, 0x00,
  0x00, 0x00, 0x00, 0x00, 0x00, 0x00, 0x00, 0x00, 0x00, 0x00, 0x00, 0x00,
  0x00, 0x00, 0x00, 0x00, 0x00, 0x00, 0x00, 0x00, 0x00, 0x00, 0x00, 0x00,
  0x00, 0x00, 0x00, 0x00, 0x00, 0x00, 0x00, 0x00, 0x00, 0x00, 0x00, 0x00,
  0x00, 0x00, 0x00, 0x00, 0x00, 0x00, 0x00, 0x00, 0x00, 0x00, 0x00, 0x00,
  0x00, 0x00, 0x00, 0x00, 0x00, 0x00, 0x00, 0x00, 0x00, 0x00, 0x00, 0x00,
  0x00, 0x00, 0x00, 0x00, 0x00, 0x00, 0x00, 0x00, 0x00, 0x00, 0x00, 0x00,
  0x00, 0x00, 0x00, 0x00, 0x00, 0x00, 0x00, 0x00, 0x00, 0x00, 0x00, 0x00,
  0x00, 0x00, 0x00, 0x00, 0x00, 0x00, 0x00, 0x00, 0x00, 0x00, 0x00, 0x00,
  0x00, 0x00, 0x00, 0x00, 0x00, 0x00, 0x00, 0x00, 0x00, 0x00, 0x00, 0x00,
  0x00, 0x00, 0x00, 0x00, 0x00, 0x00, 0x00, 0x00, 0x00, 0x00, 0x00, 0x00,
  0x00, 0x00, 0x00, 0x00, 0x00, 0x00, 0x00, 0x00, 0x00, 0x00, 0x00, 0x00,
  0x00, 0x00, 0x00, 0x00, 0x00, 0x00, 0x00, 0x00, 0x00, 0x00, 0x00, 0x00,
  0x00, 0x00, 0x00, 0x00, 0x00, 0x00, 0x00, 0x00, 0x00, 0x00, 0x00, 0x00,
  0x00, 0x00, 0x00, 0x00, 0x00, 0x00, 0x00, 0x00, 0x00, 0x00, 0x00, 0x00,
  0x00, 0x00, 0x00, 0x00, 0x00, 0x00, 0x00, 0x00, 0x00, 0x00, 0x00, 0x00,
  0x00, 0x00, 0x00, 0x00, 0x00, 0x00, 0x00, 0x00, 0x00, 0x00, 0x00, 0x00,
  0x00, 0x00, 0x00, 0x00, 0x00, 0x00, 0x00, 0x00, 0x00, 0x00, 0x00, 0x00,
  0x00, 0x00, 0x00, 0x00, 0x00, 0x00, 0x00, 0x00, 0x00, 0x00, 0x00, 0x00,
  0x00, 0x00, 0x00, 0x00, 0x00, 0x00, 0x00, 0x00, 0x00, 0x00, 0x00, 0x00,
  0x00, 0x00, 0x00, 0x00, 0x00, 0x00, 0x00, 0x00, 0x00, 0x00, 0x00, 0x00,
  0x00, 0x00, 0x00, 0x00, 0x00, 0x00, 0x00, 0x00, 0x00, 0x00, 0x00, 0x00,
  0x00, 0x00, 0x00, 0x00, 0x00, 0x00, 0x00, 0x00, 0x00, 0x00, 0x00, 0x00,
  0x00, 0x00, 0x00, 0x00, 0x00, 0x00, 0x00, 0x00, 0x00, 0x00, 0x00, 0x00,
  0x00, 0x00, 0x00, 0x00, 0x00, 0x00, 0x00, 0x00, 0x00, 0x00, 0x00, 0x00,
  0x00, 0x00, 0x00, 0x00, 0x00, 0x00, 0x00, 0x00, 0x00, 0x00, 0x00, 0x00,
  0x00, 0x00, 0x00, 0x00, 0x00, 0x00, 0x00, 0x00, 0x00, 0x00, 0x00, 0x00,
  0x00, 0x00, 0x00, 0x00, 0x00, 0x00, 0x00, 0x00, 0x00, 0x00, 0x00, 0x00,
  0x00, 0x00, 0x00, 0x00, 0x00, 0x00, 0x00, 0x00, 0x00, 0x00, 0x00, 0x00,
  0x00, 0x00, 0x00, 0x00, 0x00, 0x00, 0x00, 0x00, 0x00, 0x00, 0x00, 0x00,
  0x00, 0x00, 0x00, 0x00, 0x00, 0x00, 0x00, 0x00, 0x00, 0x00, 0x00, 0x00,
  0x00, 0x00, 0x00, 0x00, 0x00, 0x00, 0x00, 0x00, 0x00, 0x00, 0x00, 0x00,
  0x00, 0x00, 0x00, 0x00, 0x00, 0x00, 0x00, 0x00, 0x00, 0x00, 0x00, 0x00,
  0x00, 0x00, 0x00, 0x00, 0x00, 0x00, 0x00, 0x00, 0x00, 0x00, 0x00, 0x00,
  0x00, 0x00, 0x00, 0x00, 0x00, 0x00, 0x00, 0x00, 0x00, 0x00, 0x00, 0x00,
  0x00, 0x00, 0x00, 0x00, 0x00, 0x00, 0x00, 0x00, 0x00, 0x00, 0x00, 0x00,
  0x00, 0x00, 0x00, 0x00, 0x00, 0x00, 0x00, 0x00, 0x00, 0x00, 0x00, 0x00,
  0x00, 0x00, 0x00, 0x00, 0x00, 0x00, 0x00, 0x00, 0x00, 0x00, 0x00, 0x00,
  0x00, 0x00, 0x00, 0x00, 0x00, 0x00, 0x00, 0x00, 0x00, 0x00, 0x00, 0x00,
  0x00, 0x00, 0x00, 0x00, 0x00, 0x00, 0x00, 0x00, 0x00, 0x00, 0x00, 0x00,
  0x00, 0x00, 0x00, 0x00, 0x00, 0x00, 0x00, 0x00, 0x00, 0x00, 0x00, 0x00,
  0x00, 0x00, 0x00, 0x00, 0x00, 0x00, 0x00, 0x00, 0x00, 0x00, 0x00, 0x00,
  0x00, 0x00, 0x00, 0x00, 0x00, 0x00, 0x00, 0x00, 0x00, 0x00, 0x00, 0x00,
  0x00, 0x00, 0x00, 0x00, 0x00, 0x00, 0x00, 0x00, 0x00, 0x00, 0x00, 0x00,
  0x00, 0x00, 0x00, 0x00, 0x00, 0x00, 0x00, 0x00, 0x00, 0x00, 0x00, 0x00,
  0x00, 0x00, 0x00, 0x00, 0x00, 0x00, 0x00, 0x00, 0x00, 0x00, 0x00, 0x00,
  0x00, 0x00, 0x00, 0x00, 0x00, 0x00, 0x00, 0x00, 0x00, 0x00, 0x00, 0x00,
  0x00, 0x00, 0x00, 0x00, 0x00, 0x00, 0x00, 0x00, 0x00, 0x00, 0x00, 0x00,
  0x00, 0x00, 0x00, 0x00, 0x00, 0x00, 0x00, 0x00, 0x00, 0x00, 0x00, 0x00,
  0x00, 0x00, 0x00, 0x00, 0x00, 0x00, 0x00, 0x00, 0x00, 0x00, 0x00, 0x00,
  0x00, 0x00, 0x00, 0x00, 0x00, 0x00, 0x00, 0x00, 0x00, 0x00, 0x00, 0x00,
  0x00, 0x00, 0x00, 0x00, 0x00, 0x00, 0x00, 0x00, 0x00, 0x00, 0x00, 0x00,
  0x00, 0x00, 0x00, 0x00, 0x00, 0x00, 0x00, 0x00, 0x00, 0x00, 0x00, 0x00,
  0x00, 0x00, 0x00, 0x00, 0x00, 0x00, 0x00, 0x00, 0x00, 0x00, 0x00, 0x00,
  0x00, 0x00, 0x00, 0x00, 0x00, 0x00, 0x00, 0x00, 0x00, 0x00, 0x00, 0x00,
  0x00, 0x00, 0x00, 0x00, 0x00, 0x00, 0x00, 0x00, 0x00, 0x00, 0x00, 0x00,
  0x00, 0x00, 0x00, 0x00, 0x00, 0x00, 0x00, 0x00, 0x00, 0x00, 0x00, 0x00,
  0x00, 0x00, 0x00, 0x00, 0x00, 0x00, 0x00, 0x00, 0x00, 0x00, 0x00, 0x00,
  0x00, 0x00, 0x00, 0x00, 0x00, 0x00, 0x00, 0x00, 0x00, 0x00, 0x00, 0x00,
  0x00, 0x00, 0x00, 0x00, 0x00, 0x00, 0x00, 0x00, 0x00, 0x00, 0x00, 0x00,
  0x00, 0x00, 0x00, 0x00, 0x00, 0x00, 0x00, 0x00, 0x00, 0x00, 0x00, 0x00,
  0x00, 0x00, 0x00, 0x00, 0x00, 0x00, 0x00, 0x00, 0x00, 0x00, 0x00, 0x00,
  0x00, 0x00, 0x00, 0x00, 0x00, 0x00, 0x00, 0x00, 0x00, 0x00, 0x00, 0x00,
  0x00, 0x00, 0x00, 0x00, 0x00, 0x00, 0x00, 0x00, 0x00, 0x00, 0x00, 0x00,
  0x00, 0x00, 0x00, 0x00, 0x00, 0x00, 0x00, 0x00, 0x00, 0x00, 0x00, 0x00,
  0x00, 0x00, 0x00, 0x00, 0x00, 0x00, 0x00, 0x00, 0x00, 0x00, 0x00, 0x00,
  0x00, 0x00, 0x00, 0x00, 0x00, 0x00, 0x00, 0x00, 0x00, 0x00, 0x00, 0x00,
  0x00, 0x00, 0x00, 0x00, 0x00, 0x00, 0x00, 0x00, 0x00, 0x00, 0x00, 0x00,
  0x00, 0x00, 0x00, 0x00, 0x00, 0x00, 0x00, 0x00, 0x00, 0x00, 0x00, 0x00,
  0x00, 0x00, 0x00, 0x00, 0x00, 0x00, 0x00, 0x00, 0x00, 0x00, 0x00, 0x00,
  0x00, 0x00, 0x00, 0x00, 0x00, 0x00, 0x00, 0x00, 0x00, 0x00, 0x00, 0x00,
  0x00, 0x00, 0x00, 0x00, 0x00, 0x00, 0x00, 0x00, 0x00, 0x00, 0x00, 0x00,
  0x00, 0x00, 0x00, 0x00, 0x00, 0x00, 0x00, 0x00, 0x00, 0x00, 0x00, 0x00,
  0x00, 0x00, 0x00, 0x00, 0x00, 0x00, 0x00, 0x00, 0x00, 0x00, 0x00, 0x00,
  0x00, 0x00, 0x00, 0x00, 0x00, 0x00, 0x00, 0x00, 0x00, 0x00, 0x00, 0x00,
  0x00, 0x00, 0x00, 0x00, 0x00, 0x00, 0x00, 0x00, 0x00, 0x00, 0x00, 0x00,
  0x00, 0x00, 0x00, 0x00, 0x00, 0x00, 0x00, 0x00, 0x00, 0x00, 0x00, 0x00,
  0x00, 0x00, 0x00, 0x00, 0x00, 0x00, 0x00, 0x00, 0x00, 0x00, 0x00, 0x00,
  0x00, 0x00, 0x00, 0x00, 0x00, 0x00, 0x00, 0x00, 0x00, 0x00, 0x00, 0x00,
  0x00, 0x00, 0x00, 0x00, 0x00, 0x00, 0x00, 0x00, 0x00, 0x00, 0x00, 0x00,
  0x00, 0x00, 0x00, 0x00, 0x00, 0x00, 0x00, 0x00, 0x00, 0x00, 0x00, 0x00,
  0x00, 0x00, 0x00, 0x00, 0x00, 0x00, 0x00, 0x00, 0x00, 0x00, 0x00, 0x00,
  0x00, 0x00, 0x00, 0x00, 0x00, 0x00, 0x00, 0x00, 0x00, 0x00, 0x00, 0x00,
  0x00, 0x00, 0x00, 0x00, 0x00, 0x00, 0x00, 0x00, 0x00, 0x00, 0x00, 0x00,
  0x00, 0x00, 0x00, 0x00, 0x00, 0x00, 0x00, 0x00, 0x00, 0x00, 0x00, 0x00,
  0x00, 0x00, 0x00, 0x00, 0x00, 0x00, 0x00, 0x00, 0x00, 0x00, 0x00, 0x00,
  0x00, 0x00, 0x00, 0x00, 0x00, 0x00, 0x00, 0x00, 0x00, 0x00, 0x00, 0x00,
  0x00, 0x00, 0x00, 0x00, 0x00, 0x00, 0x00, 0x00, 0x00, 0x00, 0x00, 0x00,
  0x00, 0x00, 0x00, 0x00, 0x00, 0x00, 0x00, 0x00, 0x00, 0x00, 0x00, 0x00,
  0x00, 0x00, 0x00, 0x00, 0x00, 0x00, 0x00, 0x00, 0x00, 0x00, 0x00, 0x00,
  0x00, 0x00, 0x00, 0x00, 0x00, 0x00, 0x00, 0x00, 0x00, 0x00, 0x00, 0x00,
  0x00, 0x00, 0x00, 0x00, 0x00, 0x00, 0x00, 0x00, 0x00, 0x00, 0x00, 0x00,
  0x00, 0x00, 0x00, 0x00, 0x00, 0x00, 0x00, 0x00, 0x00, 0x00, 0x00, 0x00,
  0x00, 0x00, 0x00, 0x00, 0x00, 0x00, 0x00, 0x00, 0x00, 0x00, 0x00, 0x00,
  0x00, 0x00, 0x00, 0x00, 0x00, 0x00, 0x00, 0x00, 0x00, 0x00, 0x00, 0x00,
  0x00, 0x00, 0x00, 0x00, 0x00, 0x00, 0x00, 0x00, 0x00, 0x00, 0x00, 0x00,
  0x00, 0x00, 0x00, 0x00, 0x00, 0x00, 0x00, 0x00, 0x00, 0x00, 0x00, 0x00,
  0x00, 0x00, 0x00, 0x00, 0x00, 0x00, 0x00, 0x00, 0x00, 0x00, 0x00, 0x00,
  0x00, 0x00, 0x00, 0x00, 0x00, 0x00, 0x00, 0x00, 0x00, 0x00, 0x00, 0x00,
  0x00, 0x00, 0x00, 0x00, 0x00, 0x00, 0x00, 0x00, 0x00, 0x00, 0x00, 0x00,
  0x00, 0x00, 0x00, 0x00, 0x00, 0x00, 0x00, 0x00, 0x00, 0x00, 0x00, 0x00,
  0x00, 0x00, 0x00, 0x00, 0x00, 0x00, 0x00, 0x00, 0x00, 0x00, 0x00, 0x00,
  0x00, 0x00, 0x00, 0x00, 0x00, 0x00, 0x00, 0x00, 0x00, 0x00, 0x00, 0x00,
  0x00, 0x00, 0x00, 0x00, 0x00, 0x00, 0x00, 0x00, 0x00, 0x00, 0x00, 0x00,
  0x00, 0x00, 0x00, 0x00, 0x00, 0x00, 0x00, 0x00, 0x00, 0x00, 0x00, 0x00,
  0x00, 0x00, 0x00, 0x00, 0x00, 0x00, 0x00, 0x00, 0x00, 0x00, 0x00, 0x00,
  0x00, 0x00, 0x00, 0x00, 0x00, 0x00, 0x00, 0x00, 0x00, 0x00, 0x00, 0x00,
  0x00, 0x00, 0x00, 0x00, 0x00, 0x00, 0x00, 0x00, 0x00, 0x00, 0x00, 0x00,
  0x00, 0x00, 0x00, 0x00, 0x00, 0x00, 0x00, 0x00, 0x00, 0x00, 0x00, 0x00,
  0x00, 0x00, 0x00, 0x00, 0x00, 0x00, 0x00, 0x00, 0x00, 0x00, 0x00, 0x00,
  0x00, 0x00, 0x00, 0x00, 0x00, 0x00, 0x00, 0x00, 0x00, 0x00, 0x00, 0x00,
  0x00, 0x00, 0x00, 0x00, 0x00, 0x00, 0x00, 0x00, 0x00, 0x00, 0x00, 0x00,
  0x00, 0x00, 0x00, 0x00, 0x00, 0x00, 0x00, 0x00, 0x00, 0x00, 0x00, 0x00,
  0x00, 0x00, 0x00, 0x00, 0x00, 0x00, 0x00, 0x00, 0x00, 0x00, 0x00, 0x00,
  0x00, 0x00, 0x00, 0x00, 0x00, 0x00, 0x00, 0x00, 0x00, 0x00, 0x00, 0x00,
  0x00, 0x00, 0x00, 0x00, 0x00, 0x00, 0x00, 0x00, 0x00, 0x00, 0x00, 0x00,
  0x00, 0x00, 0x00, 0x00, 0x00, 0x00, 0x00, 0x00, 0x00, 0x00, 0x00, 0x00,
  0x00, 0x00, 0x00, 0x00, 0x00, 0x00, 0x00, 0x00, 0x00, 0x00, 0x00, 0x00,
  0x00, 0x00, 0x00, 0x00, 0x00, 0x00, 0x00, 0x00, 0x00, 0x00, 0x00, 0x00,
  0x00, 0x00, 0x00, 0x00, 0x00, 0x00, 0x00, 0x00, 0x00, 0x00, 0x00, 0x00,
  0x00, 0x00, 0x00, 0x00, 0x00, 0x00, 0x00, 0x00, 0x00, 0x00, 0x00, 0x00,
  0x00, 0x00, 0x00, 0x00, 0x00, 0x00, 0x00, 0x00, 0x00, 0x00, 0x00, 0x00,
  0x00, 0x00, 0x00, 0x00, 0x00, 0x00, 0x00, 0x00, 0x00, 0x00, 0x00, 0x00,
  0x00, 0x00, 0x00, 0x00, 0x00, 0x00, 0x00, 0x00, 0x00, 0x00, 0x00, 0x00,
  0x00, 0x00, 0x00, 0x00, 0x00, 0x00, 0x00, 0x00, 0x00, 0x00, 0x00, 0x00,
  0x00, 0x00, 0x00, 0x00, 0x00, 0x00, 0x00, 0x00, 0x00, 0x00, 0x00, 0x00,
  0x00, 0x00, 0x00, 0x00, 0x00, 0x00, 0x00, 0x00, 0x00, 0x00, 0x00, 0x00,
  0x00, 0x00, 0x00, 0x00, 0x00, 0x00, 0x00, 0x00, 0x00, 0x00, 0x00, 0x00,
  0x00, 0x00, 0x00, 0x00, 0x00, 0x00, 0x00, 0x00, 0x00, 0x00, 0x00, 0x00,
  0x00, 0x00, 0x00, 0x00, 0x00, 0x00, 0x00, 0x00, 0x00, 0x00, 0x00, 0x00,
  0x00, 0x00, 0x00, 0x00, 0x00, 0x00, 0x00, 0x00, 0x00, 0x00, 0x00, 0x00,
  0x00, 0x00, 0x00, 0x00, 0x00, 0x00, 0x00, 0x00, 0x00, 0x00, 0x00, 0x00,
  0x00, 0x00, 0x00, 0x00, 0x00, 0x00, 0x00, 0x00, 0x00, 0x00, 0x00, 0x00,
  0x00, 0x00, 0x00, 0x00, 0x00, 0x00, 0x00, 0x00, 0x00, 0x00, 0x00, 0x00,
  0x00, 0x00, 0x00, 0x00, 0x00, 0x00, 0x00, 0x00, 0x00, 0x00, 0x00, 0x00,
  0x00, 0x00, 0x00, 0x00, 0x00, 0x00, 0x00, 0x00, 0x00, 0x00, 0x00, 0x00,
  0x00, 0x00, 0x00, 0x00, 0x00, 0x00, 0x00, 0x00, 0x00, 0x00, 0x00, 0x00,
  0x00, 0x00, 0x00, 0x00, 0x00, 0x00, 0x00, 0x00, 0x00, 0x00, 0x00, 0x00,
  0x00, 0x00, 0x00, 0x00, 0x00, 0x00, 0x00, 0x00, 0x00, 0x00, 0x00, 0x00,
  0x00, 0x00, 0x00, 0x00, 0x00, 0x00, 0x00, 0x00, 0x00, 0x00, 0x00, 0x00,
  0x00, 0x00, 0x00, 0x00, 0x00, 0x00, 0x00, 0x00, 0x00, 0x00, 0x00, 0x00,
  0x00, 0x00, 0x00, 0x00, 0x00, 0x00, 0x00, 0x00, 0x00, 0x00, 0x00, 0x00,
  0x00, 0x00, 0x00, 0x00, 0x00, 0x00, 0x00, 0x00, 0x00, 0x00, 0x00, 0x00,
  0x00, 0x00, 0x00, 0x00, 0x00, 0x00, 0x00, 0x00, 0x00, 0x00, 0x00, 0x00,
  0x00, 0x00, 0x00, 0x00, 0x00, 0x00, 0x00, 0x00, 0x00, 0x00, 0x00, 0x00,
  0x00, 0x00, 0x00, 0x00, 0x00, 0x00, 0x00, 0x00, 0x00, 0x00, 0x00, 0x00,
  0x00, 0x00, 0x00, 0x00, 0x00, 0x00, 0x00, 0x00, 0x00, 0x00, 0x00, 0x00,
  0x00, 0x00, 0x00, 0x00, 0x00, 0x00, 0x00, 0x00, 0x00, 0x00, 0x00, 0x00,
  0x00, 0x00, 0x00, 0x00, 0x00, 0x00, 0x00, 0x00, 0x00, 0x00, 0x00, 0x00,
  0x00, 0x00, 0x00, 0x00, 0x00, 0x00, 0x00, 0x00, 0x00, 0x00, 0x00, 0x00,
  0x00, 0x00, 0x00, 0x00, 0x00, 0x00, 0x00, 0x00, 0x00, 0x00, 0x00, 0x00,
  0x00, 0x00, 0x00, 0x00, 0x00, 0x00, 0x00, 0x00, 0x00, 0x00, 0x00, 0x00,
  0x00, 0x00, 0x00, 0x00, 0x00, 0x00, 0x00, 0x00, 0x00, 0x00, 0x00, 0x00,
  0x00, 0x00, 0x00, 0x00, 0x00, 0x00, 0x00, 0x00, 0x00, 0x00, 0x00, 0x00,
  0x00, 0x00, 0x00, 0x00, 0x00, 0x00, 0x00, 0x00, 0x00, 0x00, 0x00, 0x00,
  0x00, 0x00, 0x00, 0x00, 0x00, 0x00, 0x00, 0x00, 0x00, 0x00, 0x00, 0x00,
  0x00, 0x00, 0x00, 0x00, 0x00, 0x00, 0x00, 0x00, 0x00, 0x00, 0x00, 0x00,
  0x00, 0x00, 0x00, 0x00, 0x00, 0x00, 0x00, 0x00, 0x00, 0x00, 0x00, 0x00,
  0x00, 0x00, 0x00, 0x00, 0x00, 0x00, 0x00, 0x00, 0x00, 0x00, 0x00, 0x00,
  0x00, 0x00, 0x00, 0x00, 0x00, 0x00, 0x00, 0x00, 0x00, 0x00, 0x00, 0x00,
  0x00, 0x00, 0x00, 0x00, 0x00, 0x00, 0x00, 0x00, 0x00, 0x00, 0x00, 0x00,
  0x00, 0x00, 0x00, 0x00, 0x00, 0x00, 0x00, 0x00, 0x00, 0x00, 0x00, 0x00,
  0x00, 0x00, 0x00, 0x00, 0x00, 0x00, 0x00, 0x00, 0x00, 0x00, 0x00, 0x00,
  0x00, 0x00, 0x00, 0x00, 0x00, 0x00, 0x00, 0x00, 0x00, 0x00, 0x00, 0x00,
  0x00, 0x00, 0x00, 0x00, 0x00, 0x00, 0x00, 0x00, 0x00, 0x00, 0x00, 0x00,
  0x00, 0x00, 0x00, 0x00, 0x00, 0x00, 0x00, 0x00, 0x00, 0x00, 0x00, 0x00,
  0x00, 0x00, 0x00, 0x00, 0x00, 0x00, 0x00, 0x00, 0x00, 0x00, 0x00, 0x00,
  0x00, 0x00, 0x00, 0x00, 0x00, 0x00, 0x00, 0x00, 0x00, 0x00, 0x00, 0x00,
  0x00, 0x00, 0x00, 0x00, 0x00, 0x00, 0x00, 0x00, 0x00, 0x00, 0x00, 0x00,
  0x00, 0x00, 0x00, 0x00, 0x00, 0x00, 0x00, 0x00, 0x00, 0x00, 0x00, 0x00,
  0x00, 0x00, 0x00, 0x00, 0x00, 0x00, 0x00, 0x00, 0x00, 0x00, 0x00, 0x00,
  0x00, 0x00, 0x00, 0x00, 0x00, 0x00, 0x00, 0x00, 0x00, 0x00, 0x00, 0x00,
  0x00, 0x00, 0x00, 0x00, 0x00, 0x00, 0x00, 0x00, 0x00, 0x00, 0x00, 0x00,
  0x00, 0x00, 0x00, 0x00, 0x00, 0x00, 0x00, 0x00, 0x00, 0x00, 0x00, 0x00,
  0x00, 0x00, 0x00, 0x00, 0x00, 0x00, 0x00, 0x00, 0x00, 0x00, 0x00, 0x00,
  0x00, 0x00, 0x00, 0x00, 0x00, 0x00, 0x00, 0x00, 0x00, 0x00, 0x00, 0x00,
  0x00, 0x00, 0x00, 0x00, 0x00, 0x00, 0x00, 0x00, 0x00, 0x00, 0x00, 0x00,
  0x00, 0x00, 0x00, 0x00, 0x00, 0x00, 0x00, 0x00, 0x00, 0x00, 0x00, 0x00,
  0x00, 0x00, 0x00, 0x00, 0x00, 0x00, 0x00, 0x00, 0x00, 0x00, 0x00, 0x00,
  0x00, 0x00, 0x00, 0x00, 0x00, 0x00, 0x00, 0x00, 0x00, 0x00, 0x00, 0x00,
  0x00, 0x00, 0x00, 0x00, 0x00, 0x00, 0x00, 0x00, 0x00, 0x00, 0x00, 0x00,
  0x00, 0x00, 0x00, 0x00, 0x00, 0x00, 0x00, 0x00, 0x00, 0x00, 0x00, 0x00,
  0x00, 0x00, 0x00, 0x00, 0x00, 0x00, 0x00, 0x00, 0x00, 0x00, 0x00, 0x00,
  0x00, 0x00, 0x00, 0x00, 0x00, 0x00, 0x00, 0x00, 0x00, 0x00, 0x00, 0x00,
  0x00, 0x00, 0x00, 0x00, 0x00, 0x00, 0x00, 0x00, 0x00, 0x00, 0x00, 0x00,
  0x00, 0x00, 0x00, 0x00, 0x00, 0x00, 0x00, 0x00, 0x00, 0x00, 0x00, 0x00,
  0x00, 0x00, 0x00, 0x00, 0x00, 0x00, 0x00, 0x00, 0x00, 0x00, 0x00, 0x00,
  0x00, 0x00, 0x00, 0x00, 0x00, 0x00, 0x00, 0x00, 0x00, 0x00, 0x00, 0x00,
  0x00, 0x00, 0x00, 0x00, 0x00, 0x00, 0x00, 0x00, 0x00, 0x00, 0x00, 0x00,
  0x00, 0x00, 0x00, 0x00, 0x00, 0x00, 0x00, 0x00, 0x00, 0x00, 0x00, 0x00,
  0x00, 0x00, 0x00, 0x00, 0x00, 0x00, 0x00, 0x00, 0x00, 0x00, 0x00, 0x00,
  0x00, 0x00, 0x00, 0x00, 0x00, 0x00, 0x00, 0x00, 0x00, 0x00, 0x00, 0x00,
  0x00, 0x00, 0x00, 0x00, 0x00, 0x00, 0x00, 0x00, 0x00, 0x00, 0x00, 0x00,
  0x00, 0x00, 0x00, 0x00, 0x00, 0x00, 0x00, 0x00, 0x00, 0x00, 0x00, 0x00,
  0x00, 0x00, 0x00, 0x00, 0x00, 0x00, 0x00, 0x00, 0x00, 0x00, 0x00, 0x00,
  0x00, 0x00, 0x00, 0x00, 0x00, 0x00, 0x00, 0x00, 0x00, 0x00, 0x00, 0x00,
  0x00, 0x00, 0x00, 0x00, 0x00, 0x00, 0x00, 0x00, 0x00, 0x00, 0x00, 0x00,
  0x00, 0x00, 0x00, 0x00, 0x00, 0x00, 0x00, 0x00, 0x00, 0x00, 0x00, 0x00,
  0x00, 0x00, 0x00, 0x00, 0x00, 0x00, 0x00, 0x00, 0x00, 0x00, 0x00, 0x00,
  0x00, 0x00, 0x00, 0x00, 0x00, 0x00, 0x00, 0x00, 0x00, 0x00, 0x00, 0x00,
  0x00, 0x00, 0x00, 0x00, 0x00, 0x00, 0x00, 0x00, 0x00, 0x00, 0x00, 0x00,
  0x00, 0x00, 0x00, 0x00, 0x00, 0x00, 0x00, 0x00, 0x00, 0x00, 0x00, 0x00,
  0x00, 0x00, 0x00, 0x00, 0x00, 0x00, 0x00, 0x00, 0x00, 0x00, 0x00, 0x00,
  0x00, 0x00, 0x00, 0x00, 0x00, 0x00, 0x00, 0x00, 0x00, 0x00, 0x00, 0x00,
  0x00, 0x00, 0x00, 0x00, 0x00, 0x00, 0x00, 0x00, 0x00, 0x00, 0x00, 0x00,
  0x00, 0x00, 0x00, 0x00, 0x00, 0x00, 0x00, 0x00, 0x00, 0x00, 0x00, 0x00,
  0x00, 0x00, 0x00, 0x00, 0x00, 0x00, 0x00, 0x00, 0x00, 0x00, 0x00, 0x00,
  0x00, 0x00, 0x00, 0x00, 0x00, 0x00, 0x00, 0x00, 0x00, 0x00, 0x00, 0x00,
  0x00, 0x00, 0x00, 0x00, 0x00, 0x00, 0x00, 0x00, 0x00, 0x00, 0x00, 0x00,
  0x00, 0x00, 0x00, 0x00, 0x00, 0x00, 0x00, 0x00, 0x00, 0x00, 0x00, 0x00,
  0x00, 0x00, 0x00, 0x00, 0x00, 0x00, 0x00, 0x00, 0x00, 0x00, 0x00, 0x00,
  0x00, 0x00, 0x00, 0x00, 0x00, 0x00, 0x00, 0x00, 0x00, 0x00, 0x00, 0x00,
  0x00, 0x00, 0x00, 0x00, 0x00, 0x00, 0x00, 0x00, 0x00, 0x00, 0x00, 0x00,
  0x00, 0x00, 0x00, 0x00, 0x00, 0x00, 0x00, 0x00, 0x00, 0x00, 0x00, 0x00,
  0x00, 0x00, 0x00, 0x00, 0x00, 0x00, 0x00, 0x00, 0x00, 0x00, 0x00, 0x00,
  0x00, 0x00, 0x00, 0x00, 0x00, 0x00, 0x00, 0x00, 0x00, 0x00, 0x00, 0x00,
  0x00, 0x00, 0x00, 0x00, 0x00, 0x00, 0x00, 0x00, 0x00, 0x00, 0x00, 0x00,
  0x00, 0x00, 0x00, 0x00, 0x00, 0x00, 0x00, 0x00, 0x00, 0x00, 0x00, 0x00,
  0x00, 0x00, 0x00, 0x00, 0x00, 0x00, 0x00, 0x00, 0x00, 0x00, 0x00, 0x00,
  0x00, 0x00, 0x00, 0x00, 0x00, 0x00, 0x00, 0x00, 0x00, 0x00, 0x00, 0x00,
  0x00, 0x00, 0x00, 0x00, 0x00, 0x00, 0x00, 0x00, 0x00, 0x00, 0x00, 0x00,
  0x00, 0x00, 0x00, 0x00, 0x00, 0x00, 0x00, 0x00, 0x00, 0x00, 0x00, 0x00,
  0x00, 0x00, 0x00, 0x00, 0x00, 0x00, 0x00, 0x00, 0x00, 0x00, 0x00, 0x00,
  0x00, 0x00, 0x00, 0x00, 0x00, 0x00, 0x00, 0x00, 0x00, 0x00, 0x00, 0x00,
  0x00, 0x00, 0x00, 0x00, 0x00, 0x00, 0x00, 0x00, 0x00, 0x00, 0x00, 0x00,
  0x00, 0x00, 0x00, 0x00, 0x00, 0x00, 0x00, 0x00, 0x00, 0x00, 0x00, 0x00,
  0x00, 0x00, 0x00, 0x00, 0x00, 0x00, 0x00, 0x00, 0x00, 0x00, 0x00, 0x00,
  0x00, 0x00, 0x00, 0x00, 0x00, 0x00, 0x00, 0x00, 0x00, 0x00, 0x00, 0x00,
  0x00, 0x00, 0x00, 0x00, 0x00, 0x00, 0x00, 0x00, 0x00, 0x00, 0x00, 0x00,
  0x00, 0x00, 0x00, 0x00, 0x00, 0x00, 0x00, 0x00, 0x00, 0x00, 0x00, 0x00,
  0x00, 0x00, 0x00, 0x00, 0x00, 0x00, 0x00, 0x00, 0x00, 0x00, 0x00, 0x00,
  0x00, 0x00, 0x00, 0x00, 0x00, 0x00, 0x00, 0x00, 0x00, 0x00, 0x00, 0x00,
  0x00, 0x00, 0x00, 0x00, 0x00, 0x00, 0x00, 0x00, 0x00, 0x00, 0x00, 0x00,
  0x00, 0x00, 0x00, 0x00, 0x00, 0x00, 0x00, 0x00, 0x00, 0x00, 0x00, 0x00,
  0x00, 0x00, 0x00, 0x00, 0x00, 0x00, 0x00, 0x00, 0x00, 0x00, 0x00, 0x00,
  0x00, 0x00, 0x00, 0x00, 0x00, 0x00, 0x00, 0x00, 0x00, 0x00, 0x00, 0x00,
  0x00, 0x00, 0x00, 0x00, 0x00, 0x00, 0x00, 0x00, 0x00, 0x00, 0x00, 0x00,
  0x00, 0x00, 0x00, 0x00, 0x00, 0x00, 0x00, 0x00, 0x00, 0x00, 0x00, 0x00,
  0x00, 0x00, 0x00, 0x00, 0x00, 0x00, 0x00, 0x00, 0x00, 0x00, 0x00, 0x00,
  0x00, 0x00, 0x00, 0x00, 0x00, 0x00, 0x00, 0x00, 0x00, 0x00, 0x00, 0x00,
  0x00, 0x00, 0x00, 0x00, 0x00, 0x00, 0x00, 0x00, 0x00, 0x00, 0x00, 0x00,
  0x00, 0x00, 0x00, 0x00, 0x00, 0x00, 0x00, 0x00, 0x00, 0x00, 0x00, 0x00,
  0x00, 0x00, 0x00, 0x00, 0x00, 0x00, 0x00, 0x00, 0x00, 0x00, 0x00, 0x00,
  0x00, 0x00, 0x00, 0x00, 0x00, 0x00, 0x00, 0x00, 0x00, 0x00, 0x00, 0x00,
  0x00, 0x00, 0x00, 0x00, 0x00, 0x00, 0x00, 0x00, 0x00, 0x00, 0x00, 0x00,
  0x00, 0x00, 0x00, 0x00, 0x00, 0x00, 0x00, 0x00, 0x00, 0x00, 0x00, 0x00,
  0x00, 0x00, 0x00, 0x00, 0x00, 0x00, 0x00, 0x00, 0x00, 0x00, 0x00, 0x00,
  0x00, 0x00, 0x00, 0x00, 0x00, 0x00, 0x00, 0x00, 0x00, 0x00, 0x00, 0x00,
  0x00, 0x00, 0x00, 0x00, 0x00, 0x00, 0x00, 0x00, 0x00, 0x00, 0x00, 0x00,
  0x00, 0x00, 0x00, 0x00, 0x00, 0x00, 0x00, 0x00, 0x00, 0x00, 0x00, 0x00,
  0x00, 0x00, 0x00, 0x00, 0x00, 0x00, 0x00, 0x00, 0x00, 0x00, 0x00, 0x00,
  0x00, 0x00, 0x00, 0x00, 0x00, 0x00, 0x00, 0x00, 0x00, 0x00, 0x00, 0x00,
  0x00, 0x00, 0x00, 0x00, 0x00, 0x00, 0x00, 0x00, 0x00, 0x00, 0x00, 0x00,
  0x00, 0x00, 0x00, 0x00, 0x00, 0x00, 0x00, 0x00, 0x00, 0x00, 0x00, 0x00,
  0x00, 0x00, 0x00, 0x00, 0x00, 0x00, 0x00, 0x00, 0x00, 0x00, 0x00, 0x00,
  0x00, 0x00, 0x00, 0x00, 0x00, 0x00, 0x00, 0x00, 0x00, 0x00, 0x00, 0x00,
  0x00, 0x00, 0x00, 0x00, 0x00, 0x00, 0x00, 0x00, 0x00, 0x00, 0x00, 0x00,
  0x00, 0x00, 0x00, 0x00, 0x00, 0x00, 0x00, 0x00, 0x00, 0x00, 0x00, 0x00,
  0x00, 0x00, 0x00, 0x00, 0x00, 0x00, 0x00, 0x00, 0x00, 0x00, 0x00, 0x00,
  0x00, 0x00, 0x00, 0x00, 0x00, 0x00, 0x00, 0x00, 0x00, 0x00, 0x00, 0x00,
  0x00, 0x00, 0x00, 0x00, 0x00, 0x00, 0x00, 0x00, 0x00, 0x00, 0x00, 0x00,
  0x00, 0x00, 0x00, 0x00, 0x00, 0x00, 0x00, 0x00, 0x00, 0x00, 0x00, 0x00,
  0x00, 0x00, 0x00, 0x00, 0x00, 0x00, 0x00, 0x00, 0x00, 0x00, 0x00, 0x00,
  0x00, 0x00, 0x00, 0x00, 0x00, 0x00, 0x00, 0x00, 0x00, 0x00, 0x00, 0x00,
  0x00, 0x00, 0x00, 0x00, 0x00, 0x00, 0x00, 0x00, 0x00, 0x00, 0x00, 0x00,
  0x00, 0x00, 0x00, 0x00, 0x00, 0x00, 0x00, 0x00, 0x00, 0x00, 0x00, 0x00,
  0x00, 0x00, 0x00, 0x00, 0x00, 0x00, 0x00, 0x00, 0x00, 0x00, 0x00, 0x00,
  0x00, 0x00, 0x00, 0x00, 0x00, 0x00, 0x00, 0x00, 0x00, 0x00, 0x00, 0x00,
  0x00, 0x00, 0x00, 0x00, 0x00, 0x00, 0x00, 0x00, 0x00, 0x00, 0x00, 0x00,
  0x00, 0x00, 0x00, 0x00, 0x00, 0x00, 0x00, 0x00, 0x00, 0x00, 0x00, 0x00,
  0x00, 0x00, 0x00, 0x00, 0x00, 0x00, 0x00, 0x00, 0x00, 0x00, 0x00, 0x00,
  0x00, 0x00, 0x00, 0x00, 0x00, 0x00, 0x00, 0x00, 0x00, 0x00, 0x00, 0x00,
  0x00, 0x00, 0x00, 0x00, 0x00, 0x00, 0x00, 0x00, 0x00, 0x00, 0x00, 0x00,
  0x00, 0x00, 0x00, 0x00, 0x00, 0x00, 0x00, 0x00, 0x00, 0x00, 0x00, 0x00,
  0x00, 0x00, 0x00, 0x00, 0x00, 0x00, 0x00, 0x00, 0x00, 0x00, 0x00, 0x00,
  0x00, 0x00, 0x00, 0x00, 0x00, 0x00, 0x00, 0x00, 0x00, 0x00, 0x00, 0x00,
  0x00, 0x00, 0x00, 0x00, 0x00, 0x00, 0x00, 0x00, 0x00, 0x00, 0x00, 0x00,
  0x00, 0x00, 0x00, 0x00, 0x00, 0x00, 0x00, 0x00, 0x00, 0x00, 0x00, 0x00,
  0x00, 0x00, 0x00, 0x00, 0x00, 0x00, 0x00, 0x00, 0x00, 0x00, 0x00, 0x00,
  0x00, 0x00, 0x00, 0x00, 0x00, 0x00, 0x00, 0x00, 0x00, 0x00, 0x00, 0x00,
  0x00, 0x00, 0x00, 0x00, 0x00, 0x00, 0x00, 0x00, 0x00, 0x00, 0x00, 0x00,
  0x00, 0x00, 0x00, 0x00, 0x00, 0x00, 0x00, 0x00, 0x00, 0x00, 0x00, 0x00,
  0x00, 0x00, 0x00, 0x00, 0x00, 0x00, 0x00, 0x00, 0x00, 0x00, 0x00, 0x00,
  0x00, 0x00, 0x00, 0x00, 0x00, 0x00, 0x00, 0x00, 0x00, 0x00, 0x00, 0x00,
  0x00, 0x00, 0x00, 0x00, 0x00, 0x00, 0x00, 0x00, 0x00, 0x00, 0x00, 0x00,
  0x00, 0x00, 0x00, 0x00, 0x00, 0x00, 0x00, 0x00, 0x00, 0x00, 0x00, 0x00,
  0x00, 0x00, 0x00, 0x00, 0x00, 0x00, 0x00, 0x00, 0x00, 0x00, 0x00, 0x00,
  0x00, 0x00, 0x00, 0x00, 0x00, 0x00, 0x00, 0x00, 0x00, 0x00, 0x00, 0x00,
  0x00, 0x00, 0x00, 0x00, 0x00, 0x00, 0x00, 0x00, 0x00, 0x00, 0x00, 0x00,
  0x00, 0x00, 0x00, 0x00, 0x00, 0x00, 0x00, 0x00, 0x00, 0x00, 0x00, 0x00,
  0x00, 0x00, 0x00, 0x00, 0x00, 0x00, 0x00, 0x00, 0x00, 0x00, 0x00, 0x00,
  0x00, 0x00, 0x00, 0x00, 0x00, 0x00, 0x00, 0x00, 0x00, 0x00, 0x00, 0x00,
  0x00, 0x00, 0x00, 0x00, 0x00, 0x00, 0x00, 0x00, 0x00, 0x00, 0x00, 0x00,
  0x00, 0x00, 0x00, 0x00, 0x00, 0x00, 0x00, 0x00, 0x00, 0x00, 0x00, 0x00,
  0x00, 0x00, 0x00, 0x00, 0x00, 0x00, 0x00, 0x00, 0x00, 0x00, 0x00, 0x00,
  0x00, 0x00, 0x00, 0x00, 0x00, 0x00, 0x00, 0x00, 0x00, 0x00, 0x00, 0x00,
  0x00, 0x00, 0x00, 0x00, 0x00, 0x00, 0x00, 0x00, 0x00, 0x00, 0x00, 0x00,
  0x00, 0x00, 0x00, 0x00, 0x00, 0x00, 0x00, 0x00, 0x00, 0x00, 0x00, 0x00,
  0x00, 0x00, 0x00, 0x00, 0x00, 0x00, 0x00, 0x00, 0x00, 0x00, 0x00, 0x00,
  0x00, 0x00, 0x00, 0x00, 0x00, 0x00, 0x00, 0x00, 0x00, 0x00, 0x00, 0x00,
  0x00, 0x00, 0x00, 0x00, 0x00, 0x00, 0x00, 0x00, 0x00, 0x00, 0x00, 0x00,
  0x00, 0x00, 0x00, 0x00, 0x00, 0x00, 0x00, 0x00, 0x00, 0x00, 0x00, 0x00,
  0x00, 0x00, 0x00, 0x00, 0x00, 0x00, 0x00, 0x00, 0x00, 0x00, 0x00, 0x00,
  0x00, 0x00, 0x00, 0x00, 0x00, 0x00, 0x00, 0x00, 0x00, 0x00, 0x00, 0x00,
  0x00, 0x00, 0x00, 0x00, 0x00, 0x00, 0x00, 0x00, 0x00, 0x00, 0x00, 0x00,
  0x00, 0x00, 0x00, 0x00, 0x00, 0x00, 0x00, 0x00, 0x00, 0x00, 0x00, 0x00,
  0x00, 0x00, 0x00, 0x00, 0x00, 0x00, 0x00, 0x00, 0x00, 0x00, 0x00, 0x00,
  0x00, 0x00, 0x00, 0x00, 0x00, 0x00, 0x00, 0x00, 0x00, 0x00, 0x00, 0x00,
  0x00, 0x00, 0x00, 0x00, 0x00, 0x00, 0x00, 0x00, 0x00, 0x00, 0x00, 0x00,
  0x00, 0x00, 0x00, 0x00, 0x00, 0x00, 0x00, 0x00, 0x00, 0x00, 0x00, 0x00,
  0x00, 0x00, 0x00, 0x00, 0x00, 0x00, 0x00, 0x00, 0x00, 0x00, 0x00, 0x00,
  0x00, 0x00, 0x00, 0x00, 0x00, 0x00, 0x00, 0x00, 0x00, 0x00, 0x00, 0x00,
  0x00, 0x00, 0x00, 0x00, 0x00, 0x00, 0x00, 0x00, 0x00, 0x00, 0x00, 0x00,
  0x00, 0x00, 0x00, 0x00, 0x00, 0x00, 0x00, 0x00, 0x00, 0x00, 0x00, 0x00,
  0x00, 0x00, 0x00, 0x00, 0x00, 0x00, 0x00, 0x00, 0x00, 0x00, 0x00, 0x00,
  0x00, 0x00, 0x00, 0x00, 0x00, 0x00, 0x00, 0x00, 0x00, 0x00, 0x00, 0x00,
  0x00, 0x00, 0x00, 0x00, 0x00, 0x00, 0x00, 0x00, 0x00, 0x00, 0x00, 0x00,
  0x00, 0x00, 0x00, 0x00, 0x00, 0x00, 0x00, 0x00, 0x00, 0x00, 0x00, 0x00,
  0x00, 0x00, 0x00, 0x00, 0x00, 0x00, 0x00, 0x00, 0x00, 0x00, 0x00, 0x00,
  0x00, 0x00, 0x00, 0x00, 0x00, 0x00, 0x00, 0x00, 0x00, 0x00, 0x00, 0x00,
  0x00, 0x00, 0x00, 0x00, 0x00, 0x00, 0x00, 0x00, 0x00, 0x00, 0x00, 0x00,
  0x00, 0x00, 0x00, 0x00, 0x00, 0x00, 0x00, 0x00, 0x00, 0x00, 0x00, 0x00,
  0x00, 0x00, 0x00, 0x00, 0x00, 0x00, 0x00, 0x00, 0x00, 0x00, 0x00, 0x00,
  0x00, 0x00, 0x00, 0x00, 0x00, 0x00, 0x00, 0x00, 0x00, 0x00, 0x00, 0x00,
  0x00, 0x00, 0x00, 0x00, 0x00, 0x00, 0x00, 0x00, 0x00, 0x00, 0x00, 0x00,
  0x00, 0x00, 0x00, 0x00, 0x00, 0x00, 0x00, 0x00, 0x00, 0x00, 0x00, 0x00,
  0x00, 0x00, 0x00, 0x00, 0x00, 0x00, 0x00, 0x00, 0x00, 0x00, 0x00, 0x00,
  0x00, 0x00, 0x00, 0x00, 0x00, 0x00, 0x00, 0x00, 0x00, 0x00, 0x00, 0x00,
  0x00, 0x00, 0x00, 0x00, 0x00, 0x00, 0x00, 0x00, 0x00, 0x00, 0x00, 0x00,
  0x00, 0x00, 0x00, 0x00, 0x00, 0x00, 0x00, 0x00, 0x00, 0x00, 0x00, 0x00,
  0x00, 0x00, 0x00, 0x00, 0x00, 0x00, 0x00, 0x00, 0x00, 0x00, 0x00, 0x00,
  0x00, 0x00, 0x00, 0x00, 0x00, 0x00, 0x00, 0x00, 0x00, 0x00, 0x00, 0x00,
  0x00, 0x00, 0x00, 0x00, 0x00, 0x00, 0x00, 0x00, 0x00, 0x00, 0x00, 0x00,
  0x00, 0x00, 0x00, 0x00, 0x00, 0x00, 0x00, 0x00, 0x00, 0x00, 0x00, 0x00,
  0x00, 0x00, 0x00, 0x00, 0x00, 0x00, 0x00, 0x00, 0x00, 0x00, 0x00, 0x00,
  0x00, 0x00, 0x00, 0x00, 0x00, 0x00, 0x00, 0x00, 0x00, 0x00, 0x00, 0x00,
  0x00, 0x00, 0x00, 0x00, 0x00, 0x00, 0x00, 0x00, 0x00, 0x00, 0x00, 0x00,
  0x00, 0x00, 0x00, 0x00, 0x00, 0x00, 0x00, 0x00, 0x00, 0x00, 0x00, 0x00,
  0x00, 0x00, 0x00, 0x00, 0x00, 0x00, 0x00, 0x00, 0x00, 0x00, 0x00, 0x00,
  0x00, 0x00, 0x00, 0x00, 0x00, 0x00, 0x00, 0x00, 0x00, 0x00, 0x00, 0x00,
  0x00, 0x00, 0x00, 0x00, 0x00, 0x00, 0x00, 0x00, 0x00, 0x00, 0x00, 0x00,
  0x00, 0x00, 0x00, 0x00, 0x00, 0x00, 0x00, 0x00, 0x00, 0x00, 0x00, 0x00,
  0x00, 0x00, 0x00, 0x00, 0x00, 0x00, 0x00, 0x00, 0x00, 0x00, 0x00, 0x00,
  0x00, 0x00, 0x00, 0x00, 0x00, 0x00, 0x00, 0x00, 0x00, 0x00, 0x00, 0x00,
  0x00, 0x00, 0x00, 0x00, 0x00, 0x00, 0x00, 0x00, 0x00, 0x00, 0x00, 0x00,
  0x00, 0x00, 0x00, 0x00, 0x00, 0x00, 0x00, 0x00, 0x00, 0x00, 0x00, 0x00,
  0x00, 0x00, 0x00, 0x00, 0x00, 0x00, 0x00, 0x00, 0x00, 0x00, 0x00, 0x00,
  0x00, 0x00, 0x00, 0x00, 0x00, 0x00, 0x00, 0x00, 0x00, 0x00, 0x00, 0x00,
  0x00, 0x00, 0x00, 0x00, 0x00, 0x00, 0x00, 0x00, 0x00, 0x00, 0x00, 0x00,
  0x00, 0x00, 0x00, 0x00, 0x00, 0x00, 0x00, 0x00, 0x00, 0x00, 0x00, 0x00,
  0x00, 0x00, 0x00, 0x00, 0x00, 0x00, 0x00, 0x00, 0x00, 0x00, 0x00, 0x00,
  0x00, 0x00, 0x00, 0x00, 0x00, 0x00, 0x00, 0x00, 0x00, 0x00, 0x00, 0x00,
  0x00, 0x00, 0x00, 0x00, 0x00, 0x00, 0x00, 0x00, 0x00, 0x00, 0x00, 0x00,
  0x00, 0x00, 0x00, 0x00, 0x00, 0x00, 0x00, 0x00, 0x00, 0x00, 0x00, 0x00,
  0x00, 0x00, 0x00, 0x00, 0x00, 0x00, 0x00, 0x00, 0x00, 0x00, 0x00, 0x00,
  0x00, 0x00, 0x00, 0x00, 0x00, 0x00, 0x00, 0x00, 0x00, 0x00, 0x00, 0x00,
  0x00, 0x00, 0x00, 0x00, 0x00, 0x00, 0x00, 0x00, 0x00, 0x00, 0x00, 0x00,
  0x00, 0x00, 0x00, 0x00, 0x00, 0x00, 0x00, 0x00, 0x00, 0x00, 0x00, 0x00,
  0x00, 0x00, 0x00, 0x00, 0x00, 0x00, 0x00, 0x00, 0x00, 0x00, 0x00, 0x00,
  0x00, 0x00, 0x00, 0x00, 0x00, 0x00, 0x00, 0x00, 0x00, 0x00, 0x00, 0x00,
  0x00, 0x00, 0x00, 0x00, 0x00, 0x00, 0x00, 0x00, 0x00, 0x00, 0x00, 0x00,
  0x00, 0x00, 0x00, 0x00, 0x00, 0x00, 0x00, 0x00, 0x00, 0x00, 0x00, 0x00,
  0x00, 0x00, 0x00, 0x00, 0x00, 0x00, 0x00, 0x00, 0x00, 0x00, 0x00, 0x00,
  0x00, 0x00, 0x00, 0x00, 0x00, 0x00, 0x00, 0x00, 0x00, 0x00, 0x00, 0x00,
  0x00, 0x00, 0x00, 0x00, 0x00, 0x00, 0x00, 0x00, 0x00, 0x00, 0x00, 0x00,
  0x00, 0x00, 0x00, 0x00, 0x00, 0x00, 0x00, 0x00, 0x00, 0x00, 0x00, 0x00,
  0x00, 0x00, 0x00, 0x00, 0x00, 0x00, 0x00, 0x00, 0x00, 0x00, 0x00, 0x00,
  0x00, 0x00, 0x00, 0x00, 0x00, 0x00, 0x00, 0x00, 0x00, 0x00, 0x00, 0x00,
  0x00, 0x00, 0x00, 0x00, 0x00, 0x00, 0x00, 0x00, 0x00, 0x00, 0x00, 0x00,
  0x00, 0x00, 0x00, 0x00, 0x00, 0x00, 0x00, 0x00, 0x00, 0x00, 0x00, 0x00,
  0x00, 0x00, 0x00, 0x00, 0x00, 0x00, 0x00, 0x00, 0x00, 0x00, 0x00, 0x00,
  0x00, 0x00, 0x00, 0x00, 0x00, 0x00, 0x00, 0x00, 0x00, 0x00, 0x00, 0x00,
  0x00, 0x00, 0x00, 0x00, 0x00, 0x00, 0x00, 0x00, 0x00, 0x00, 0x00, 0x00,
  0x00, 0x00, 0x00, 0x00, 0x00, 0x00, 0x00, 0x00, 0x00, 0x00, 0x00, 0x00,
  0x00, 0x00, 0x00, 0x00, 0x00, 0x00, 0x00, 0x00, 0x00, 0x00, 0x00, 0x00,
  0x00, 0x00, 0x00, 0x00, 0x00, 0x00, 0x00, 0x00, 0x00, 0x00, 0x00, 0x00,
  0x00, 0x00, 0x00, 0x00, 0x00, 0x00, 0x00, 0x00, 0x00, 0x00, 0x00, 0x00,
  0x00, 0x00, 0x00, 0x00, 0x00, 0x00, 0x00, 0x00, 0x00, 0x00, 0x00, 0x00,
  0x00, 0x00, 0x00, 0x00, 0x00, 0x00, 0x00, 0x00, 0x00, 0x00, 0x00, 0x00,
  0x00, 0x00, 0x00, 0x00, 0x00, 0x00, 0x00, 0x00, 0x00, 0x00, 0x00, 0x00,
  0x00, 0x00, 0x00, 0x00, 0x00, 0x00, 0x00, 0x00, 0x00, 0x00, 0x00, 0x00,
  0x00, 0x00, 0x00, 0x00, 0x00, 0x00, 0x00, 0x00, 0x00, 0x00, 0x00, 0x00,
  0x00, 0x00, 0x00, 0x00, 0x00, 0x00, 0x00, 0x00, 0x00, 0x00, 0x00, 0x00,
  0x00, 0x00, 0x00, 0x00, 0x00, 0x00, 0x00, 0x00, 0x00, 0x00, 0x00, 0x00,
  0x00, 0x00, 0x00, 0x00, 0x00, 0x00, 0x00, 0x00, 0x00, 0x00, 0x00, 0x00,
  0x00, 0x00, 0x00, 0x00, 0x00, 0x00, 0x00, 0x00, 0x00, 0x00, 0x00, 0x00,
  0x00, 0x00, 0x00, 0x00, 0x00, 0x00, 0x00, 0x00, 0x00, 0x00, 0x00, 0x00,
  0x00, 0x00, 0x00, 0x00, 0x00, 0x00, 0x00, 0x00, 0x00, 0x00, 0x00, 0x00,
  0x00, 0x00, 0x00, 0x00, 0x00, 0x00, 0x00, 0x00, 0x00, 0x00, 0x00, 0x00,
  0x00, 0x00, 0x00, 0x00, 0x00, 0x00, 0x00, 0x00, 0x00, 0x00, 0x00, 0x00,
  0x00, 0x00, 0x00, 0x00, 0x00, 0x00, 0x00, 0x00, 0x00, 0x00, 0x00, 0x00,
  0x00, 0x00, 0x00, 0x00, 0x00, 0x00, 0x00, 0x00, 0x00, 0x00, 0x00, 0x00,
  0x00, 0x00, 0x00, 0x00, 0x00, 0x00, 0x00, 0x00, 0x00, 0x00, 0x00, 0x00,
  0x00, 0x00, 0x00, 0x00, 0x00, 0x00, 0x00, 0x00, 0x00, 0x00, 0x00, 0x00,
  0x00, 0x00, 0x00, 0x00, 0x00, 0x00, 0x00, 0x00, 0x00, 0x00, 0x00, 0x00,
  0x00, 0x00, 0x00, 0x00, 0x00, 0x00, 0x00, 0x00, 0x00, 0x00, 0x00, 0x00,
  0x00, 0x00, 0x00, 0x00, 0x00, 0x00, 0x00, 0x00, 0x00, 0x00, 0x00, 0x00,
  0x00, 0x00, 0x00, 0x00, 0x00, 0x00, 0x00, 0x00, 0x00, 0x00, 0x00, 0x00,
  0x00, 0x00, 0x00, 0x00, 0x00, 0x00, 0x00, 0x00, 0x00, 0x00, 0x00, 0x00,
  0x00, 0x00, 0x00, 0x00, 0x00, 0x00, 0x00, 0x00, 0x00, 0x00, 0x00, 0x00,
  0x00, 0x00, 0x00, 0x00, 0x00, 0x00, 0x00, 0x00, 0x00, 0x00, 0x00, 0x00,
  0x00, 0x00, 0x00, 0x00, 0x00, 0x00, 0x00, 0x00, 0x00, 0x00, 0x00, 0x00,
  0x00, 0x00, 0x00, 0x00, 0x00, 0x00, 0x00, 0x00, 0x00, 0x00, 0x00, 0x00,
  0x00, 0x00, 0x00, 0x00, 0x00, 0x00, 0x00, 0x00, 0x00, 0x00, 0x00, 0x00,
  0x00, 0x00, 0x00, 0x00, 0x00, 0x00, 0x00, 0x00, 0x00, 0x00, 0x00, 0x00,
  0x00, 0x00, 0x00, 0x00, 0x00, 0x00, 0x00, 0x00, 0x00, 0x00, 0x00, 0x00,
  0x00, 0x00, 0x00, 0x00, 0x00, 0x00, 0x00, 0x00, 0x00, 0x00, 0x00, 0x00,
  0x00, 0x00, 0x00, 0x00, 0x00, 0x00, 0x00, 0x00, 0x00, 0x00, 0x00, 0x00,
  0x00, 0x00, 0x00, 0x00, 0x00, 0x00, 0x00, 0x00, 0x00, 0x00, 0x00, 0x00,
  0x00, 0x00, 0x00, 0x00, 0x00, 0x00, 0x00, 0x00, 0x00, 0x00, 0x00, 0x00,
  0x00, 0x00, 0x00, 0x00, 0x00, 0x00, 0x00, 0x00, 0x00, 0x00, 0x00, 0x00,
  0x00, 0x00, 0x00, 0x00, 0x00, 0x00, 0x00, 0x00, 0x00, 0x00, 0x00, 0x00,
  0x00, 0x00, 0x00, 0x00, 0x00, 0x00, 0x00, 0x00, 0x00, 0x00, 0x00, 0x00,
  0x00, 0x00, 0x00, 0x00, 0x00, 0x00, 0x00, 0x00, 0x00, 0x00, 0x00, 0x00,
  0x00, 0x00, 0x00, 0x00, 0x00, 0x00, 0x00, 0x00, 0x00, 0x00, 0x00, 0x00,
  0x00, 0x00, 0x00, 0x00, 0x00, 0x00, 0x00, 0x00, 0x00, 0x00, 0x00, 0x00,
  0x00, 0x00, 0x00, 0x00, 0x00, 0x00, 0x00, 0x00, 0x00, 0x00, 0x00, 0x00,
  0x00, 0x00, 0x00, 0x00, 0x00, 0x00, 0x00, 0x00, 0x00, 0x00, 0x00, 0x00,
  0x00, 0x00, 0x00, 0x00, 0x00, 0x00, 0x00, 0x00, 0x00, 0x00, 0x00, 0x00,
  0x00, 0x00, 0x00, 0x00, 0x00, 0x00, 0x00, 0x00, 0x00, 0x00, 0x00, 0x00,
  0x00, 0x00, 0x00, 0x00, 0x00, 0x00, 0x00, 0x00, 0x00, 0x00, 0x00, 0x00,
  0x00, 0x00, 0x00, 0x00, 0x00, 0x00, 0x00, 0x00, 0x00, 0x00, 0x00, 0x00,
  0x00, 0x00, 0x00, 0x00, 0x00, 0x00, 0x00, 0x00, 0x00, 0x00, 0x00, 0x00,
  0x00, 0x00, 0x00, 0x00, 0x00, 0x00, 0x00, 0x00, 0x00, 0x00, 0x00, 0x00,
  0x00, 0x00, 0x00, 0x00, 0x00, 0x00, 0x00, 0x00, 0x00, 0x00, 0x00, 0x00,
  0x00, 0x00, 0x00, 0x00, 0x00, 0x00, 0x00, 0x00, 0x00, 0x00, 0x00, 0x00,
  0x00, 0x00, 0x00, 0x00, 0x00, 0x00, 0x00, 0x00, 0x00, 0x00, 0x00, 0x00,
  0x00, 0x00, 0x00, 0x00, 0x00, 0x00, 0x00, 0x00, 0x00, 0x00, 0x00, 0x00,
  0x00, 0x00, 0x00, 0x00, 0x00, 0x00, 0x00, 0x00, 0x00, 0x00, 0x00, 0x00,
  0x00, 0x00, 0x00, 0x00, 0x00, 0x00, 0x00, 0x00, 0x00, 0x00, 0x00, 0x00,
  0x00, 0x00, 0x00, 0x00, 0x00, 0x00, 0x00, 0x00, 0x00, 0x00, 0x00, 0x00,
  0x00, 0x00, 0x00, 0x00, 0x00, 0x00, 0x00, 0x00, 0x00, 0x00, 0x00, 0x00,
  0x00, 0x00, 0x00, 0x00, 0x00, 0x00, 0x00, 0x00, 0x00, 0x00, 0x00, 0x00,
  0x00, 0x00, 0x00, 0x00, 0x00, 0x00, 0x00, 0x00, 0x00, 0x00, 0x00, 0x00,
  0x00, 0x00, 0x00, 0x00, 0x00, 0x00, 0x00, 0x00, 0x00, 0x00, 0x00, 0x00,
  0x00, 0x00, 0x00, 0x00, 0x00, 0x00, 0x00, 0x00, 0x00, 0x00, 0x00, 0x00,
  0x00, 0x00, 0x00, 0x00, 0x00, 0x00, 0x00, 0x00, 0x00, 0x00, 0x00, 0x00,
  0x00, 0x00, 0x00, 0x00, 0x00, 0x00, 0x00, 0x00, 0x00, 0x00, 0x00, 0x00,
  0x00, 0x00, 0x00, 0x00, 0x00, 0x00, 0x00, 0x00, 0x00, 0x00, 0x00, 0x00,
  0x00, 0x00, 0x00, 0x00, 0x00, 0x00, 0x00, 0x00, 0x00, 0x00, 0x00, 0x00,
  0x00, 0x00, 0x00, 0x00, 0x00, 0x00, 0x00, 0x00, 0x00, 0x00, 0x00, 0x00,
  0x00, 0x00, 0x00, 0x00, 0x00, 0x00, 0x00, 0x00, 0x00, 0x00, 0x00, 0x00,
  0x00, 0x00, 0x00, 0x00, 0x00, 0x00, 0x00, 0x00, 0x00, 0x00, 0x00, 0x00,
  0x00, 0x00, 0x00, 0x00, 0x00, 0x00, 0x00, 0x00, 0x00, 0x00, 0x00, 0x00,
  0x00, 0x00, 0x00, 0x00, 0x00, 0x00, 0x00, 0x00, 0x00, 0x00, 0x00, 0x00,
  0x00, 0x00, 0x00, 0x00, 0x00, 0x00, 0x00, 0x00, 0x00, 0x00, 0x00, 0x00,
  0x00, 0x00, 0x00, 0x00, 0x00, 0x00, 0x00, 0x00, 0x00, 0x00, 0x00, 0x00,
  0x00, 0x00, 0x00, 0x00, 0x00, 0x00, 0x00, 0x00, 0x00, 0x00, 0x00, 0x00,
  0x00, 0x00, 0x00, 0x00, 0x00, 0x00, 0x00, 0x00, 0x00, 0x00, 0x00, 0x00,
  0x00, 0x00, 0x00, 0x00, 0x00, 0x00, 0x00, 0x00, 0x00, 0x00, 0x00, 0x00,
  0x00, 0x00, 0x00, 0x00, 0x00, 0x00, 0x00, 0x00, 0x00, 0x00, 0x00, 0x00,
  0x00, 0x00, 0x00, 0x00, 0x00, 0x00, 0x00, 0x00, 0x00, 0x00, 0x00, 0x00,
  0x00, 0x00, 0x00, 0x00, 0x00, 0x00, 0x00, 0x00, 0x00, 0x00, 0x00, 0x00,
  0x00, 0x00, 0x00, 0x00, 0x00, 0x00, 0x00, 0x00, 0x00, 0x00, 0x00, 0x00,
  0x00, 0x00, 0x00, 0x00, 0x00, 0x00, 0x00, 0x00, 0x00, 0x00, 0x00, 0x00,
  0x00, 0x00, 0x00, 0x00, 0x00, 0x00, 0x00, 0x00, 0x00, 0x00, 0x00, 0x00,
  0x00, 0x00, 0x00, 0x00, 0x00, 0x00, 0x00, 0x00, 0x00, 0x00, 0x00, 0x00,
  0x00, 0x00, 0x00, 0x00, 0x00, 0x00, 0x00, 0x00, 0x00, 0x00, 0x00, 0x00,
  0x00, 0x00, 0x00, 0x00, 0x00, 0x00, 0x00, 0x00, 0x00, 0x00, 0x00, 0x00,
  0x00, 0x00, 0x00, 0x00, 0x00, 0x00, 0x00, 0x00, 0x00, 0x00, 0x00, 0x00,
  0x00, 0x00, 0x00, 0x00, 0x00, 0x00, 0x00, 0x00, 0x00, 0x00, 0x00, 0x00,
  0x00, 0x00, 0x00, 0x00, 0x00, 0x00, 0x00, 0x00, 0x00, 0x00, 0x00, 0x00,
  0x00, 0x00, 0x00, 0x00, 0x00, 0x00, 0x00, 0x00, 0x00, 0x00, 0x00, 0x00,
  0x00, 0x00, 0x00, 0x00, 0x00, 0x00, 0x00, 0x00, 0x00, 0x00, 0x00, 0x00,
  0x00, 0x00, 0x00, 0x00, 0x00, 0x00, 0x00, 0x00, 0x00, 0x00, 0x00, 0x00,
  0x00, 0x00, 0x00, 0x00, 0x00, 0x00, 0x00, 0x00, 0x00, 0x00, 0x00, 0x00,
  0x00, 0x00, 0x00, 0x00, 0x00, 0x00, 0x00, 0x00, 0x00, 0x00, 0x00, 0x00,
  0x00, 0x00, 0x00, 0x00, 0x00, 0x00, 0x00, 0x00, 0x00, 0x00, 0x00, 0x00,
  0x00, 0x00, 0x00, 0x00, 0x00, 0x00, 0x00, 0x00, 0x00, 0x00, 0x00, 0x00,
  0x00, 0x00, 0x00, 0x00, 0x00, 0x00, 0x00, 0x00, 0x00, 0x00, 0x00, 0x00,
  0x00, 0x00, 0x00, 0x00, 0x00, 0x00, 0x00, 0x00, 0x00, 0x00, 0x00, 0x00,
  0x00, 0x00, 0x00, 0x00, 0x00, 0x00, 0x00, 0x00, 0x00, 0x00, 0x00, 0x00,
  0x00, 0x00, 0x00, 0x00, 0x00, 0x00, 0x00, 0x00, 0x00, 0x00, 0x00, 0x00,
  0x00, 0x00, 0x00, 0x00, 0x00, 0x00, 0x00, 0x00, 0x00, 0x00, 0x00, 0x00,
  0x00, 0x00, 0x00, 0x00, 0x00, 0x00, 0x00, 0x00, 0x00, 0x00, 0x00, 0x00,
  0x00, 0x00, 0x00, 0x00, 0x00, 0x00, 0x00, 0x00, 0x00, 0x00, 0x00, 0x00,
  0x00, 0x00, 0x00, 0x00, 0x00, 0x00, 0x00, 0x00, 0x00, 0x00, 0x00, 0x00,
  0x00, 0x00, 0x00, 0x00, 0x00, 0x00, 0x00, 0x00, 0x00, 0x00, 0x00, 0x00,
  0x00, 0x00, 0x00, 0x00, 0x00, 0x00, 0x00, 0x00, 0x00, 0x00, 0x00, 0x00,
  0x00, 0x00, 0x00, 0x00, 0x00, 0x00, 0x00, 0x00, 0x00, 0x00, 0x00, 0x00,
  0x00, 0x00, 0x00, 0x00, 0x00, 0x00, 0x00, 0x00, 0x00, 0x00, 0x00, 0x00,
  0x00, 0x00, 0x00, 0x00, 0x00, 0x00, 0x00, 0x00, 0x00, 0x00, 0x00, 0x00,
  0x00, 0x00, 0x00, 0x00, 0x00, 0x00, 0x00, 0x00, 0x00, 0x00, 0x00, 0x00,
  0x00, 0x00, 0x00, 0x00, 0x00, 0x00, 0x00, 0x00, 0x00, 0x00, 0x00, 0x00,
  0x00, 0x00, 0x00, 0x00, 0x00, 0x00, 0x00, 0x00, 0x00, 0x00, 0x00, 0x00,
  0x00, 0x00, 0x00, 0x00, 0x00, 0x00, 0x00, 0x00, 0x00, 0x00, 0x00, 0x00,
  0x00, 0x00, 0x00, 0x00, 0x00, 0x00, 0x00, 0x00, 0x00, 0x00, 0x00, 0x00,
  0x00, 0x00, 0x00, 0x00, 0x00, 0x00, 0x00, 0x00, 0x00, 0x00, 0x00, 0x00,
  0x00, 0x00, 0x00, 0x00, 0x00, 0x00, 0x00, 0x00, 0x00, 0x00, 0x00, 0x00,
  0x00, 0x00, 0x00, 0x00, 0x00, 0x00, 0x00, 0x00, 0x00, 0x00, 0x00, 0x00,
  0x00, 0x00, 0x00, 0x00, 0x00, 0x00, 0x00, 0x00, 0x00, 0x00, 0x00, 0x00,
  0x00, 0x00, 0x00, 0x00, 0x00, 0x00, 0x00, 0x00, 0x00, 0x00, 0x00, 0x00,
  0x00, 0x00, 0x00, 0x00, 0x00, 0x00, 0x00, 0x00, 0x00, 0x00, 0x00, 0x00,
  0x00, 0x00, 0x00, 0x00, 0x00, 0x00, 0x00, 0x00, 0x00, 0x00, 0x00, 0x00,
  0x00, 0x00, 0x00, 0x00, 0x00, 0x00, 0x00, 0x00, 0x00, 0x00, 0x00, 0x00,
  0x00, 0x00, 0x00, 0x00, 0x00, 0x00, 0x00, 0x00, 0x00, 0x00, 0x00, 0x00,
  0x00, 0x00, 0x00, 0x00, 0x00, 0x00, 0x00, 0x00, 0x00, 0x00, 0x00, 0x00,
  0x00, 0x00, 0x00, 0x00, 0x00, 0x00, 0x00, 0x00, 0x00, 0x00, 0x00, 0x00,
  0x00, 0x00, 0x00, 0x00, 0x00, 0x00, 0x00, 0x00, 0x00, 0x00, 0x00, 0x00,
  0x00, 0x00, 0x00, 0x00, 0x55, 0x48, 0x89, 0xe5, 0x53, 0x48, 0x83, 0xec,
  0x18, 0x48, 0x83, 0x3d, 0x5f, 0xdc, 0x00, 0x00, 0x00, 0x74, 0x5a, 0x48,
  0x83, 0x3d, 0x5d, 0xdc, 0x00, 0x00, 0x00, 0x74, 0x50, 0x75, 0x6a, 0xbb,
  0xff, 0xff, 0xff, 0xff, 0x31, 0xc0, 0x48, 0xc7, 0x45, 0xf0, 0x00, 0x00,
  0x00, 0x00, 0x84, 0xc0, 0x74, 0x2d, 0x48, 0x83, 0x3d, 0x36, 0xdc, 0x00,
  0x00, 0x00, 0x74, 0x23, 0x48, 0x8d, 0x35, 0xf8, 0xe4, 0x00, 0x00, 0x48,
  0x8d, 0x55, 0xf0, 0x89, 0xdf, 0xff, 0x15, 0x21, 0xdc, 0x00, 0x00, 0x48,
  0x8b, 0x45, 0xf0, 0x48, 0x85, 0xc0, 0x74, 0x07, 0x48, 0x89, 0x05, 0xd9,
  0x3f, 0x01, 0x00, 0x48, 0x83, 0x3d, 0x11, 0xdc, 0x00, 0x00, 0x00, 0x0f,
  0x85, 0xb3, 0x00, 0x00, 0x00, 0x48, 0x8b, 0x1d, 0x0c, 0xdc, 0x00, 0x00,
  0x66, 0x66, 0x66, 0x2e, 0x0f, 0x1f, 0x84, 0x00, 0x00, 0x00, 0x00, 0x00,
  0xbf, 0x3c, 0x00, 0x00, 0x00, 0xff, 0xd3, 0xeb, 0xf7, 0x48, 0x8d, 0x3d,
  0x71, 0xde, 0x00, 0x00, 0x31, 0xf6, 0x31, 0xd2, 0x31, 0xc9, 0x45, 0x31,
  0xc0, 0x45, 0x31, 0xc9, 0xff, 0x15, 0xd6, 0xdb, 0x00, 0x00, 0x89, 0xc3,
  0x85, 0xc0, 0x79, 0x29, 0x48, 0x83, 0x3d, 0xc8, 0xdb, 0x00, 0x00, 0x00,
  0x0f, 0x84, 0x69, 0xff, 0xff, 0xff, 0x48, 0x8d, 0x3d, 0x6b, 0xec, 0x00,
  0x00, 0x31, 0xf6, 0x31, 0xd2, 0x31, 0xc9, 0x45, 0x31, 0xc0, 0x45, 0x31,
  0xc9, 0xff, 0x15, 0xa9, 0xdb, 0x00, 0x00, 0x89, 0xc3, 0x48, 0xc7, 0x45,
  0xf0, 0x00, 0x00, 0x00, 0x00, 0x85, 0xdb, 0x0f, 0x99, 0xc0, 0x0f, 0x88,
  0x42, 0xff, 0xff, 0xff, 0x48, 0x83, 0x3d, 0x84, 0xdb, 0x00, 0x00, 0x00,
  0x0f, 0x84, 0x34, 0xff, 0xff, 0xff, 0x48, 0x8d, 0x35, 0x02, 0xee, 0x00,
  0x00, 0x48, 0x8d, 0x55, 0xf0, 0x89, 0xdf, 0xff, 0x15, 0x6b, 0xdb, 0x00,
  0x00, 0x48, 0x8b, 0x4d, 0xf0, 0xb0, 0x01, 0x48, 0x85, 0xc9, 0x0f, 0x84,
  0x12, 0xff, 0xff, 0xff, 0x48, 0x89, 0x0d, 0x15, 0x3f, 0x01, 0x00, 0xe9,
  0x06, 0xff, 0xff, 0xff, 0x48, 0x8d, 0x3d, 0x46, 0xe1, 0x00, 0x00, 0x31,
  0xf6, 0x31, 0xd2, 0x31, 0xc9, 0x45, 0x31, 0xc0, 0x45, 0x31, 0xc9, 0xff,
  0x15, 0x3f, 0xdb, 0x00, 0x00, 0x89, 0xc3, 0x85, 0xc0, 0x0f, 0x88, 0x0f,
  0x03, 0x00, 0x00, 0x48, 0x83, 0x3d, 0x25, 0xdb, 0x00, 0x00, 0x00, 0x48,
  0xc7, 0x45, 0xf0, 0x00, 0x00, 0x00, 0x00, 0x74, 0x58, 0x48, 0x8d, 0x35,
  0xba, 0xe6, 0x00, 0x00, 0x48, 0x8d, 0x55, 0xf0, 0x89, 0xdf, 0xff, 0x15,
  0x08, 0xdb, 0x00, 0x00, 0x48, 0x8b, 0x45, 0xf0, 0x48, 0x85, 0xc0, 0x74,
  0x07, 0x48, 0x89, 0x05, 0xc8, 0x3e, 0x01, 0x00, 0x48, 0x83, 0x3d, 0xf0,
  0xda, 0x00, 0x00, 0x00, 0x48, 0xc7, 0x45, 0xf0, 0x00, 0x00, 0x00, 0x00,
  0x74, 0x23, 0x48, 0x8d, 0x35, 0xe9, 0xe2, 0x00, 0x00, 0x48, 0x8d, 0x55,
  0xf0, 0x89, 0xdf, 0xff, 0x15, 0xd3, 0xda, 0x00, 0x00, 0x48, 0x8b, 0x45,
  0xf0, 0x48, 0x85, 0xc0, 0x74, 0x07, 0x48, 0x89, 0x05, 0x9b, 0x3e, 0x01,
  0x00, 0x48, 0x83, 0x3d, 0xbb, 0xda, 0x00, 0x00, 0x00, 0x48, 0xc7, 0x45,
  0xf0, 0x00, 0x00, 0x00, 0x00, 0x74, 0x58, 0x48, 0x8d, 0x35, 0x61, 0xe4,
  0x00, 0x00, 0x48, 0x8d, 0x55, 0xf0, 0x89, 0xdf, 0xff, 0x15, 0x9e, 0xda,
  0x00, 0x00, 0x48, 0x8b, 0x45, 0xf0, 0x48, 0x85, 0xc0, 0x74, 0x07, 0x48,
  0x89, 0x05, 0x6e, 0x3e, 0x01, 0x00, 0x48, 0x83, 0x3d, 0x86, 0xda, 0x00,
  0x00, 0x00, 0x48, 0xc7, 0x45, 0xf0, 0x00, 0x00, 0x00, 0x00, 0x74, 0x23,
  0x48, 0x8d, 0x35, 0x97, 0xe5, 0x00, 0x00, 0x48, 0x8d, 0x55, 0xf0, 0x89,
  0xdf, 0xff, 0x15, 0x69, 0xda, 0x00, 0x00, 0x48, 0x8b, 0x45, 0xf0, 0x48,
  0x85, 0xc0, 0x74, 0x07, 0x48, 0x89, 0x05, 0x41, 0x3e, 0x01, 0x00, 0x48,
  0x83, 0x3d, 0x51, 0xda, 0x00, 0x00, 0x00, 0x48, 0xc7, 0x45, 0xf0, 0x00,
  0x00, 0x00, 0x00, 0x74, 0x58, 0x48, 0x8d, 0x35, 0x39, 0xee, 0x00, 0x00,
  0x48, 0x8d, 0x55, 0xf0, 0x89, 0xdf, 0xff, 0x15, 0x34, 0xda, 0x00, 0x00,
  0x48, 0x8b, 0x45, 0xf0, 0x48, 0x85, 0xc0, 0x74, 0x07, 0x48, 0x89, 0x05,
  0x14, 0x3e, 0x01, 0x00, 0x48, 0x83, 0x3d, 0x1c, 0xda, 0x00, 0x00, 0x00,
  0x48, 0xc7, 0x45, 0xf0, 0x00, 0x00, 0x00, 0x00, 0x74, 0x23, 0x48, 0x8d,
  0x35, 0x0d, 0xed, 0x00, 0x00, 0x48, 0x8d, 0x55, 0xf0, 0x89, 0xdf, 0xff,
  0x15, 0xff, 0xd9, 0x00, 0x00, 0x48, 0x8b, 0x45, 0xf0, 0x48, 0x85, 0xc0,
  0x74, 0x07, 0x48, 0x89, 0x05, 0xe7, 0x3d, 0x01, 0x00, 0x48, 0x83, 0x3d,
  0xe7, 0xd9, 0x00, 0x00, 0x00, 0x48, 0xc7, 0x45, 0xf0, 0x00, 0x00, 0x00,
  0x00, 0x74, 0x58, 0x48, 0x8d, 0x35, 0x3c, 0xf0, 0x00, 0x00, 0x48, 0x8d,
  0x55, 0xf0, 0x89, 0xdf, 0xff, 0x15, 0xca, 0xd9, 0x00, 0x00, 0x48, 0x8b,
  0x45, 0xf0, 0x48, 0x85, 0xc0, 0x74, 0x07, 0x48, 0x89, 0x05, 0xba, 0x3d,
  0x01, 0x00, 0x48, 0x83, 0x3d, 0xb2, 0xd9, 0x00, 0x00, 0x00, 0x48, 0xc7,
  0x45, 0xf0, 0x00, 0x00, 0x00, 0x00, 0x74, 0x23, 0x48, 0x8d, 0x35, 0x58,
  0xdc, 0x00, 0x00, 0x48, 0x8d, 0x55, 0xf0, 0x89, 0xdf, 0xff, 0x15, 0x95,
  0xd9, 0x00, 0x00, 0x48, 0x8b, 0x45, 0xf0, 0x48, 0x85, 0xc0, 0x74, 0x07,
  0x48, 0x89, 0x05, 0x8d, 0x3d, 0x01, 0x00, 0x48, 0x83, 0x3d, 0x7d, 0xd9,
  0x00, 0x00, 0x00, 0x48, 0xc7, 0x45, 0xf0, 0x00, 0x00, 0x00, 0x00, 0x74,
  0x58, 0x48, 0x8d, 0x35, 0x7e, 0xe7, 0x00, 0x00, 0x48, 0x8d, 0x55, 0xf0,
  0x89, 0xdf, 0xff, 0x15, 0x60, 0xd9, 0x00, 0x00, 0x48, 0x8b, 0x45, 0xf0,
  0x48, 0x85, 0xc0, 0x74, 0x07, 0x48, 0x89, 0x05, 0x60, 0x3d, 0x01, 0x00,
  0x48, 0x83, 0x3d, 0x48, 0xd9, 0x00, 0x00, 0x00, 0x48, 0xc7, 0x45, 0xf0,
  0x00, 0x00, 0x00, 0x00, 0x74, 0x23, 0x48, 0x8d, 0x35, 0x8f, 0xdb, 0x00,
  0x00, 0x48, 0x8d, 0x55, 0xf0, 0x89, 0xdf, 0xff, 0x15, 0x2b, 0xd9, 0x00,
  0x00, 0x48, 0x8b, 0x45, 0xf0, 0x48, 0x85, 0xc0, 0x74, 0x07, 0x48, 0x89,
  0x05, 0x33, 0x3d, 0x01, 0x00, 0x48, 0x83, 0x3d, 0x13, 0xd9, 0x00, 0x00,
  0x00, 0x48, 0xc7, 0x45, 0xf0, 0x00, 0x00, 0x00, 0x00, 0x74, 0x58, 0x48,
  0x8d, 0x35, 0xbd, 0xe4, 0x00, 0x00, 0x48, 0x8d, 0x55, 0xf0, 0x89, 0xdf,
  0xff, 0x15, 0xf6, 0xd8, 0x00, 0x00, 0x48, 0x8b, 0x45, 0xf0, 0x48, 0x85,
  0xc0, 0x74, 0x07, 0x48, 0x89, 0x05, 0x06, 0x3d, 0x01, 0x00, 0x48, 0x83,
  0x3d, 0xde, 0xd8, 0x00, 0x00, 0x00, 0x48, 0xc7, 0x45, 0xf0, 0x00, 0x00,
  0x00, 0x00, 0x74, 0x23, 0x48, 0x8d, 0x35, 0xa5, 0xea, 0x00, 0x00, 0x48,
  0x8d, 0x55, 0xf0, 0x89, 0xdf, 0xff, 0x15, 0xc1, 0xd8, 0x00, 0x00, 0x48,
  0x8b, 0x45, 0xf0, 0x48, 0x85, 0xc0, 0x74, 0x07, 0x48, 0x89, 0x05, 0xd9,
  0x3c, 0x01, 0x00, 0x48, 0x83, 0x3d, 0xa9, 0xd8, 0x00, 0x00, 0x00, 0x48,
  0xc7, 0x45, 0xf0, 0x00, 0x00, 0x00, 0x00, 0x74, 0x23, 0x48, 0x8d, 0x35,
  0xbf, 0xe8, 0x00, 0x00, 0x48, 0x8d, 0x55, 0xf0, 0x89, 0xdf, 0xff, 0x15,
  0x8c, 0xd8, 0x00, 0x00, 0x48, 0x8b, 0x45, 0xf0, 0x48, 0x85, 0xc0, 0x74,
  0x07, 0x48, 0x89, 0x05, 0xac, 0x3c, 0x01, 0x00, 0x48, 0x8b, 0x05, 0x45,
  0x3c, 0x01, 0x00, 0x48, 0x85, 0xc0, 0x0f, 0x84, 0x69, 0xfc, 0xff, 0xff,
  0x48, 0x83, 0x3d, 0x3c, 0x3c, 0x01, 0x00, 0x00, 0x0f, 0x84, 0x5b, 0xfc,
  0xff, 0xff, 0xff, 0xd0, 0x48, 0x89, 0x05, 0x8d, 0x3c, 0x01, 0x00, 0x48,
  0x8b, 0x05, 0x36, 0x3c, 0x01, 0x00, 0x48, 0x85, 0xc0, 0x74, 0x61, 0x48,
  0x8d, 0x3d, 0xf0, 0xec, 0x00, 0x00, 0xff, 0xd0, 0x48, 0x89, 0x05, 0x79,
  0x3c, 0x01, 0x00, 0x48, 0x85, 0xc0, 0x75, 0x53, 0x48, 0x8d, 0x3d, 0x17,
  0xea, 0x00, 0x00, 0xff, 0x15, 0x0f, 0x3c, 0x01, 0x00, 0x48, 0x89, 0x05,
  0x60, 0x3c, 0x01, 0x00, 0xeb, 0x3d, 0x48, 0x83, 0x3d, 0x1e, 0xd8, 0x00,
  0x00, 0x00, 0x0f, 0x84, 0x0d, 0xfc, 0xff, 0xff, 0x48, 0x8d, 0x3d, 0x8e,
  0xe7, 0x00, 0x00, 0x31, 0xf6, 0x31, 0xd2, 0x31, 0xc9, 0x45, 0x31, 0xc0,
  0x45, 0x31, 0xc9, 0xff, 0x15, 0xff, 0xd7, 0x00, 0x00, 0x89, 0xc3, 0x85,
  0xc0, 0x0f, 0x89, 0xc0, 0xfc, 0xff, 0xff, 0xe9, 0xe5, 0xfb, 0xff, 0xff,
  0x48, 0x8b, 0x05, 0x21, 0x3c, 0x01, 0x00, 0x48, 0x83, 0x3d, 0x11, 0x3c,
  0x01, 0x00, 0x00, 0x0f, 0x84, 0xd0, 0xfb, 0xff, 0xff, 0x48, 0x85, 0xc0,
  0x0f, 0x84, 0xc7, 0xfb, 0xff, 0xff, 0x48, 0x8b, 0x1d, 0xdb, 0xd7, 0x00,
  0x00, 0x48, 0x8d, 0x15, 0x3c, 0x00, 0x00, 0x00, 0x48, 0x8d, 0x7d, 0xf0,
  0x31, 0xf6, 0x31, 0xc9, 0xff, 0xd3, 0x48, 0x8d, 0x15, 0x3b, 0x01, 0x00,
  0x00, 0x48, 0x8d, 0x7d, 0xe8, 0x31, 0xf6, 0x31, 0xc9, 0xff, 0xd3, 0x48,
  0x8b, 0x1d, 0xaa, 0xd7, 0x00, 0x00, 0x66, 0x2e, 0x0f, 0x1f, 0x84, 0x00,
  0x00, 0x00, 0x00, 0x00, 0xbf, 0x3c, 0x00, 0x00, 0x00, 0xff, 0xd3, 0xeb,
  0xf7, 0xcc, 0xcc, 0xcc, 0xcc, 0xcc, 0xcc, 0xcc, 0x55, 0x48, 0x89, 0xe5,
  0x41, 0x57, 0x41, 0x56, 0x41, 0x55, 0x41, 0x54, 0x53, 0x48, 0x83, 0xec,
  0x38, 0xbf, 0x02, 0x00, 0x00, 0x00, 0xbe, 0x02, 0x00, 0x00, 0x00, 0x31,
  0xd2, 0xff, 0x15, 0x7d, 0xd7, 0x00, 0x00, 0x85, 0xc0, 0x78, 0x5c, 0x48,
  0x8d, 0x4d, 0xd4, 0x89, 0xc7, 0xbe, 0xff, 0xff, 0x00, 0x00, 0xba, 0x04,
  0x00, 0x00, 0x00, 0x41, 0xb8, 0x04, 0x00, 0x00, 0x00, 0x89, 0xc3, 0xc7,
  0x45, 0xd4, 0x01, 0x00, 0x00, 0x00, 0xff, 0x15, 0x5c, 0xd7, 0x00, 0x00,
  0xc5, 0xf8, 0x57, 0xc0, 0x48, 0x8d, 0x75, 0xb0, 0x89, 0xdf, 0xba, 0x10,
  0x00, 0x00, 0x00, 0xc5, 0xf8, 0x29, 0x45, 0xb0, 0xc6, 0x45, 0xb1, 0x02,
  0x66, 0xc7, 0x45, 0xb2, 0x71, 0x64, 0xc7, 0x45, 0xb4, 0x7f, 0x00, 0x00,
  0x01, 0xff, 0x15, 0x39, 0xd7, 0x00, 0x00, 0x85, 0xc0, 0x74, 0x19, 0x89,
  0xdf, 0xff, 0x15, 0x35, 0xd7, 0x00, 0x00, 0x31, 0xc0, 0x48, 0x83, 0xc4,
  0x38, 0x5b, 0x41, 0x5c, 0x41, 0x5d, 0x41, 0x5e, 0x41, 0x5f, 0x5d, 0xc3,
  0x4c, 0x8b, 0x2d, 0x25, 0xd7, 0x00, 0x00, 0x4c, 0x8b, 0x25, 0x26, 0xd7,
  0x00, 0x00, 0x4c, 0x8d, 0x75, 0xc8, 0x4c, 0x8d, 0x7d, 0xa0, 0xeb, 0x31,
  0x48, 0xba, 0xdb, 0x34, 0xb6, 0xd7, 0x82, 0xde, 0x1b, 0x43, 0x48, 0x69,
  0x4d, 0xa0, 0xe8, 0x03, 0x00, 0x00, 0xc4, 0xe2, 0xfb, 0xf6, 0x45, 0xa8,
  0x48, 0xc1, 0xe8, 0x12, 0x48, 0x01, 0xc8, 0x48, 0x8b, 0x4d, 0xc8, 0x48,
  0x89, 0x0d, 0xfa, 0x3a, 0x01, 0x00, 0x48, 0x89, 0x05, 0xeb, 0x3a, 0x01,
  0x00, 0xba, 0x08, 0x00, 0x00, 0x00, 0x89, 0xdf, 0x4c, 0x89, 0xf6, 0x31,
  0xc9, 0x48, 0xc7, 0x45, 0xc8, 0x00, 0x00, 0x00, 0x00, 0x41, 0xff, 0xd5,
  0x48, 0x83, 0xf8, 0x08, 0x75, 0xe3, 0xbf, 0x04, 0x00, 0x00, 0x00, 0x4c,
  0x89, 0xfe, 0x41, 0xff, 0xd4, 0x85, 0xc0, 0x74, 0xa3, 0x31, 0xc0, 0xeb,
  0xbe, 0xcc, 0xcc, 0xcc, 0x55, 0x48, 0x89, 0xe5, 0x41, 0x57, 0x41, 0x56,
  0x41, 0x55, 0x41, 0x54, 0x53, 0x48, 0x81, 0xec, 0x88, 0x01, 0x00, 0x00,
  0x48, 0x8b, 0x05, 0x85, 0x3a, 0x01, 0x00, 0x48, 0x85, 0xc0, 0x74, 0x0e,
  0x48, 0x8b, 0x3d, 0x81, 0x3a, 0x01, 0x00, 0x48, 0x85, 0xff, 0x74, 0x02,
  0xff, 0xd0, 0xc4, 0xe2, 0x79, 0x18, 0x05, 0xf9, 0xd6, 0x00, 0x00, 0x4c,
  0x8d, 0xa5, 0x50, 0xfe, 0xff, 0xff, 0x45, 0x31, 0xed, 0xc5, 0xf8, 0x29,
  0x85, 0x60, 0xff, 0xff, 0xff, 0xeb, 0x4d, 0xc4, 0xe2, 0x79, 0x18, 0x05,
  0x00, 0xd7, 0x00, 0x00, 0xc5, 0xfb, 0x12, 0x0d, 0xec, 0xd7, 0x00, 0x00,
  0x44, 0x8b, 0x6d, 0xbc, 0xc6, 0x45, 0x82, 0x00, 0x66, 0xc7, 0x45, 0x80,
  0x2d, 0x2d, 0x48, 0x8b, 0x35, 0xaf, 0x3a, 0x01, 0x00, 0x48, 0x8b, 0x15,
  0xb0, 0x3a, 0x01, 0x00, 0x0f, 0xb6, 0x0d, 0x8d, 0x39, 0x01, 0x00, 0x4c,
  0x89, 0xe7, 0x49, 0x89, 0xd8, 0xe8, 0x76, 0x16, 0x00, 0x00, 0xbf, 0xa0,
  0x86, 0x01, 0x00, 0xff, 0x15, 0x2b, 0xd6, 0x00, 0x00, 0x41, 0xff, 0xc5,
  0x41, 0x69, 0xc5, 0xcd, 0xcc, 0xcc, 0xcc, 0xc4, 0xe3, 0x7b, 0xf0, 0xc0,
  0x02, 0x3d, 0xcc, 0xcc, 0xcc, 0x0c, 0x0f, 0x87, 0xdd, 0x02, 0x00, 0x00,
  0x48, 0x8d, 0x3d, 0xc2, 0xe9, 0x00, 0x00, 0x48, 0x8d, 0x35, 0x7d, 0xe6,
  0x00, 0x00, 0xff, 0x15, 0x04, 0xd6, 0x00, 0x00, 0x48, 0x85, 0xc0, 0x0f,
  0x84, 0xc0, 0x02, 0x00, 0x00, 0x4c, 0x89, 0xe7, 0xbe, 0x00, 0x01, 0x00,
  0x00, 0x48, 0x89, 0xc2, 0x48, 0x89, 0xc3, 0x44, 0x89, 0x6d, 0xbc, 0xff,
  0x15, 0xeb, 0xd5, 0x00, 0x00, 0x48, 0x85, 0xc0, 0x0f, 0x84, 0x92, 0x02,
  0x00, 0x00, 0x48, 0x89, 0x5d, 0xd0, 0xeb, 0x38, 0x66, 0x66, 0x66, 0x2e,
  0x0f, 0x1f, 0x84, 0x00, 0x00, 0x00, 0x00, 0x00, 0x41, 0x80, 0xfd, 0x31,
  0x0f, 0x94, 0x05, 0xf9, 0x38, 0x01, 0x00, 0x49, 0x89, 0xdc, 0x48, 0x8b,
  0x5d, 0xd0, 0x4c, 0x89, 0xe7, 0xbe, 0x00, 0x01, 0x00, 0x00, 0x48, 0x89,
  0xda, 0xff, 0x15, 0xad, 0xd5, 0x00, 0x00, 0x48, 0x85, 0xc0, 0x0f, 0x84,
  0x54, 0x02, 0x00, 0x00, 0x4c, 0x89, 0xe7, 0xbe, 0x3d, 0x00, 0x00, 0x00,
  0xff, 0x15, 0x9e, 0xd5, 0x00, 0x00, 0x48, 0x85, 0xc0, 0x74, 0xd3, 0x49,
  0x89, 0xc6, 0x48, 0x8d, 0x35, 0xff, 0xe0, 0x00, 0x00, 0xc6, 0x00, 0x00,
  0x49, 0xff, 0xc6, 0x4c, 0x89, 0xf7, 0xff, 0x15, 0x88, 0xd5, 0x00, 0x00,
  0x48, 0x85, 0xc0, 0x74, 0x03, 0xc6, 0x00, 0x00, 0x4d, 0x89, 0xe7, 0xeb,
  0x0e, 0x66, 0x66, 0x2e, 0x0f, 0x1f, 0x84, 0x00, 0x00, 0x00, 0x00, 0x00,
  0x49, 0xff, 0xc7, 0x41, 0x0f, 0xb6, 0x07, 0x83, 0xf8, 0x09, 0x74, 0xf4,
  0x83, 0xf8, 0x20, 0x74, 0xef, 0x4c, 0x89, 0xe3, 0x4c, 0x8d, 0x25, 0x35,
  0x1a, 0x00, 0x00, 0xeb, 0x06, 0x0f, 0x1f, 0x00, 0x49, 0xff, 0xc6, 0x45,
  0x0f, 0xb6, 0x2e, 0x41, 0x83, 0xfd, 0x20, 0x74, 0xf3, 0x41, 0x83, 0xfd,
  0x09, 0x74, 0xed, 0x4c, 0x89, 0xff, 0x48, 0x8d, 0x35, 0x5d, 0xe4, 0x00,
  0x00, 0x41, 0xff, 0xd4, 0x85, 0xc0, 0x0f, 0x84, 0x38, 0x01, 0x00, 0x00,
  0x4c, 0x89, 0xff, 0x48, 0x8d, 0x35, 0x7a, 0xde, 0x00, 0x00, 0x41, 0xff,
  0xd4, 0x85, 0xc0, 0x0f, 0x84, 0x33, 0xff, 0xff, 0xff, 0x4c, 0x89, 0xff,
  0x48, 0x8d, 0x35, 0x3d, 0xdf, 0x00, 0x00, 0x41, 0xff, 0xd4, 0x85, 0xc0,
  0x0f, 0x84, 0x1e, 0xff, 0xff, 0xff, 0x4c, 0x89, 0xff, 0x48, 0x8d, 0x35,
  0x27, 0xe4, 0x00, 0x00, 0x41, 0xff, 0xd4, 0x85, 0xc0, 0x0f, 0x84, 0x09,
  0x01, 0x00, 0x00, 0x4c, 0x89, 0xff, 0x48, 0x8d, 0x35, 0x2c, 0xd9, 0x00,
  0x00, 0x41, 0xff, 0xd4, 0x85, 0xc0, 0x0f, 0x84, 0x04, 0x01, 0x00, 0x00,
  0x4c, 0x89, 0xff, 0x48, 0x8d, 0x35, 0xf7, 0xd7, 0x00, 0x00, 0x41, 0xff,
  0xd4, 0x85, 0xc0, 0x0f, 0x84, 0xff, 0x00, 0x00, 0x00, 0x4c, 0x89, 0xff,
  0x48, 0x8d, 0x35, 0xaa, 0xe0, 0x00, 0x00, 0x41, 0xff, 0xd4, 0x85, 0xc0,
  0x0f, 0x84, 0xfa, 0x00, 0x00, 0x00, 0x4c, 0x89, 0xff, 0x48, 0x8d, 0x35,
  0x64, 0xe2, 0x00, 0x00, 0x41, 0xff, 0xd4, 0x49, 0x89, 0xdc, 0x48, 0x8b,
  0x5d, 0xd0, 0x85, 0xc0, 0x0f, 0x85, 0xc0, 0xfe, 0xff, 0xff, 0x4c, 0x8d,
  0x3d, 0x67, 0x19, 0x00, 0x00, 0x4c, 0x89, 0xf7, 0x48, 0x8d, 0x35, 0xcd,
  0xe9, 0x00, 0x00, 0x41, 0xff, 0xd7, 0x85, 0xc0, 0x0f, 0x84, 0xde, 0x00,
  0x00, 0x00, 0x4c, 0x89, 0xf7, 0x48, 0x8d, 0x35, 0x2c, 0xdf, 0x00, 0x00,
  0x41, 0xff, 0xd7, 0x85, 0xc0, 0x0f, 0x84, 0xc9, 0x00, 0x00, 0x00, 0x4c,
  0x89, 0xf7, 0x48, 0x8d, 0x35, 0xfe, 0xe6, 0x00, 0x00, 0x41, 0xff, 0xd7,
  0x85, 0xc0, 0x0f, 0x84, 0xc3, 0x00, 0x00, 0x00, 0x4c, 0x89, 0xf7, 0x48,
  0x8d, 0x35, 0xf5, 0xe6, 0x00, 0x00, 0x41, 0xff, 0xd7, 0x85, 0xc0, 0x0f,
  0x84, 0xae, 0x00, 0x00, 0x00, 0x4c, 0x89, 0xf7, 0x48, 0x8d, 0x35, 0xf3,
  0xe3, 0x00, 0x00, 0x41, 0xff, 0xd7, 0x85, 0xc0, 0x0f, 0x84, 0xa8, 0x00,
  0x00, 0x00, 0x4c, 0x89, 0xf7, 0x48, 0x8d, 0x35, 0x46, 0xda, 0x00, 0x00,
  0x41, 0xff, 0xd7, 0x85, 0xc0, 0x0f, 0x84, 0x93, 0x00, 0x00, 0x00, 0xc7,
  0x05, 0xeb, 0x37, 0x01, 0x00, 0x00, 0x00, 0x00, 0x00, 0xe9, 0x2c, 0xfe,
  0xff, 0xff, 0x66, 0x2e, 0x0f, 0x1f, 0x84, 0x00, 0x00, 0x00, 0x00, 0x00,
  0x41, 0x80, 0xfd, 0x31, 0x0f, 0x94, 0x05, 0x05, 0x37, 0x01, 0x00, 0xe9,
  0x0b, 0xfe, 0xff, 0xff, 0x41, 0x80, 0xfd, 0x31, 0x0f, 0x94, 0x05, 0xfb,
  0x36, 0x01, 0x00, 0xe9, 0xfb, 0xfd, 0xff, 0xff, 0x41, 0x80, 0xfd, 0x31,
  0x0f, 0x94, 0x05, 0xed, 0x36, 0x01, 0x00, 0xe9, 0xeb, 0xfd, 0xff, 0xff,
  0x41, 0x80, 0xfd, 0x31, 0x0f, 0x94, 0x05, 0xe1, 0x36, 0x01, 0x00, 0xe9,
  0xdb, 0xfd, 0xff, 0xff, 0x41, 0x80, 0xe5, 0xdf, 0x31, 0xc0, 0x41, 0x80,
  0xfd, 0x46, 0x0f, 0x94, 0xc0, 0x8d, 0x44, 0x40, 0x63, 0x88, 0x05, 0xc9,
  0x36, 0x01, 0x00, 0xe9, 0xbf, 0xfd, 0xff, 0xff, 0xc7, 0x05, 0x76, 0x37,
  0x01, 0x00, 0x01, 0x00, 0x00, 0x00, 0xe9, 0xb7, 0xfd, 0xff, 0xff, 0xc7,
  0x05, 0x67, 0x37, 0x01, 0x00, 0x02, 0x00, 0x00, 0x00, 0xe9, 0xa8, 0xfd,
  0xff, 0xff, 0xc7, 0x05, 0x58, 0x37, 0x01, 0x00, 0x03, 0x00, 0x00, 0x00,
  0xe9, 0x99, 0xfd, 0xff, 0xff, 0x0f, 0x1f, 0x80, 0x00, 0x00, 0x00, 0x00,
  0x48, 0x89, 0xdf, 0xff, 0x15, 0x5f, 0xd3, 0x00, 0x00, 0x44, 0x8b, 0x6d,
  0xbc, 0x80, 0x3d, 0x34, 0x37, 0x01, 0x00, 0x00, 0x41, 0xb7, 0x01, 0x0f,
  0x85, 0xa1, 0x07, 0x00, 0x00, 0x48, 0x8b, 0x3d, 0x0c, 0x37, 0x01, 0x00,
  0x48, 0x85, 0xff, 0x0f, 0x84, 0xdd, 0xfc, 0xff, 0xff, 0x48, 0x83, 0x3d,
  0xf3, 0x36, 0x01, 0x00, 0x00, 0x0f, 0x84, 0xcf, 0xfc, 0xff, 0xff, 0x48,
  0x8d, 0x35, 0xf3, 0xe0, 0x00, 0x00, 0x48, 0x8d, 0x15, 0x13, 0xdf, 0x00,
  0x00, 0xff, 0x15, 0x81, 0x36, 0x01, 0x00, 0x48, 0x85, 0xc0, 0x0f, 0x84,
  0x98, 0x00, 0x00, 0x00, 0x48, 0x89, 0xc7, 0x48, 0x8d, 0x35, 0xbe, 0xd6,
  0x00, 0x00, 0x48, 0x89, 0xc3, 0xff, 0x15, 0x95, 0x36, 0x01, 0x00, 0x48,
  0x85, 0xc0, 0x0f, 0x84, 0x7c, 0x00, 0x00, 0x00, 0x48, 0x89, 0xc7, 0xff,
  0x15, 0x93, 0x36, 0x01, 0x00, 0x48, 0x85, 0xc0, 0x74, 0x6e, 0x48, 0x89,
  0xc7, 0x31, 0xf6, 0x31, 0xd2, 0x31, 0xc9, 0xff, 0x15, 0x67, 0x36, 0x01,
  0x00, 0x48, 0x85, 0xc0, 0x74, 0x5a, 0x48, 0x89, 0xdf, 0x48, 0x8d, 0x35,
  0x3c, 0xdb, 0x00, 0x00, 0x49, 0x89, 0xc6, 0xff, 0x15, 0x57, 0x36, 0x01,
  0x00, 0x48, 0x85, 0xc0, 0x0f, 0x84, 0xd6, 0x0a, 0x00, 0x00, 0x48, 0x89,
  0xc7, 0xff, 0x15, 0x55, 0x36, 0x01, 0x00, 0x48, 0x85, 0xc0, 0x0f, 0x84,
  0xc4, 0x0a, 0x00, 0x00, 0x48, 0x89, 0xc7, 0x4c, 0x89, 0xf6, 0x31, 0xd2,
  0x31, 0xc9, 0xff, 0x15, 0x24, 0x36, 0x01, 0x00, 0x48, 0x89, 0x05, 0x75,
  0x36, 0x01, 0x00, 0x48, 0x85, 0xc0, 0x75, 0x20, 0xe9, 0xb5, 0x0a, 0x00,
  0x00, 0x66, 0x66, 0x2e, 0x0f, 0x1f, 0x84, 0x00, 0x00, 0x00, 0x00, 0x00,
  0x48, 0x8b, 0x05, 0x59, 0x36, 0x01, 0x00, 0x48, 0x85, 0xc0, 0x0f, 0x84,
  0x9a, 0x0a, 0x00, 0x00, 0x48, 0x8b, 0x3d, 0x29, 0x36, 0x01, 0x00, 0x48,
  0x8d, 0x35, 0x27, 0xe0, 0x00, 0x00, 0x48, 0x8d, 0x15, 0xb0, 0xdb, 0x00,
  0x00, 0xc7, 0x45, 0x80, 0x14, 0x00, 0x00, 0x00, 0xc7, 0x45, 0xc0, 0x00,
  0x00, 0x00, 0x00, 0xc7, 0x45, 0xc8, 0x00, 0x00, 0x00, 0x00, 0xff, 0x15,
  0xa0, 0x35, 0x01, 0x00, 0x48, 0x85, 0xc0, 0x74, 0x20, 0x49, 0x89, 0xc6,
  0x48, 0x8b, 0x05, 0xa1, 0x35, 0x01, 0x00, 0x48, 0x85, 0xc0, 0x74, 0x15,
  0x48, 0x8b, 0x3d, 0xdd, 0x35, 0x01, 0x00, 0x4c, 0x89, 0xf6, 0xff, 0xd0,
  0x48, 0x89, 0xc7, 0xeb, 0x06, 0x31, 0xdb, 0xeb, 0x57, 0x31, 0xff, 0xff,
  0x15, 0xb7, 0x35, 0x01, 0x00, 0x4c, 0x89, 0xf7, 0x48, 0x8d, 0x35, 0xc8,
  0xe2, 0x00, 0x00, 0xba, 0x03, 0x00, 0x00, 0x00, 0x48, 0x89, 0xc3, 0xff,
  0x15, 0x77, 0x35, 0x01, 0x00, 0x48, 0x85, 0xc0, 0x74, 0x32, 0x48, 0x8d,
  0x4d, 0x80, 0x48, 0x89, 0xc7, 0x48, 0x89, 0xde, 0x4c, 0x89, 0xe2, 0x48,
  0x89, 0x8d, 0x50, 0xfe, 0xff, 0xff, 0x48, 0x8d, 0x4d, 0xc0, 0x48, 0x89,
  0x8d, 0x58, 0xfe, 0xff, 0xff, 0x48, 0x8d, 0x4d, 0xc8, 0x48, 0x89, 0x8d,
  0x60, 0xfe, 0xff, 0xff, 0x31, 0xc9, 0xff, 0x15, 0x48, 0x35, 0x01, 0x00,
  0xc5, 0xfa, 0x10, 0x05, 0xfc, 0xd1, 0x00, 0x00, 0x48, 0x8d, 0x3d, 0xb7,
  0xe7, 0x00, 0x00, 0x48, 0x8d, 0x35, 0xd6, 0xe0, 0x00, 0x00, 0x48, 0x89,
  0xda, 0x48, 0x89, 0x1d, 0x88, 0x35, 0x01, 0x00, 0xc5, 0xf8, 0x28, 0xc8,
  0xc5, 0xf8, 0x28, 0xd0, 0xe8, 0xb3, 0x0d, 0x00, 0x00, 0xc5, 0xfa, 0x10,
  0x05, 0xdb, 0xd1, 0x00, 0x00, 0xc5, 0xfa, 0x10, 0x0d, 0xd7, 0xd1, 0x00,
  0x00, 0xc5, 0xfa, 0x10, 0x15, 0xdb, 0xd1, 0x00, 0x00, 0x48, 0x8b, 0x15,
  0x5c, 0x35, 0x01, 0x00, 0x48, 0x8d, 0x3d, 0x93, 0xe3, 0x00, 0x00, 0x48,
  0x8d, 0x35, 0x2d, 0xde, 0x00, 0x00, 0x48, 0x89, 0x05, 0x4f, 0x35, 0x01,
  0x00, 0xe8, 0x7a, 0x0d, 0x00, 0x00, 0x48, 0x8b, 0x1d, 0x33, 0x35, 0x01,
  0x00, 0x48, 0x89, 0x05, 0x44, 0x35, 0x01, 0x00, 0x48, 0x85, 0xdb, 0x74,
  0x59, 0x4c, 0x8b, 0x35, 0x30, 0x35, 0x01, 0x00, 0x4d, 0x85, 0xf6, 0x74,
  0x4d, 0x48, 0x8b, 0x3d, 0xf4, 0x34, 0x01, 0x00, 0x48, 0x8d, 0x35, 0xf2,
  0xde, 0x00, 0x00, 0x48, 0x8d, 0x15, 0x60, 0xe0, 0x00, 0x00, 0xff, 0x15,
  0x80, 0x34, 0x01, 0x00, 0x48, 0x89, 0xc7, 0x48, 0x8d, 0x35, 0xf3, 0xd5,
  0x00, 0x00, 0xba, 0x01, 0x00, 0x00, 0x00, 0xff, 0x15, 0x8b, 0x34, 0x01,
  0x00, 0x48, 0x85, 0xc0, 0x74, 0x18, 0x48, 0x89, 0xc7, 0x48, 0x89, 0xde,
  0x4c, 0x89, 0xe2, 0x31, 0xc9, 0x4c, 0x89, 0xb5, 0x50, 0xfe, 0xff, 0xff,
  0xff, 0x15, 0x76, 0x34, 0x01, 0x00, 0x48, 0x8b, 0x1d, 0xc7, 0x34, 0x01,
  0x00, 0x48, 0x85, 0xdb, 0x74, 0x59, 0x4c, 0x8b, 0x35, 0xd3, 0x34, 0x01,
  0x00, 0x4d, 0x85, 0xf6, 0x74, 0x4d, 0x48, 0x8b, 0x3d, 0x8f, 0x34, 0x01,
  0x00, 0x48, 0x8d, 0x35, 0x8d, 0xde, 0x00, 0x00, 0x48, 0x8d, 0x15, 0xfb,
  0xdf, 0x00, 0x00, 0xff, 0x15, 0x1b, 0x34, 0x01, 0x00, 0x48, 0x89, 0xc7,
  0x48, 0x8d, 0x35, 0x8e, 0xd5, 0x00, 0x00, 0xba, 0x01, 0x00, 0x00, 0x00,
  0xff, 0x15, 0x26, 0x34, 0x01, 0x00, 0x48, 0x85, 0xc0, 0x74, 0x18, 0x48,
  0x89, 0xc7, 0x48, 0x89, 0xde, 0x4c, 0x89, 0xe2, 0x31, 0xc9, 0x4c, 0x89,
  0xb5, 0x50, 0xfe, 0xff, 0xff, 0xff, 0x15, 0x11, 0x34, 0x01, 0x00, 0xc5,
  0xfa, 0x10, 0x05, 0xc5, 0xd0, 0x00, 0x00, 0x48, 0x8b, 0x15, 0x62, 0x34,
  0x01, 0x00, 0x48, 0x8d, 0x3d, 0x50, 0xde, 0x00, 0x00, 0x48, 0x8d, 0x35,
  0x9c, 0xdf, 0x00, 0x00, 0xc5, 0xf8, 0x28, 0xc8, 0xc5, 0xf8, 0x28, 0xd0,
  0xe8, 0x7f, 0x0c, 0x00, 0x00, 0xc5, 0xfa, 0x10, 0x05, 0xa7, 0xd0, 0x00,
  0x00, 0xc5, 0xfa, 0x10, 0x0d, 0xa3, 0xd0, 0x00, 0x00, 0xc5, 0xfa, 0x10,
  0x15, 0xa7, 0xd0, 0x00, 0x00, 0x48, 0x8b, 0x15, 0x28, 0x34, 0x01, 0x00,
  0x48, 0x8d, 0x3d, 0x88, 0xde, 0x00, 0x00, 0x48, 0x8d, 0x35, 0xf9, 0xdc,
  0x00, 0x00, 0x48, 0x89, 0x05, 0x2b, 0x34, 0x01, 0x00, 0xe8, 0x46, 0x0c,
  0x00, 0x00, 0x48, 0x8b, 0x1d, 0xff, 0x33, 0x01, 0x00, 0x48, 0x89, 0x05,
  0x20, 0x34, 0x01, 0x00, 0x48, 0x85, 0xdb, 0x74, 0x59, 0x4c, 0x8b, 0x35,
  0x0c, 0x34, 0x01, 0x00, 0x4d, 0x85, 0xf6, 0x74, 0x4d, 0x48, 0x8b, 0x3d,
  0xc0, 0x33, 0x01, 0x00, 0x48, 0x8d, 0x35, 0xbe, 0xdd, 0x00, 0x00, 0x48,
  0x8d, 0x15, 0x2c, 0xdf, 0x00, 0x00, 0xff, 0x15, 0x4c, 0x33, 0x01, 0x00,
  0x48, 0x89, 0xc7, 0x48, 0x8d, 0x35, 0xbf, 0xd4, 0x00, 0x00, 0xba, 0x01,
  0x00, 0x00, 0x00, 0xff, 0x15, 0x57, 0x33, 0x01, 0x00, 0x48, 0x85, 0xc0,
  0x74, 0x18, 0x48, 0x89, 0xc7, 0x48, 0x89, 0xde, 0x4c, 0x89, 0xe2, 0x31,
  0xc9, 0x4c, 0x89, 0xb5, 0x50, 0xfe, 0xff, 0xff, 0xff, 0x15, 0x42, 0x33,
  0x01, 0x00, 0x48, 0x8b, 0x1d, 0x93, 0x33, 0x01, 0x00, 0x48, 0x85, 0xdb,
  0x74, 0x59, 0x4c, 0x8b, 0x35, 0xaf, 0x33, 0x01, 0x00, 0x4d, 0x85, 0xf6,
  0x74, 0x4d, 0x48, 0x8b, 0x3d, 0x5b, 0x33, 0x01, 0x00, 0x48, 0x8d, 0x35,
  0x59, 0xdd, 0x00, 0x00, 0x48, 0x8d, 0x15, 0xc7, 0xde, 0x00, 0x00, 0xff,
  0x15, 0xe7, 0x32, 0x01, 0x00, 0x48, 0x89, 0xc7, 0x48, 0x8d, 0x35, 0x5a,
  0xd4, 0x00, 0x00, 0xba, 0x01, 0x00, 0x00, 0x00, 0xff, 0x15, 0xf2, 0x32,
  0x01, 0x00, 0x48, 0x85, 0xc0, 0x74, 0x18, 0x48, 0x89, 0xc7, 0x48, 0x89,
  0xde, 0x4c, 0x89, 0xe2, 0x31, 0xc9, 0x4c, 0x89, 0xb5, 0x50, 0xfe, 0xff,
  0xff, 0xff, 0x15, 0xdd, 0x32, 0x01, 0x00, 0xc5, 0xfa, 0x10, 0x05, 0x91,
  0xcf, 0x00, 0x00, 0x48, 0x8b, 0x15, 0x2e, 0x33, 0x01, 0x00, 0x48, 0x8d,
  0x3d, 0x89, 0xe4, 0x00, 0x00, 0x48, 0x8d, 0x35, 0x01, 0xd4, 0x00, 0x00,
  0xc5, 0xf8, 0x28, 0xc8, 0xc5, 0xf8, 0x28, 0xd0, 0xe8, 0x4b, 0x0b, 0x00,
  0x00, 0xc5, 0xfa, 0x10, 0x05, 0x73, 0xcf, 0x00, 0x00, 0xc5, 0xfa, 0x10,
  0x0d, 0x6f, 0xcf, 0x00, 0x00, 0xc5, 0xfa, 0x10, 0x15, 0x73, 0xcf, 0x00,
  0x00, 0x48, 0x8b, 0x15, 0xf4, 0x32, 0x01, 0x00, 0x48, 0x8d, 0x3d, 0xf7,
  0xda, 0x00, 0x00, 0x48, 0x8d, 0x35, 0xc5, 0xdb, 0x00, 0x00, 0x48, 0x89,
  0x05, 0x07, 0x33, 0x01, 0x00, 0xe8, 0x12, 0x0b, 0x00, 0x00, 0x48, 0x8b,
  0x1d, 0xcb, 0x32, 0x01, 0x00, 0x48, 0x89, 0x05, 0xfc, 0x32, 0x01, 0x00,
  0x48, 0x85, 0xdb, 0x74, 0x59, 0x4c, 0x8b, 0x35, 0xe8, 0x32, 0x01, 0x00,
  0x4d, 0x85, 0xf6, 0x74, 0x4d, 0x48, 0x8b, 0x3d, 0x8c, 0x32, 0x01, 0x00,
  0x48, 0x8d, 0x35, 0x8a, 0xdc, 0x00, 0x00, 0x48, 0x8d, 0x15, 0xf8, 0xdd,
  0x00, 0x00, 0xff, 0x15, 0x18, 0x32, 0x01, 0x00, 0x48, 0x89, 0xc7, 0x48,
  0x8d, 0x35, 0x8b, 0xd3, 0x00, 0x00, 0xba, 0x01, 0x00, 0x00, 0x00, 0xff,
  0x15, 0x23, 0x32, 0x01, 0x00, 0x48, 0x85, 0xc0, 0x74, 0x18, 0x48, 0x89,
  0xc7, 0x48, 0x89, 0xde, 0x4c, 0x89, 0xe2, 0x31, 0xc9, 0x4c, 0x89, 0xb5,
  0x50, 0xfe, 0xff, 0xff, 0xff, 0x15, 0x0e, 0x32, 0x01, 0x00, 0x48, 0x8b,
  0x1d, 0x5f, 0x32, 0x01, 0x00, 0x48, 0x85, 0xdb, 0x74, 0x59, 0x4c, 0x8b,
  0x35, 0x8b, 0x32, 0x01, 0x00, 0x4d, 0x85, 0xf6, 0x74, 0x4d, 0x48, 0x8b,
  0x3d, 0x27, 0x32, 0x01, 0x00, 0x48, 0x8d, 0x35, 0x25, 0xdc, 0x00, 0x00,
  0x48, 0x8d, 0x15, 0x93, 0xdd, 0x00, 0x00, 0xff, 0x15, 0xb3, 0x31, 0x01,
  0x00, 0x48, 0x89, 0xc7, 0x48, 0x8d, 0x35, 0x26, 0xd3, 0x00, 0x00, 0xba,
  0x01, 0x00, 0x00, 0x00, 0xff, 0x15, 0xbe, 0x31, 0x01, 0x00, 0x48, 0x85,
  0xc0, 0x74, 0x18, 0x48, 0x89, 0xc7, 0x48, 0x89, 0xde, 0x4c, 0x89, 0xe2,
  0x31, 0xc9, 0x4c, 0x89, 0xb5, 0x50, 0xfe, 0xff, 0xff, 0xff, 0x15, 0xa9,
  0x31, 0x01, 0x00, 0xc5, 0xfa, 0x10, 0x05, 0x5d, 0xce, 0x00, 0x00, 0x48,
  0x8b, 0x15, 0xfa, 0x31, 0x01, 0x00, 0x48, 0x8d, 0x3d, 0x38, 0xd8, 0x00,
  0x00, 0x48, 0x8d, 0x35, 0x3e, 0xd8, 0x00, 0x00, 0xc5, 0xf8, 0x28, 0xc8,
  0xc5, 0xf8, 0x28, 0xd0, 0xe8, 0x17, 0x0a, 0x00, 0x00, 0xc5, 0xfa, 0x10,
  0x05, 0x3f, 0xce, 0x00, 0x00, 0xc5, 0xfa, 0x10, 0x0d, 0x3b, 0xce, 0x00,
  0x00, 0xc5, 0xfa, 0x10, 0x15, 0x3f, 0xce, 0x00, 0x00, 0x48, 0x8b, 0x15,
  0xc0, 0x31, 0x01, 0x00, 0x48, 0x8d, 0x3d, 0x00, 0xd4, 0x00, 0x00, 0x48,
  0x8d, 0x35, 0x6f, 0xd3, 0x00, 0x00, 0x48, 0x89, 0x05, 0xe3, 0x31, 0x01,
  0x00, 0xe8, 0xde, 0x09, 0x00, 0x00, 0x48, 0x8b, 0x1d, 0x97, 0x31, 0x01,
  0x00, 0x48, 0x89, 0x05, 0xd8, 0x31, 0x01, 0x00, 0x48, 0x85, 0xdb, 0x74,
  0x59, 0x4c, 0x8b, 0x35, 0xc4, 0x31, 0x01, 0x00, 0x4d, 0x85, 0xf6, 0x74,
  0x4d, 0x48, 0x8b, 0x3d, 0x58, 0x31, 0x01, 0x00, 0x48, 0x8d, 0x35, 0x56,
  0xdb, 0x00, 0x00, 0x48, 0x8d, 0x15, 0xc4, 0xdc, 0x00, 0x00, 0xff, 0x15,
  0xe4, 0x30, 0x01, 0x00, 0x48, 0x89, 0xc7, 0x48, 0x8d, 0x35, 0x57, 0xd2,
  0x00, 0x00, 0xba, 0x01, 0x00, 0x00, 0x00, 0xff, 0x15, 0xef, 0x30, 0x01,
  0x00, 0x48, 0x85, 0xc0, 0x74, 0x18, 0x48, 0x89, 0xc7, 0x48, 0x89, 0xde,
  0x4c, 0x89, 0xe2, 0x31, 0xc9, 0x4c, 0x89, 0xb5, 0x50, 0xfe, 0xff, 0xff,
  0xff, 0x15, 0xda, 0x30, 0x01, 0x00, 0x48, 0x8b, 0x1d, 0x2b, 0x31, 0x01,
  0x00, 0x48, 0x85, 0xdb, 0x74, 0x59, 0x4c, 0x8b, 0x35, 0x67, 0x31, 0x01,
  0x00, 0x4d, 0x85, 0xf6, 0x74, 0x4d, 0x48, 0x8b, 0x3d, 0xf3, 0x30, 0x01,
  0x00, 0x48, 0x8d, 0x35, 0xf1, 0xda, 0x00, 0x00, 0x48, 0x8d, 0x15, 0x5f,
  0xdc, 0x00, 0x00, 0xff, 0x15, 0x7f, 0x30, 0x01, 0x00, 0x48, 0x89, 0xc7,
  0x48, 0x8d, 0x35, 0xf2, 0xd1, 0x00, 0x00, 0xba, 0x01, 0x00, 0x00, 0x00,
  0xff, 0x15, 0x8a, 0x30, 0x01, 0x00, 0x48, 0x85, 0xc0, 0x74, 0x18, 0x48,
  0x89, 0xc7, 0x48, 0x89, 0xde, 0x4c, 0x89, 0xe2, 0x31, 0xc9, 0x4c, 0x89,
  0xb5, 0x50, 0xfe, 0xff, 0xff, 0xff, 0x15, 0x75, 0x30, 0x01, 0x00, 0xc5,
  0xfa, 0x10, 0x05, 0x29, 0xcd, 0x00, 0x00, 0x48, 0x8b, 0x15, 0xc6, 0x30,
  0x01, 0x00, 0x48, 0x8d, 0x3d, 0x55, 0xde, 0x00, 0x00, 0x48, 0x8d, 0x35,
  0x85, 0xd0, 0x00, 0x00, 0xc5, 0xf8, 0x28, 0xc8, 0xc5, 0xf8, 0x28, 0xd0,
  0xe8, 0xe3, 0x08, 0x00, 0x00, 0xc5, 0xfa, 0x10, 0x05, 0x0b, 0xcd, 0x00,
  0x00, 0xc5, 0xfa, 0x10, 0x0d, 0x07, 0xcd, 0x00, 0x00, 0xc5, 0xfa, 0x10,
  0x15, 0x0b, 0xcd, 0x00, 0x00, 0x48, 0x8b, 0x15, 0x8c, 0x30, 0x01, 0x00,
  0x48, 0x8d, 0x3d, 0xe8, 0xce, 0x00, 0x00, 0x48, 0x8d, 0x35, 0xa9, 0xe2,
  0x00, 0x00, 0x48, 0x89, 0x05, 0xbf, 0x30, 0x01, 0x00, 0xe8, 0xaa, 0x08,
  0x00, 0x00, 0x48, 0x8b, 0x1d, 0x63, 0x30, 0x01, 0x00, 0x48, 0x89, 0x05,
  0xb4, 0x30, 0x01, 0x00, 0x48, 0x85, 0xdb, 0x74, 0x59, 0x4c, 0x8b, 0x35,
  0xa0, 0x30, 0x01, 0x00, 0x4d, 0x85, 0xf6, 0x74, 0x4d, 0x48, 0x8b, 0x3d,
  0x24, 0x30, 0x01, 0x00, 0x48, 0x8d, 0x35, 0x22, 0xda, 0x00, 0x00, 0x48,
  0x8d, 0x15, 0x90, 0xdb, 0x00, 0x00, 0xff, 0x15, 0xb0, 0x2f, 0x01, 0x00,
  0x48, 0x89, 0xc7, 0x48, 0x8d, 0x35, 0x23, 0xd1, 0x00, 0x00, 0xba, 0x01,
  0x00, 0x00, 0x00, 0xff, 0x15, 0xbb, 0x2f, 0x01, 0x00, 0x48, 0x85, 0xc0,
  0x74, 0x18, 0x48, 0x89, 0xc7, 0x48, 0x89, 0xde, 0x4c, 0x89, 0xe2, 0x31,
  0xc9, 0x4c, 0x89, 0xb5, 0x50, 0xfe, 0xff, 0xff, 0xff, 0x15, 0xa6, 0x2f,
  0x01, 0x00, 0x48, 0x8b, 0x1d, 0xf7, 0x2f, 0x01, 0x00, 0x48, 0x85, 0xdb,
  0x74, 0x59, 0x4c, 0x8b, 0x35, 0x43, 0x30, 0x01, 0x00, 0x4d, 0x85, 0xf6,
  0x74, 0x4d, 0x48, 0x8b, 0x3d, 0xbf, 0x2f, 0x01, 0x00, 0x48, 0x8d, 0x35,
  0xbd, 0xd9, 0x00, 0x00, 0x48, 0x8d, 0x15, 0x2b, 0xdb, 0x00, 0x00, 0xff,
  0x15, 0x4b, 0x2f, 0x01, 0x00, 0x48, 0x89, 0xc7, 0x48, 0x8d, 0x35, 0xbe,
  0xd0, 0x00, 0x00, 0xba, 0x01, 0x00, 0x00, 0x00, 0xff, 0x15, 0x56, 0x2f,
  0x01, 0x00, 0x48, 0x85, 0xc0, 0x74, 0x18, 0x48, 0x89, 0xc7, 0x48, 0x89,
  0xde, 0x4c, 0x89, 0xe2, 0x31, 0xc9, 0x4c, 0x89, 0xb5, 0x50, 0xfe, 0xff,
  0xff, 0xff, 0x15, 0x41, 0x2f, 0x01, 0x00, 0xc6, 0x05, 0x8a, 0x2f, 0x01,
  0x00, 0x01, 0x41, 0xf6, 0xc7, 0x01, 0x0f, 0x84, 0x42, 0xf5, 0xff, 0xff,
  0x48, 0x8b, 0x3d, 0x61, 0x2f, 0x01, 0x00, 0x48, 0x85, 0xff, 0x0f, 0x84,
  0x32, 0xf5, 0xff, 0xff, 0x48, 0x8d, 0x35, 0x56, 0xd9, 0x00, 0x00, 0x48,
  0x8d, 0x15, 0xbe, 0xda, 0x00, 0x00, 0xff, 0x15, 0xe4, 0x2e, 0x01, 0x00,
  0x48, 0x89, 0x85, 0x58, 0xff, 0xff, 0xff, 0x48, 0x85, 0xc0, 0x0f, 0x84,
  0x0e, 0xf5, 0xff, 0xff, 0x48, 0x8b, 0x05, 0xad, 0x2e, 0x01, 0x00, 0xc7,
  0x45, 0xa8, 0xff, 0xff, 0xff, 0xff, 0xc7, 0x45, 0xac, 0xff, 0xff, 0xff,
  0xff, 0xc7, 0x45, 0xb0, 0xff, 0xff, 0xff, 0xff, 0x48, 0x85, 0xc0, 0x74,
  0x06, 0x48, 0x8d, 0x7d, 0xa8, 0xff, 0xd0, 0x48, 0x8b, 0x05, 0x8e, 0x2e,
  0x01, 0x00, 0x48, 0x85, 0xc0, 0x74, 0x17, 0x31, 0xff, 0x48, 0x8d, 0x75,
  0xac, 0xff, 0xd0, 0xbf, 0x01, 0x00, 0x00, 0x00, 0x48, 0x8d, 0x75, 0xb0,
  0xff, 0x15, 0x72, 0x2e, 0x01, 0x00, 0x48, 0xb8, 0x06, 0x00, 0x00, 0x00,
  0x05, 0x00, 0x00, 0x00, 0x48, 0x8d, 0x7d, 0xc0, 0xbe, 0x02, 0x00, 0x00,
  0x00, 0x4c, 0x89, 0xe2, 0x48, 0x8d, 0x4d, 0x80, 0x45, 0x31, 0xc0, 0x45,
  0x31, 0xc9, 0x48, 0xc7, 0x85, 0x50, 0xfe, 0xff, 0xff, 0x00, 0x00, 0x00,
  0x00, 0x48, 0xc7, 0x45, 0x80, 0x08, 0x00, 0x00, 0x00, 0x48, 0x89, 0x45,
  0xc0, 0xff, 0x15, 0xed, 0xca, 0x00, 0x00, 0x85, 0xc0, 0x0f, 0x85, 0xd5,
  0x00, 0x00, 0x00, 0x48, 0x83, 0xbd, 0x50, 0xfe, 0xff, 0xff, 0x00, 0x0f,
  0x84, 0xc7, 0x00, 0x00, 0x00, 0x48, 0x8b, 0x1d, 0xd8, 0xca, 0x00, 0x00,
  0x4c, 0x8d, 0x75, 0xc8, 0x48, 0x8d, 0x3d, 0x6f, 0xde, 0x00, 0x00, 0x48,
  0x8d, 0x75, 0xb4, 0x31, 0xc9, 0x45, 0x31, 0xc0, 0xc7, 0x45, 0xb4, 0x00,
  0x00, 0x00, 0x00, 0xc7, 0x45, 0xb8, 0x00, 0x00, 0x00, 0x00, 0xc7, 0x85,
  0x7c, 0xff, 0xff, 0xff, 0x00, 0x00, 0x00, 0x00, 0x48, 0xc7, 0x45, 0xc8,
  0x04, 0x00, 0x00, 0x00, 0x4c, 0x89, 0xf2, 0xff, 0xd3, 0x48, 0x8d, 0x3d,
  0xe7, 0xdf, 0x00, 0x00, 0x48, 0x8d, 0x75, 0xb8, 0x4c, 0x89, 0xf2, 0x31,
  0xc9, 0x45, 0x31, 0xc0, 0xff, 0xd3, 0x48, 0x8d, 0x3d, 0xd3, 0xcc, 0x00,
  0x00, 0x48, 0x8d, 0xb5, 0x7c, 0xff, 0xff, 0xff, 0x4c, 0x89, 0xf2, 0x31,
  0xc9, 0x45, 0x31, 0xc0, 0xff, 0xd3, 0x48, 0x8b, 0x8d, 0x50, 0xfe, 0xff,
  0xff, 0x48, 0x81, 0xf9, 0xff, 0x0f, 0x00, 0x00, 0x76, 0x4a, 0x8b, 0x55,
  0xb4, 0x8b, 0x85, 0x7c, 0xff, 0xff, 0xff, 0x03, 0x45, 0xb8, 0x48, 0xc1,
  0xe9, 0x0c, 0xbf, 0x00, 0x00, 0x00, 0x00, 0x48, 0x89, 0xce, 0x48, 0x29,
  0xd6, 0x48, 0x0f, 0x42, 0xf7, 0x48, 0x85, 0xd2, 0x48, 0x0f, 0x44, 0xf0,
  0x85, 0xc0, 0x48, 0x0f, 0x45, 0xf0, 0x31, 0xd2, 0x48, 0x6b, 0xc6, 0x64,
  0x48, 0xf7, 0xf1, 0x48, 0x89, 0xc3, 0x83, 0xfb, 0x65, 0x72, 0x12, 0x66,
  0x66, 0x66, 0x66, 0x2e, 0x0f, 0x1f, 0x84, 0x00, 0x00, 0x00, 0x00, 0x00,
  0xbb, 0xff, 0xff, 0xff, 0xff, 0xbf, 0x04, 0x00, 0x00, 0x00, 0x4c, 0x89,
  0xe6, 0xff, 0x15, 0xc5, 0xc9, 0x00, 0x00, 0x44, 0x89, 0x6d, 0xbc, 0x85,
  0xc0, 0x74, 0x04, 0x31, 0xc0, 0xeb, 0x25, 0x48, 0xba, 0xdb, 0x34, 0xb6,
  0xd7, 0x82, 0xde, 0x1b, 0x43, 0x48, 0x69, 0x8d, 0x50, 0xfe, 0xff, 0xff,
  0xe8, 0x03, 0x00, 0x00, 0xc4, 0xe2, 0xfb, 0xf6, 0x85, 0x58, 0xfe, 0xff,
  0xff, 0x48, 0xc1, 0xe8, 0x12, 0x48, 0x01, 0xc8, 0x48, 0x8b, 0x0d, 0x8d,
  0x2d, 0x01, 0x00, 0xc5, 0xfb, 0x10, 0x15, 0x8d, 0x2d, 0x01, 0x00, 0x8b,
  0x15, 0x93, 0x2d, 0x01, 0x00, 0x4c, 0x8d, 0x4d, 0x80, 0xc7, 0x45, 0xc0,
  0x00, 0x00, 0xa0, 0x41, 0xc7, 0x45, 0xc8, 0x00, 0x00, 0xa0, 0x41, 0xc7,
  0x45, 0xb4, 0x00, 0x00, 0xd0, 0x41, 0x48, 0x85, 0xc9, 0x41, 0x0f, 0x95,
  0xc6, 0x48, 0x29, 0xc8, 0x0f, 0xb6, 0x0d, 0xa1, 0x2c, 0x01, 0x00, 0x48,
  0x3d, 0xd0, 0x07, 0x00, 0x00, 0x0f, 0xb6, 0x05, 0x90, 0x2c, 0x01, 0x00,
  0x41, 0x0f, 0x92, 0xc7, 0x00, 0xc1, 0x02, 0x0d, 0x8a, 0x2c, 0x01, 0x00,
  0x02, 0x0d, 0x86, 0x2c, 0x01, 0x00, 0x02, 0x0d, 0x84, 0x2c, 0x01, 0x00,
  0x48, 0x83, 0xfa, 0x03, 0x77, 0x62, 0x48, 0x8d, 0x35, 0x23, 0xcb, 0x00,
  0x00, 0x48, 0x63, 0x14, 0x96, 0x48, 0x01, 0xf2, 0xff, 0xe2, 0xc7, 0x45,
  0xc0, 0x00, 0x00, 0xa0, 0x41, 0xeb, 0x42, 0xc7, 0x45, 0xc0, 0x00, 0x00,
  0xa0, 0x41, 0xeb, 0x07, 0xc7, 0x45, 0xc0, 0x00, 0x80, 0xd9, 0x44, 0x0f,
  0xb6, 0xc9, 0xc5, 0xfa, 0x10, 0x0d, 0x86, 0xc9, 0x00, 0x00, 0xc5, 0xe2,
  0x2a, 0xc1, 0xc4, 0xe2, 0x71, 0x99, 0x05, 0x7d, 0xc9, 0x00, 0x00, 0xc5,
  0xfa, 0x10, 0x0d, 0x61, 0xc9, 0x00, 0x00, 0xc5, 0xf2, 0x5c, 0xc0, 0xc5,
  0xfa, 0x11, 0x45, 0xc8, 0xeb, 0x0e, 0xc7, 0x45, 0xc0, 0x00, 0x80, 0xd9,
  0x44, 0xc7, 0x45, 0xc8, 0x00, 0x00, 0xa0, 0x41, 0x48, 0x8d, 0x4d, 0xc8,
  0x48, 0x8d, 0x75, 0xb8, 0x48, 0x8d, 0x55, 0xb4, 0xc7, 0x45, 0xb8, 0x00,
  0x00, 0x00, 0x00, 0xc5, 0xfb, 0x11, 0x55, 0xd0, 0x48, 0x89, 0x8d, 0x50,
  0xfe, 0xff, 0xff, 0x8b, 0x4d, 0xa8, 0x48, 0x89, 0xb5, 0x58, 0xfe, 0xff,
  0xff, 0x48, 0x89, 0x95, 0x60, 0xfe, 0xff, 0xff, 0x48, 0x8d, 0xb5, 0x58,
  0xff, 0xff, 0xff, 0x48, 0x8d, 0x55, 0xc0, 0x48, 0x89, 0xb5, 0x68, 0xfe,
  0xff, 0xff, 0x48, 0x89, 0x95, 0x70, 0xfe, 0xff, 0xff, 0x85, 0xc9, 0x78,
  0x79, 0x80, 0x3d, 0xcc, 0x2b, 0x01, 0x00, 0x66, 0x41, 0xb8, 0x43, 0x00,
  0x00, 0x00, 0x75, 0x19, 0x8d, 0x0c, 0xc9, 0xb8, 0xcd, 0xcc, 0xcc, 0xcc,
  0x41, 0xb8, 0x46, 0x00, 0x00, 0x00, 0x48, 0x0f, 0xaf, 0xc8, 0x48, 0xc1,
  0xe9, 0x22, 0x83, 0xc1, 0x20, 0xbe, 0x20, 0x00, 0x00, 0x00, 0x4c, 0x89,
  0xcf, 0x48, 0x8d, 0x15, 0xa2, 0xcb, 0x00, 0x00, 0x31, 0xc0, 0xff, 0x15,
  0x84, 0xc8, 0x00, 0x00, 0x8b, 0x4d, 0xa8, 0x48, 0x8b, 0x35, 0x5a, 0x2c,
  0x01, 0x00, 0x48, 0x8b, 0x15, 0x5b, 0x2c, 0x01, 0x00, 0x0f, 0xb6, 0x05,
  0x6c, 0x2b, 0x01, 0x00, 0x85, 0xc9, 0x78, 0x47, 0x4c, 0x8d, 0x4d, 0x80,
  0x83, 0xf9, 0x33, 0x73, 0x50, 0xc5, 0xfb, 0x12, 0x05, 0xaf, 0xc9, 0x00,
  0x00, 0xc5, 0xfb, 0x12, 0x0d, 0xef, 0xc9, 0x00, 0x00, 0xe9, 0xaa, 0x00,
  0x00, 0x00, 0xc5, 0xf8, 0x28, 0x8d, 0x60, 0xff, 0xff, 0xff, 0x48, 0x8b,
  0x35, 0x1b, 0x2c, 0x01, 0x00, 0x48, 0x8b, 0x15, 0x1c, 0x2c, 0x01, 0x00,
  0xc6, 0x45, 0x82, 0x00, 0x66, 0xc7, 0x45, 0x80, 0x2d, 0x2d, 0xc5, 0xf8,
  0x28, 0xc1, 0xe9, 0x81, 0x00, 0x00, 0x00, 0xc5, 0xf8, 0x28, 0x8d, 0x60,
  0xff, 0xff, 0xff, 0x4c, 0x8d, 0x4d, 0x80, 0xc5, 0xf8, 0x28, 0xc1, 0xeb,
  0x6f, 0x83, 0xf9, 0x3d, 0x73, 0x3b, 0xc5, 0xfb, 0x12, 0x05, 0x82, 0xc9,
  0x00, 0x00, 0xc5, 0xfb, 0x12, 0x0d, 0xa2, 0xc9, 0x00, 0x00, 0xeb, 0x58,
  0x31, 0xc0, 0x48, 0x89, 0x05, 0xbf, 0x2b, 0x01, 0x00, 0x48, 0x85, 0xc0,
  0x0f, 0x85, 0x66, 0xf5, 0xff, 0xff, 0x44, 0x0f, 0xb6, 0x3d, 0xa6, 0x2b,
  0x01, 0x00, 0x41, 0xf6, 0xc7, 0x01, 0x0f, 0x85, 0x1c, 0xfc, 0xff, 0xff,
  0xe9, 0x59, 0xf1, 0xff, 0xff, 0xc5, 0xfb, 0x12, 0x05, 0x27, 0xc9, 0x00,
  0x00, 0x83, 0xf9, 0x47, 0x72, 0x08, 0xc5, 0xfb, 0x12, 0x05, 0x42, 0xc9,
  0x00, 0x00, 0xc5, 0xfb, 0x12, 0x0d, 0x1a, 0xc9, 0x00, 0x00, 0x72, 0x10,
  0xc5, 0xfb, 0x12, 0x0d, 0x18, 0xc9, 0x00, 0x00, 0x0f, 0x1f, 0x84, 0x00,
  0x00, 0x00, 0x00, 0x00, 0x0f, 0xb6, 0xc8, 0x4c, 0x89, 0xe7, 0x4d, 0x89,
  0xc8, 0xe8, 0x92, 0x07, 0x00, 0x00, 0x8b, 0x4d, 0xac, 0x85, 0xc9, 0x78,
  0x7b, 0x80, 0x3d, 0x94, 0x2a, 0x01, 0x00, 0x66, 0x41, 0xb8, 0x43, 0x00,
  0x00, 0x00, 0x75, 0x19, 0x8d, 0x0c, 0xc9, 0xb8, 0xcd, 0xcc, 0xcc, 0xcc,
  0x41, 0xb8, 0x46, 0x00, 0x00, 0x00, 0x48, 0x0f, 0xaf, 0xc8, 0x48, 0xc1,
  0xe9, 0x22, 0x83, 0xc1, 0x20, 0x48, 0x8d, 0x7d, 0x80, 0xbe, 0x20, 0x00,
  0x00, 0x00, 0x48, 0x8d, 0x15, 0x69, 0xca, 0x00, 0x00, 0x31, 0xc0, 0xff,
  0x15, 0x4b, 0xc7, 0x00, 0x00, 0x8b, 0x4d, 0xac, 0x48, 0x8b, 0x35, 0x31,
  0x2b, 0x01, 0x00, 0x48, 0x8b, 0x15, 0x32, 0x2b, 0x01, 0x00, 0x0f, 0xb6,
  0x05, 0x37, 0x2a, 0x01, 0x00, 0x85, 0xc9, 0x78, 0x3e, 0x4c, 0x8d, 0x45,
  0x80, 0x83, 0xf9, 0x33, 0x0f, 0x83, 0xb2, 0x01, 0x00, 0x00, 0xc5, 0xfb,
  0x12, 0x05, 0x72, 0xc8, 0x00, 0x00, 0xc5, 0xfb, 0x12, 0x0d, 0xb2, 0xc8,
  0x00, 0x00, 0xeb, 0x2f, 0x48, 0x8b, 0x35, 0xf9, 0x2a, 0x01, 0x00, 0x48,
  0x8b, 0x15, 0xfa, 0x2a, 0x01, 0x00, 0x0f, 0xb6, 0x05, 0xff, 0x29, 0x01,
  0x00, 0xc6, 0x45, 0x82, 0x00, 0x66, 0xc7, 0x45, 0x80, 0x2d, 0x2d, 0xc5,
  0xf8, 0x28, 0x8d, 0x60, 0xff, 0xff, 0xff, 0x4c, 0x8d, 0x45, 0x80, 0xc5,
  0xf8, 0x28, 0xc1, 0x0f, 0xb6, 0xc8, 0x4c, 0x89, 0xe7, 0xe8, 0xd6, 0x06,
  0x00, 0x00, 0x8b, 0x4d, 0xb0, 0x85, 0xc9, 0x78, 0x7b, 0x80, 0x3d, 0xd8,
  0x29, 0x01, 0x00, 0x66, 0x41, 0xb8, 0x43, 0x00, 0x00, 0x00, 0x75, 0x19,
  0x8d, 0x0c, 0xc9, 0xb8, 0xcd, 0xcc, 0xcc, 0xcc, 0x41, 0xb8, 0x46, 0x00,
  0x00, 0x00, 0x48, 0x0f, 0xaf, 0xc8, 0x48, 0xc1, 0xe9, 0x22, 0x83, 0xc1,
  0x20, 0x48, 0x8d, 0x7d, 0x80, 0xbe, 0x20, 0x00, 0x00, 0x00, 0x48, 0x8d,
  0x15, 0xad, 0xc9, 0x00, 0x00, 0x31, 0xc0, 0xff, 0x15, 0x8f, 0xc6, 0x00,
  0x00, 0x8b, 0x4d, 0xb0, 0x48, 0x8b, 0x35, 0x85, 0x2a, 0x01, 0x00, 0x48,
  0x8b, 0x15, 0x86, 0x2a, 0x01, 0x00, 0x0f, 0xb6, 0x05, 0x7d, 0x29, 0x01,
  0x00, 0x85, 0xc9, 0x78, 0x3e, 0x4c, 0x8d, 0x45, 0x80, 0x83, 0xf9, 0x33,
  0x0f, 0x83, 0x14, 0x01, 0x00, 0x00, 0xc5, 0xfb, 0x12, 0x05, 0xb6, 0xc7,
  0x00, 0x00, 0xc5, 0xfb, 0x12, 0x0d, 0xf6, 0xc7, 0x00, 0x00, 0xeb, 0x2f,
  0x48, 0x8b, 0x35, 0x4d, 0x2a, 0x01, 0x00, 0x48, 0x8b, 0x15, 0x4e, 0x2a,
  0x01, 0x00, 0x0f, 0xb6, 0x05, 0x45, 0x29, 0x01, 0x00, 0xc6, 0x45, 0x82,
  0x00, 0x66, 0xc7, 0x45, 0x80, 0x2d, 0x2d, 0xc5, 0xf8, 0x28, 0x8d, 0x60,
  0xff, 0xff, 0xff, 0x4c, 0x8d, 0x45, 0x80, 0xc5, 0xf8, 0x28, 0xc1, 0x0f,
  0xb6, 0xc8, 0x4c, 0x89, 0xe7, 0x4d, 0x89, 0xc5, 0xe8, 0x17, 0x06, 0x00,
  0x00, 0xbe, 0x20, 0x00, 0x00, 0x00, 0x85, 0xdb, 0x78, 0x47, 0x4c, 0x89,
  0xef, 0x48, 0x8d, 0x15, 0x99, 0xd9, 0x00, 0x00, 0x89, 0xd9, 0x31, 0xc0,
  0xff, 0x15, 0xfa, 0xc5, 0x00, 0x00, 0x48, 0x8b, 0x35, 0x03, 0x2a, 0x01,
  0x00, 0x48, 0x8b, 0x15, 0x04, 0x2a, 0x01, 0x00, 0x0f, 0xb6, 0x05, 0xed,
  0x28, 0x01, 0x00, 0x83, 0xfb, 0x46, 0x73, 0x55, 0xc5, 0xfb, 0x12, 0x05,
  0x30, 0xc7, 0x00, 0x00, 0xc5, 0xfb, 0x12, 0x0d, 0x70, 0xc7, 0x00, 0x00,
  0x4c, 0x8d, 0x45, 0x80, 0xe9, 0xc7, 0x00, 0x00, 0x00, 0x4c, 0x89, 0xef,
  0x48, 0x8d, 0x15, 0x7a, 0xd2, 0x00, 0x00, 0x31, 0xc0, 0xff, 0x15, 0xb5,
  0xc5, 0x00, 0x00, 0xc4, 0xe2, 0x79, 0x18, 0x05, 0xdc, 0xc5, 0x00, 0x00,
  0x48, 0x8b, 0x35, 0xb5, 0x29, 0x01, 0x00, 0x48, 0x8b, 0x15, 0xb6, 0x29,
  0x01, 0x00, 0x0f, 0xb6, 0x05, 0x9f, 0x28, 0x01, 0x00, 0x4d, 0x89, 0xe8,
  0xc5, 0xf8, 0x28, 0xc8, 0xe9, 0x8b, 0x00, 0x00, 0x00, 0x83, 0xfb, 0x55,
  0x73, 0x52, 0xc5, 0xfb, 0x12, 0x05, 0xfe, 0xc6, 0x00, 0x00, 0xc5, 0xfb,
  0x12, 0x0d, 0x1e, 0xc7, 0x00, 0x00, 0x4c, 0x8d, 0x45, 0x80, 0xeb, 0x70,
  0x83, 0xf9, 0x3d, 0x0f, 0x83, 0x17, 0x01, 0x00, 0x00, 0xc5, 0xfb, 0x12,
  0x05, 0xdf, 0xc6, 0x00, 0x00, 0xc5, 0xfb, 0x12, 0x0d, 0xff, 0xc6, 0x00,
  0x00, 0xe9, 0x71, 0xfe, 0xff, 0xff, 0x83, 0xf9, 0x3d, 0x0f, 0x83, 0x29,
  0x01, 0x00, 0x00, 0xc5, 0xfb, 0x12, 0x05, 0xc1, 0xc6, 0x00, 0x00, 0xc5,
  0xfb, 0x12, 0x0d, 0xe1, 0xc6, 0x00, 0x00, 0xe9, 0x0f, 0xff, 0xff, 0xff,
  0xc5, 0xfb, 0x12, 0x05, 0x8c, 0xc6, 0x00, 0x00, 0x4c, 0x8d, 0x45, 0x80,
  0x83, 0xfb, 0x5d, 0x72, 0x08, 0xc5, 0xfb, 0x12, 0x05, 0xa3, 0xc6, 0x00,
  0x00, 0xc5, 0xfb, 0x12, 0x0d, 0x7b, 0xc6, 0x00, 0x00, 0x72, 0x11, 0xc5,
  0xfb, 0x12, 0x0d, 0x79, 0xc6, 0x00, 0x00, 0x66, 0x0f, 0x1f, 0x84, 0x00,
  0x00, 0x00, 0x00, 0x00, 0x0f, 0xb6, 0xc8, 0x4c, 0x89, 0xe7, 0x45, 0x20,
  0xfe, 0x4c, 0x89, 0xc3, 0xe8, 0xef, 0x04, 0x00, 0x00, 0x45, 0x84, 0xf6,
  0x0f, 0x84, 0x31, 0xee, 0xff, 0xff, 0xc5, 0xfb, 0x10, 0x45, 0xd0, 0xbe,
  0x20, 0x00, 0x00, 0x00, 0x48, 0x89, 0xdf, 0x48, 0x8d, 0x15, 0x75, 0xd7,
  0x00, 0x00, 0xb0, 0x01, 0xff, 0x15, 0xca, 0xc4, 0x00, 0x00, 0xc5, 0xfb,
  0x10, 0x55, 0xd0, 0xc5, 0xfb, 0x12, 0x0d, 0x5d, 0xc6, 0x00, 0x00, 0xc5,
  0xfb, 0x12, 0x05, 0x0d, 0xc6, 0x00, 0x00, 0x44, 0x8b, 0x6d, 0xbc, 0xc5,
  0xf9, 0x2e, 0x15, 0x21, 0xc6, 0x00, 0x00, 0x0f, 0x83, 0x0d, 0xee, 0xff,
  0xff, 0xc5, 0xf9, 0x2e, 0x15, 0xdb, 0xc5, 0x00, 0x00, 0xc5, 0xfb, 0x12,
  0x0d, 0x23, 0xc6, 0x00, 0x00, 0xc5, 0xfb, 0x12, 0x05, 0x3b, 0xc6, 0x00,
  0x00, 0x0f, 0x83, 0xef, 0xed, 0xff, 0xff, 0xc5, 0xf9, 0x2e, 0x15, 0x15,
  0xc6, 0x00, 0x00, 0xc5, 0xfb, 0x12, 0x05, 0xfd, 0xc5, 0x00, 0x00, 0x72,
  0x08, 0xc5, 0xfb, 0x12, 0x05, 0xbb, 0xc5, 0x00, 0x00, 0xc5, 0xfb, 0x12,
  0x0d, 0xd3, 0xc5, 0x00, 0x00, 0x0f, 0x82, 0xc7, 0xed, 0xff, 0xff, 0xc5,
  0xfb, 0x12, 0x0d, 0xfd, 0xc5, 0x00, 0x00, 0xe9, 0xba, 0xed, 0xff, 0xff,
  0xc5, 0xfb, 0x12, 0x05, 0xa8, 0xc5, 0x00, 0x00, 0x83, 0xf9, 0x47, 0x72,
  0x08, 0xc5, 0xfb, 0x12, 0x05, 0xc3, 0xc5, 0x00, 0x00, 0xc5, 0xfb, 0x12,
  0x0d, 0x9b, 0xc5, 0x00, 0x00, 0x0f, 0x82, 0x4c, 0xfd, 0xff, 0xff, 0xc5,
  0xfb, 0x12, 0x0d, 0x95, 0xc5, 0x00, 0x00, 0xe9, 0x3f, 0xfd, 0xff, 0xff,
  0xc5, 0xfb, 0x12, 0x05, 0x78, 0xc5, 0x00, 0x00, 0x83, 0xf9, 0x47, 0x72,
  0x08, 0xc5, 0xfb, 0x12, 0x05, 0x93, 0xc5, 0x00, 0x00, 0xc5, 0xfb, 0x12,
  0x0d, 0x6b, 0xc5, 0x00, 0x00, 0x0f, 0x82, 0xd8, 0xfd, 0xff, 0xff, 0xc5,
  0xfb, 0x12, 0x0d, 0x65, 0xc5, 0x00, 0x00, 0xe9, 0xcb, 0xfd, 0xff, 0xff,
  0x55, 0x48, 0x89, 0xe5, 0x41, 0x57, 0x41, 0x56, 0x41, 0x55, 0x41, 0x54,
  0x53, 0x48, 0x83, 0xec, 0x48, 0x49, 0x89, 0xfd, 0x48, 0x8b, 0x3d, 0x85,
  0x27, 0x01, 0x00, 0x49, 0x89, 0xd7, 0x49, 0x89, 0xf4, 0x48, 0x8d, 0x35,
  0x7d, 0xd1, 0x00, 0x00, 0x48, 0x8d, 0x15, 0xe5, 0xd2, 0x00, 0x00, 0xc5,
  0xfa, 0x11, 0x55, 0xa4, 0xc5, 0xfa, 0x11, 0x4d, 0xa8, 0xc5, 0xfa, 0x11,
  0x45, 0xac, 0xff, 0x15, 0xfc, 0x26, 0x01, 0x00, 0x48, 0x85, 0xc0, 0x0f,
  0x84, 0x38, 0x02, 0x00, 0x00, 0x49, 0x89, 0xc6, 0x48, 0x8b, 0x05, 0xf9,
  0x26, 0x01, 0x00, 0x48, 0x85, 0xc0, 0x0f, 0x84, 0x25, 0x02, 0x00, 0x00,
  0x48, 0x8b, 0x3d, 0x31, 0x27, 0x01, 0x00, 0x4c, 0x89, 0xf6, 0xff, 0xd0,
  0x48, 0x85, 0xc0, 0x0f, 0x84, 0x10, 0x02, 0x00, 0x00, 0x48, 0x89, 0xc3,
  0x48, 0x8b, 0x05, 0xd9, 0x26, 0x01, 0x00, 0x48, 0x85, 0xc0, 0x74, 0x05,
  0x48, 0x89, 0xdf, 0xff, 0xd0, 0x48, 0x8b, 0x05, 0xe0, 0x26, 0x01, 0x00,
  0x4c, 0x89, 0x65, 0x90, 0x48, 0x85, 0xc0, 0x0f, 0x84, 0xe8, 0x00, 0x00,
  0x00, 0x48, 0x8d, 0x35, 0xfa, 0xcd, 0x00, 0x00, 0x4c, 0x89, 0xf7, 0xff,
  0xd0, 0x48, 0x85, 0xc0, 0x74, 0x37, 0x48, 0x89, 0xc7, 0xff, 0x15, 0xc1,
  0x26, 0x01, 0x00, 0x48, 0x85, 0xc0, 0x74, 0x29, 0x48, 0x8b, 0x3d, 0xd5,
  0x26, 0x01, 0x00, 0x4c, 0x89, 0xee, 0x49, 0x89, 0xc4, 0xff, 0x15, 0x69,
  0x26, 0x01, 0x00, 0x48, 0x8d, 0x55, 0xb0, 0x4c, 0x89, 0xe7, 0x48, 0x89,
  0xde, 0x31, 0xc9, 0x48, 0x89, 0x45, 0xb0, 0xff, 0x15, 0x83, 0x26, 0x01,
  0x00, 0x48, 0x8b, 0x05, 0x84, 0x26, 0x01, 0x00, 0xc7, 0x45, 0xd4, 0x00,
  0x00, 0x00, 0x00, 0x48, 0x85, 0xc0, 0x0f, 0x84, 0x89, 0x00, 0x00, 0x00,
  0x48, 0x8d, 0x35, 0x96, 0xc6, 0x00, 0x00, 0x4c, 0x89, 0xf7, 0xff, 0xd0,
  0x48, 0x85, 0xc0, 0x74, 0x28, 0x48, 0x89, 0xc7, 0xff, 0x15, 0x62, 0x26,
  0x01, 0x00, 0x48, 0x85, 0xc0, 0x74, 0x1a, 0x48, 0x8d, 0x4d, 0xd4, 0x48,
  0x8d, 0x55, 0xb0, 0x48, 0x89, 0xc7, 0x48, 0x89, 0xde, 0x48, 0x89, 0x4d,
  0xb0, 0x31, 0xc9, 0xff, 0x15, 0x33, 0x26, 0x01, 0x00, 0x48, 0x8b, 0x05,
  0x34, 0x26, 0x01, 0x00, 0xc7, 0x45, 0xd4, 0x00, 0x00, 0x00, 0x00, 0x48,
  0x85, 0xc0, 0x0f, 0x84, 0x8e, 0x00, 0x00, 0x00, 0x48, 0x8d, 0x35, 0x58,
  0xcf, 0x00, 0x00, 0x4c, 0x89, 0xf7, 0xff, 0xd0, 0x48, 0x85, 0xc0, 0x74,
  0x28, 0x48, 0x89, 0xc7, 0xff, 0x15, 0x12, 0x26, 0x01, 0x00, 0x48, 0x85,
  0xc0, 0x74, 0x1a, 0x48, 0x8d, 0x4d, 0xd4, 0x48, 0x8d, 0x55, 0xb0, 0x48,
  0x89, 0xc7, 0x48, 0x89, 0xde, 0x48, 0x89, 0x4d, 0xb0, 0x31, 0xc9, 0xff,
  0x15, 0xe3, 0x25, 0x01, 0x00, 0x48, 0x8b, 0x05, 0xe4, 0x25, 0x01, 0x00,
  0x48, 0x85, 0xc0, 0x74, 0x49, 0x48, 0x8d, 0x35, 0x11, 0xd3, 0x00, 0x00,
  0x4c, 0x89, 0xf7, 0xff, 0xd0, 0x48, 0x85, 0xc0, 0x74, 0x38, 0x48, 0x89,
  0xc7, 0xff, 0x15, 0xcd, 0x25, 0x01, 0x00, 0x48, 0x85, 0xc0, 0x74, 0x2a,
  0x48, 0x8b, 0x3d, 0xe1, 0x25, 0x01, 0x00, 0x48, 0x8b, 0x75, 0x90, 0x49,
  0x89, 0xc4, 0xff, 0x15, 0x74, 0x25, 0x01, 0x00, 0x48, 0x8d, 0x55, 0xb0,
  0x4c, 0x89, 0xe7, 0x48, 0x89, 0xde, 0x31, 0xc9, 0x48, 0x89, 0x45, 0xb0,
  0xff, 0x15, 0x8e, 0x25, 0x01, 0x00, 0x4d, 0x85, 0xff, 0x74, 0x41, 0x48,
  0x8b, 0x05, 0x8a, 0x25, 0x01, 0x00, 0x48, 0x85, 0xc0, 0x74, 0x35, 0x48,
  0x8d, 0x35, 0x0f, 0xc5, 0x00, 0x00, 0x4c, 0x89, 0xf7, 0xff, 0xd0, 0x48,
  0x85, 0xc0, 0x74, 0x24, 0x48, 0x89, 0xc7, 0xff, 0x15, 0x73, 0x25, 0x01,
  0x00, 0x48, 0x85, 0xc0, 0x74, 0x16, 0x48, 0x8d, 0x55, 0xb0, 0x48, 0x89,
  0xc7, 0x48, 0x89, 0xde, 0x31, 0xc9, 0x4c, 0x89, 0x7d, 0xb0, 0xff, 0x15,
  0x48, 0x25, 0x01, 0x00, 0xc5, 0xfa, 0x10, 0x45, 0xac, 0xc5, 0xfa, 0x10,
  0x55, 0xa8, 0xc5, 0xfa, 0x10, 0x4d, 0xa4, 0x48, 0x8b, 0x3d, 0x6a, 0x25,
  0x01, 0x00, 0x48, 0x8d, 0x35, 0x0d, 0xd3, 0x00, 0x00, 0x48, 0x8d, 0x15,
  0x36, 0xc9, 0x00, 0x00, 0xc7, 0x45, 0xa0, 0x00, 0x00, 0x80, 0x3f, 0xc5,
  0xfa, 0x11, 0x45, 0xd4, 0xc5, 0xfa, 0x11, 0x55, 0x98, 0xc5, 0xfa, 0x11,
  0x4d, 0x9c, 0xff, 0x15, 0xe0, 0x24, 0x01, 0x00, 0x48, 0x85, 0xc0, 0x74,
  0x34, 0x49, 0x89, 0xc4, 0x48, 0x8b, 0x05, 0xe1, 0x24, 0x01, 0x00, 0x48,
  0x85, 0xc0, 0x74, 0x2a, 0x48, 0x8b, 0x3d, 0x1d, 0x25, 0x01, 0x00, 0x4c,
  0x89, 0xe6, 0xff, 0xd0, 0x48, 0x89, 0xc7, 0xeb, 0x1b, 0x31, 0xdb, 0x48,
  0x89, 0xd8, 0x48, 0x83, 0xc4, 0x48, 0x5b, 0x41, 0x5c, 0x41, 0x5d, 0x41,
  0x5e, 0x41, 0x5f, 0x5d, 0xc3, 0x45, 0x31, 0xff, 0xeb, 0x57, 0x31, 0xff,
  0xff, 0x15, 0xe2, 0x24, 0x01, 0x00, 0x48, 0x8d, 0x35, 0xf6, 0xd1, 0x00,
  0x00, 0x4c, 0x89, 0xe7, 0xba, 0x04, 0x00, 0x00, 0x00, 0x49, 0x89, 0xc7,
  0xff, 0x15, 0xa2, 0x24, 0x01, 0x00, 0x48, 0x85, 0xc0, 0x74, 0x32, 0x48,
  0x8d, 0x4d, 0xd4, 0x48, 0x8d, 0x55, 0xb0, 0x48, 0x89, 0xc7, 0x4c, 0x89,
  0xfe, 0x48, 0x89, 0x4d, 0xb0, 0x48, 0x8d, 0x4d, 0x98, 0x48, 0x89, 0x4d,
  0xb8, 0x48, 0x8d, 0x4d, 0x9c, 0x48, 0x89, 0x4d, 0xc0, 0x48, 0x8d, 0x4d,
  0xa0, 0x48, 0x89, 0x4d, 0xc8, 0x31, 0xc9, 0xff, 0x15, 0x73, 0x24, 0x01,
  0x00, 0x48, 0x8b, 0x05, 0x74, 0x24, 0x01, 0x00, 0x48, 0x85, 0xc0, 0x74,
  0x86, 0x48, 0x8d, 0x35, 0x25, 0xd1, 0x00, 0x00, 0x4c, 0x89, 0xf7, 0xff,
  0xd0, 0x48, 0x85, 0xc0, 0x74, 0x24, 0x48, 0x89, 0xc7, 0xff, 0x15, 0x5d,
  0x24, 0x01, 0x00, 0x48, 0x85, 0xc0, 0x74, 0x16, 0x48, 0x8d, 0x55, 0xb0,
  0x48, 0x89, 0xc7, 0x48, 0x89, 0xde, 0x31, 0xc9, 0x4c, 0x89, 0x7d, 0xb0,
  0xff, 0x15, 0x32, 0x24, 0x01, 0x00, 0x48, 0x8b, 0x05, 0x33, 0x24, 0x01,
  0x00, 0x48, 0x85, 0xc0, 0x0f, 0x84, 0x41, 0xff, 0xff, 0xff, 0x48, 0x8d,
  0x35, 0xcf, 0xc6, 0x00, 0x00, 0x4c, 0x89, 0xf7, 0xff, 0xd0, 0x48, 0x85,
  0xc0, 0x74, 0x2f, 0x48, 0x89, 0xc7, 0xff, 0x15, 0x18, 0x24, 0x01, 0x00,
  0x48, 0x85, 0xc0, 0x74, 0x21, 0x48, 0x8d, 0x4d, 0xd4, 0x48, 0x8d, 0x55,
  0xb0, 0x48, 0x89, 0xc7, 0x48, 0x89, 0xde, 0xc7, 0x45, 0xd4, 0x01, 0x00,
  0x00, 0x00, 0x48, 0x89, 0x4d, 0xb0, 0x31, 0xc9, 0xff, 0x15, 0xe2, 0x23,
  0x01, 0x00, 0x48, 0x8b, 0x05, 0xe3, 0x23, 0x01, 0x00, 0x48, 0x85, 0xc0,
  0x0f, 0x84, 0xf1, 0xfe, 0xff, 0xff, 0x48, 0x8d, 0x35, 0x10, 0xc5, 0x00,
  0x00, 0x4c, 0x89, 0xf7, 0xff, 0xd0, 0x48, 0x85, 0xc0, 0x0f, 0x84, 0xdc,
  0xfe, 0xff, 0xff, 0x48, 0x89, 0xc7, 0xff, 0x15, 0xc4, 0x23, 0x01, 0x00,
  0x48, 0x85, 0xc0, 0x0f, 0x84, 0xca, 0xfe, 0xff, 0xff, 0x48, 0x8d, 0x4d,
  0xd4, 0x48, 0x8d, 0x55, 0xb0, 0x48, 0x89, 0xc7, 0x48, 0x89, 0xde, 0xc7,
  0x45, 0xd4, 0x01, 0x00, 0x00, 0x00, 0x48, 0x89, 0x4d, 0xb0, 0x31, 0xc9,
  0xff, 0x15, 0x8a, 0x23, 0x01, 0x00, 0xe9, 0xa4, 0xfe, 0xff, 0xff, 0xcc,
  0xcc, 0xcc, 0xcc, 0xcc, 0xcc, 0xcc, 0xcc, 0xcc, 0xcc, 0xcc, 0xcc, 0xcc,
  0x48, 0x85, 0xf6, 0x0f, 0x84, 0xb3, 0x04, 0x00, 0x00, 0x55, 0x48, 0x89,
  0xe5, 0x41, 0x57, 0x41, 0x56, 0x41, 0x55, 0x41, 0x54, 0x53, 0x48, 0x83,
  0xec, 0x58, 0x48, 0x89, 0xd3, 0x48, 0x85, 0xd2, 0x0f, 0x84, 0x88, 0x04,
  0x00, 0x00, 0x49, 0x89, 0xfe, 0x49, 0x89, 0xf4, 0x84, 0xc9, 0x0f, 0x84,
  0xbe, 0x02, 0x00, 0x00, 0xc5, 0xf8, 0x29, 0x45, 0x90, 0x49, 0x8b, 0x4e,
  0x08, 0xc5, 0xea, 0x2a, 0x01, 0x49, 0x8b, 0x56, 0x10, 0x49, 0x8b, 0x06,
  0xc5, 0xf8, 0x29, 0x4d, 0x80, 0x49, 0x8b, 0x4e, 0x20, 0x4d, 0x89, 0xc7,
  0xc5, 0xfa, 0x10, 0x0a, 0x49, 0x8b, 0x56, 0x18, 0xc4, 0xe2, 0x79, 0xa9,
  0x08, 0xc5, 0xfa, 0x10, 0x01, 0x48, 0x8b, 0x3a, 0xc5, 0xfa, 0x11, 0x45,
  0xd4, 0xc5, 0xfa, 0x11, 0x4d, 0xac, 0x48, 0x85, 0xff, 0x74, 0x42, 0x48,
  0x8b, 0x05, 0x02, 0x23, 0x01, 0x00, 0x48, 0x85, 0xc0, 0x74, 0x36, 0x48,
  0x8d, 0x35, 0x1f, 0xc3, 0x00, 0x00, 0xff, 0xd0, 0x48, 0x85, 0xc0, 0x74,
  0x28, 0x48, 0x89, 0xc7, 0xff, 0x15, 0xee, 0x22, 0x01, 0x00, 0x48, 0x85,
  0xc0, 0x74, 0x1a, 0x48, 0x8d, 0x4d, 0xd4, 0x48, 0x8d, 0x55, 0xb0, 0x48,
  0x89, 0xc7, 0x4c, 0x89, 0xe6, 0x48, 0x89, 0x4d, 0xb0, 0x31, 0xc9, 0xff,
  0x15, 0xbf, 0x22, 0x01, 0x00, 0x49, 0x8b, 0x46, 0x18, 0xc5, 0xfa, 0x10,
  0x45, 0xac, 0x48, 0x8b, 0x38, 0xc5, 0xfa, 0x11, 0x45, 0xd4, 0x48, 0x85,
  0xff, 0x74, 0x42, 0x48, 0x8b, 0x05, 0xaa, 0x22, 0x01, 0x00, 0x48, 0x85,
  0xc0, 0x74, 0x36, 0x48, 0x8d, 0x35, 0xd9, 0xcb, 0x00, 0x00, 0xff, 0xd0,
  0x48, 0x85, 0xc0, 0x74, 0x28, 0x48, 0x89, 0xc7, 0xff, 0x15, 0x96, 0x22,
  0x01, 0x00, 0x48, 0x85, 0xc0, 0x74, 0x1a, 0x48, 0x8d, 0x4d, 0xd4, 0x48,
  0x8d, 0x55, 0xb0, 0x48, 0x89, 0xc7, 0x4c, 0x89, 0xe6, 0x48, 0x89, 0x4d,
  0xb0, 0x31, 0xc9, 0xff, 0x15, 0x67, 0x22, 0x01, 0x00, 0x49, 0x8b, 0x46,
  0x18, 0x48, 0x8b, 0x38, 0x48, 0x85, 0xff, 0x74, 0x49, 0x48, 0x8b, 0x05,
  0x5c, 0x22, 0x01, 0x00, 0x48, 0x85, 0xc0, 0x74, 0x3d, 0x48, 0x8d, 0x35,
  0x69, 0xc4, 0x00, 0x00, 0xff, 0xd0, 0x48, 0x85, 0xc0, 0x74, 0x2f, 0x48,
  0x89, 0xc7, 0xff, 0x15, 0x48, 0x22, 0x01, 0x00, 0x48, 0x85, 0xc0, 0x74,
  0x21, 0x48, 0x8d, 0x4d, 0xd4, 0x48, 0x8d, 0x55, 0xb0, 0x48, 0x89, 0xc7,
  0x4c, 0x89, 0xe6, 0xc7, 0x45, 0xd4, 0x01, 0x00, 0x00, 0x00, 0x48, 0x89,
  0x4d, 0xb0, 0x31, 0xc9, 0xff, 0x15, 0x12, 0x22, 0x01, 0x00, 0x49, 0x8b,
  0x4e, 0x20, 0x49, 0x8b, 0x46, 0x18, 0xc5, 0xfa, 0x10, 0x01, 0x48, 0x8b,
  0x38, 0xc5, 0xfa, 0x58, 0x05, 0xbf, 0xbe, 0x00, 0x00, 0xc5, 0xfa, 0x11,
  0x45, 0xd4, 0x48, 0x85, 0xff, 0x74, 0x42, 0x48, 0x8b, 0x05, 0xf2, 0x21,
  0x01, 0x00, 0x48, 0x85, 0xc0, 0x74, 0x36, 0x48, 0x8d, 0x35, 0x0f, 0xc2,
  0x00, 0x00, 0xff, 0xd0, 0x48, 0x85, 0xc0, 0x74, 0x28, 0x48, 0x89, 0xc7,
  0xff, 0x15, 0xde, 0x21, 0x01, 0x00, 0x48, 0x85, 0xc0, 0x74, 0x1a, 0x48,
  0x8d, 0x4d, 0xd4, 0x48, 0x8d, 0x55, 0xb0, 0x48, 0x89, 0xc7, 0x48, 0x89,
  0xde, 0x48, 0x89, 0x4d, 0xb0, 0x31, 0xc9, 0xff, 0x15, 0xaf, 0x21, 0x01,
  0x00, 0x49, 0x8b, 0x46, 0x18, 0xc5, 0xfa, 0x10, 0x45, 0xac, 0x48, 0x8b,
  0x38, 0xc5, 0xfa, 0x11, 0x45, 0xd4, 0x48, 0x85, 0xff, 0x74, 0x42, 0x48,
  0x8b, 0x05, 0x9a, 0x21, 0x01, 0x00, 0x48, 0x85, 0xc0, 0x74, 0x36, 0x48,
  0x8d, 0x35, 0xc9, 0xca, 0x00, 0x00, 0xff, 0xd0, 0x48, 0x85, 0xc0, 0x74,
  0x28, 0x48, 0x89, 0xc7, 0xff, 0x15, 0x86, 0x21, 0x01, 0x00, 0x48, 0x85,
  0xc0, 0x74, 0x1a, 0x48, 0x8d, 0x4d, 0xd4, 0x48, 0x8d, 0x55, 0xb0, 0x48,
  0x89, 0xc7, 0x48, 0x89, 0xde, 0x48, 0x89, 0x4d, 0xb0, 0x31, 0xc9, 0xff,
  0x15, 0x57, 0x21, 0x01, 0x00, 0x49, 0x8b, 0x46, 0x18, 0x48, 0x8b, 0x38,
  0x48, 0x85, 0xff, 0x74, 0x51, 0x48, 0x8b, 0x05, 0x4c, 0x21, 0x01, 0x00,
  0x48, 0x85, 0xc0, 0x74, 0x45, 0x48, 0x8d, 0x35, 0x79, 0xce, 0x00, 0x00,
  0xff, 0xd0, 0x48, 0x85, 0xc0, 0x74, 0x37, 0x48, 0x89, 0xc7, 0xff, 0x15,
  0x38, 0x21, 0x01, 0x00, 0x48, 0x85, 0xc0, 0x74, 0x29, 0x48, 0x8b, 0x3d,
  0x4c, 0x21, 0x01, 0x00, 0x4c, 0x89, 0xfe, 0x49, 0x89, 0xc4, 0xff, 0x15,
  0xe0, 0x20, 0x01, 0x00, 0x48, 0x8d, 0x55, 0xb0, 0x4c, 0x89, 0xe7, 0x48,
  0x89, 0xde, 0x31, 0xc9, 0x48, 0x89, 0x45, 0xb0, 0xff, 0x15, 0xfa, 0x20,
  0x01, 0x00, 0xc5, 0xf8, 0x28, 0x45, 0x90, 0x49, 0x8b, 0x46, 0x18, 0x48,
  0x8b, 0x3d, 0x22, 0x21, 0x01, 0x00, 0x48, 0x8d, 0x35, 0xc5, 0xce, 0x00,
  0x00, 0x48, 0x8d, 0x15, 0xee, 0xc4, 0x00, 0x00, 0x4c, 0x8b, 0x38, 0xc5,
  0xfa, 0x11, 0x45, 0xd4, 0xc4, 0xe3, 0x79, 0x17, 0x45, 0xa0, 0x01, 0xc5,
  0xf8, 0x28, 0x45, 0x80, 0xc5, 0xfa, 0x11, 0x45, 0xa4, 0xc4, 0xe3, 0x79,
  0x17, 0x45, 0xa8, 0x01, 0xff, 0x15, 0x8e, 0x20, 0x01, 0x00, 0x48, 0x85,
  0xc0, 0x0f, 0x84, 0xe6, 0x00, 0x00, 0x00, 0x49, 0x89, 0xc5, 0x48, 0x8b,
  0x05, 0x8b, 0x20, 0x01, 0x00, 0x48, 0x85, 0xc0, 0x0f, 0x84, 0xd8, 0x00,
  0x00, 0x00, 0x48, 0x8b, 0x3d, 0xc3, 0x20, 0x01, 0x00, 0x4c, 0x89, 0xee,
  0xff, 0xd0, 0x48, 0x89, 0xc7, 0xe9, 0xc6, 0x00, 0x00, 0x00, 0x49, 0x8b,
  0x46, 0x18, 0x48, 0x8b, 0x38, 0x48, 0x85, 0xff, 0x74, 0x49, 0x48, 0x8b,
  0x05, 0x7b, 0x20, 0x01, 0x00, 0x48, 0x85, 0xc0, 0x74, 0x3d, 0x48, 0x8d,
  0x35, 0x88, 0xc2, 0x00, 0x00, 0xff, 0xd0, 0x48, 0x85, 0xc0, 0x74, 0x2f,
  0x48, 0x89, 0xc7, 0xff, 0x15, 0x67, 0x20, 0x01, 0x00, 0x48, 0x85, 0xc0,
  0x74, 0x21, 0x48, 0x8d, 0x4d, 0xd4, 0x48, 0x8d, 0x55, 0xb0, 0x48, 0x89,
  0xc7, 0x4c, 0x89, 0xe6, 0xc7, 0x45, 0xd4, 0x00, 0x00, 0x00, 0x00, 0x48,
  0x89, 0x4d, 0xb0, 0x31, 0xc9, 0xff, 0x15, 0x31, 0x20, 0x01, 0x00, 0x49,
  0x8b, 0x46, 0x18, 0x48, 0x8b, 0x38, 0x48, 0x85, 0xff, 0x0f, 0x84, 0x57,
  0x01, 0x00, 0x00, 0x48, 0x8b, 0x05, 0x22, 0x20, 0x01, 0x00, 0x48, 0x85,
  0xc0, 0x0f, 0x84, 0x47, 0x01, 0x00, 0x00, 0x48, 0x8d, 0x35, 0x2b, 0xc2,
  0x00, 0x00, 0xff, 0xd0, 0x48, 0x85, 0xc0, 0x0f, 0x84, 0x35, 0x01, 0x00,
  0x00, 0x48, 0x89, 0xc7, 0xff, 0x15, 0x06, 0x20, 0x01, 0x00, 0x48, 0x85,
  0xc0, 0x0f, 0x84, 0x23, 0x01, 0x00, 0x00, 0x48, 0x8d, 0x4d, 0xd4, 0x48,
  0x8d, 0x55, 0xb0, 0x48, 0x89, 0xc7, 0x48, 0x89, 0xde, 0xc7, 0x45, 0xd4,
  0x00, 0x00, 0x00, 0x00, 0x48, 0x89, 0x4d, 0xb0, 0x31, 0xc9, 0xff, 0x15,
  0xcc, 0x1f, 0x01, 0x00, 0xe9, 0xfd, 0x00, 0x00, 0x00, 0x45, 0x31, 0xe4,
  0xeb, 0x57, 0x31, 0xff, 0xff, 0x15, 0xda, 0x1f, 0x01, 0x00, 0x48, 0x8d,
  0x35, 0xee, 0xcc, 0x00, 0x00, 0x4c, 0x89, 0xef, 0xba, 0x04, 0x00, 0x00,
  0x00, 0x49, 0x89, 0xc4, 0xff, 0x15, 0x9a, 0x1f, 0x01, 0x00, 0x48, 0x85,
  0xc0, 0x74, 0x32, 0x48, 0x8d, 0x4d, 0xd4, 0x48, 0x8d, 0x55, 0xb0, 0x48,
  0x89, 0xc7, 0x4c, 0x89, 0xe6, 0x48, 0x89, 0x4d, 0xb0, 0x48, 0x8d, 0x4d,
  0xa0, 0x48, 0x89, 0x4d, 0xb8, 0x48, 0x8d, 0x4d, 0xa4, 0x48, 0x89, 0x4d,
  0xc0, 0x48, 0x8d, 0x4d, 0xa8, 0x48, 0x89, 0x4d, 0xc8, 0x31, 0xc9, 0xff,
  0x15, 0x6b, 0x1f, 0x01, 0x00, 0x4d, 0x85, 0xff, 0x74, 0x41, 0x48, 0x8b,
  0x05, 0x67, 0x1f, 0x01, 0x00, 0x48, 0x85, 0xc0, 0x74, 0x35, 0x48, 0x8d,
  0x35, 0x18, 0xcc, 0x00, 0x00, 0x4c, 0x89, 0xff, 0xff, 0xd0, 0x48, 0x85,
  0xc0, 0x74, 0x24, 0x48, 0x89, 0xc7, 0xff, 0x15, 0x50, 0x1f, 0x01, 0x00,
  0x48, 0x85, 0xc0, 0x74, 0x16, 0x48, 0x8d, 0x55, 0xb0, 0x48, 0x89, 0xc7,
  0x48, 0x89, 0xde, 0x31, 0xc9, 0x4c, 0x89, 0x65, 0xb0, 0xff, 0x15, 0x25,
  0x1f, 0x01, 0x00, 0x49, 0x8b, 0x46, 0x18, 0x48, 0x8b, 0x38, 0x48, 0x85,
  0xff, 0x74, 0x49, 0x48, 0x8b, 0x05, 0x1a, 0x1f, 0x01, 0x00, 0x48, 0x85,
  0xc0, 0x74, 0x3d, 0x48, 0x8d, 0x35, 0x27, 0xc1, 0x00, 0x00, 0xff, 0xd0,
  0x48, 0x85, 0xc0, 0x74, 0x2f, 0x48, 0x89, 0xc7, 0xff, 0x15, 0x06, 0x1f,
  0x01, 0x00, 0x48, 0x85, 0xc0, 0x74, 0x21, 0x48, 0x8d, 0x4d, 0xd4, 0x48,
  0x8d, 0x55, 0xb0, 0x48, 0x89, 0xc7, 0x48, 0x89, 0xde, 0xc7, 0x45, 0xd4,
  0x01, 0x00, 0x00, 0x00, 0x48, 0x89, 0x4d, 0xb0, 0x31, 0xc9, 0xff, 0x15,
  0xd0, 0x1e, 0x01, 0x00, 0x49, 0x8b, 0x46, 0x08, 0xff, 0x00, 0x48, 0x83,
  0xc4, 0x58, 0x5b, 0x41, 0x5c, 0x41, 0x5d, 0x41, 0x5e, 0x41, 0x5f, 0x5d,
  0xc3, 0xcc, 0xcc, 0xcc, 0x55, 0x48, 0x89, 0xe5, 0x41, 0x57, 0x41, 0x56,
  0x41, 0x55, 0x41, 0x54, 0x53, 0x50, 0x48, 0x89, 0xf3, 0x44, 0x0f, 0xb6,
  0x37, 0x45, 0x85, 0xf6, 0x74, 0x50, 0x49, 0x89, 0xff, 0x49, 0xff, 0xc7,
  0xeb, 0x1d, 0x66, 0x66, 0x66, 0x66, 0x66, 0x2e, 0x0f, 0x1f, 0x84, 0x00,
  0x00, 0x00, 0x00, 0x00, 0x48, 0xff, 0xc3, 0x45, 0x0f, 0xb6, 0x37, 0x49,
  0xff, 0xc7, 0x45, 0x85, 0xf6, 0x74, 0x2b, 0x44, 0x0f, 0xb6, 0x23, 0x45,
  0x85, 0xe4, 0x74, 0x22, 0x45, 0x38, 0xe6, 0x74, 0xe3, 0x44, 0x89, 0xf7,
  0x4c, 0x8b, 0x2d, 0xf1, 0xba, 0x00, 0x00, 0x41, 0xff, 0xd5, 0x4c, 0x89,
  0xe9, 0x41, 0x89, 0xc5, 0x44, 0x89, 0xe7, 0xff, 0xd1, 0x41, 0x39, 0xc5,
  0x74, 0xc6, 0x4c, 0x8b, 0x3d, 0xd7, 0xba, 0x00, 0x00, 0x44, 0x89, 0xf7,
  0x41, 0xff, 0xd7, 0x41, 0x89, 0xc6, 0x0f, 0xb6, 0x3b, 0x41, 0xff, 0xd7,
  0x41, 0x29, 0xc6, 0x44, 0x89, 0xf0, 0x48, 0x83, 0xc4, 0x08, 0x5b, 0x41,
  0x5c, 0x41, 0x5d, 0x41, 0x5e, 0x41, 0x5f, 0x5d, 0xc3, 0xcc, 0xcc, 0xcc,
  0xcc, 0xcc, 0xcc, 0xcc, 0xcc, 0xcc, 0xcc, 0xcc, 0x55, 0x48, 0x89, 0xe5,
  0x41, 0x57, 0x41, 0x56, 0x41, 0x55, 0x41, 0x54, 0x53, 0x50, 0x48, 0x89,
  0xf3, 0x44, 0x0f, 0xb6, 0x37, 0x45, 0x85, 0xf6, 0x74, 0x50, 0x49, 0x89,
  0xff, 0x49, 0xff, 0xc7, 0xeb, 0x1d, 0x66, 0x66, 0x66, 0x66, 0x66, 0x2e,
  0x0f, 0x1f, 0x84, 0x00, 0x00, 0x00, 0x00, 0x00, 0x48, 0xff, 0xc3, 0x45,
  0x0f, 0xb6, 0x37, 0x49, 0xff, 0xc7, 0x45, 0x85, 0xf6, 0x74, 0x2b, 0x44,
  0x0f, 0xb6, 0x23, 0x45, 0x85, 0xe4, 0x74, 0x22, 0x45, 0x38, 0xe6, 0x74,
  0xe3, 0x44, 0x89, 0xf7, 0x4c, 0x8b, 0x2d, 0x51, 0xba, 0x00, 0x00, 0x41,
  0xff, 0xd5, 0x4c, 0x89, 0xe9, 0x41, 0x89, 0xc5, 0x44, 0x89, 0xe7, 0xff,
  0xd1, 0x41, 0x39, 0xc5, 0x74, 0xc6, 0x4c, 0x8b, 0x3d, 0x37, 0xba, 0x00,
  0x00, 0x44, 0x89, 0xf7, 0x41, 0xff, 0xd7, 0x41, 0x89, 0xc6, 0x0f, 0xb6,
  0x3b, 0x41, 0xff, 0xd7, 0x41, 0x29, 0xc6, 0x44, 0x89, 0xf0, 0x48, 0x83,
  0xc4, 0x08, 0x5b, 0x41, 0x5c, 0x41, 0x5d, 0x41, 0x5e, 0x41, 0x5f, 0x5d,
  0xc3, 0xcc, 0xcc, 0xcc, 0x48, 0x89, 0x25, 0x29, 0x1d, 0x01, 0x00, 0x48,
  0x83, 0xe4, 0xf0, 0xe8, 0x48, 0x00, 0x00, 0x00, 0x48, 0x8b, 0x25, 0x19,
  0x1d, 0x01, 0x00, 0xc3, 0x55, 0x48, 0x8b, 0x05, 0x18, 0x1e, 0x01, 0x00,
  0x48, 0x8b, 0x40, 0x28, 0x89, 0x38, 0x48, 0x8b, 0x2d, 0x1b, 0x1e, 0x01,
  0x00, 0x48, 0x8b, 0x05, 0x1c, 0x1e, 0x01, 0x00, 0x48, 0x8b, 0x25, 0x1d,
  0x1e, 0x01, 0x00, 0xff, 0xe0, 0x0f, 0x0b, 0xcc, 0xcc, 0xcc, 0xcc, 0xcc,
  0xcc, 0xcc, 0xcc, 0xcc, 0x48, 0x8b, 0x05, 0xe9, 0x1d, 0x01, 0x00, 0xc3,
  0xcc, 0xcc, 0xcc, 0xcc, 0xcc, 0xcc, 0xcc, 0xcc, 0x55, 0x48, 0x89, 0xe5,
  0x41, 0x57, 0x41, 0x56, 0x41, 0x55, 0x41, 0x54, 0x53, 0x50, 0x48, 0x89,
  0xfb, 0x48, 0x8d, 0x05, 0xc8, 0x1c, 0x01, 0x00, 0x48, 0x3b, 0x05, 0xa1,
  0xb9, 0x00, 0x00, 0x73, 0x1a, 0x48, 0x8d, 0x0d, 0xd0, 0x26, 0x01, 0x00,
  0x0f, 0x1f, 0x84, 0x00, 0x00, 0x00, 0x00, 0x00, 0xc6, 0x00, 0x00, 0x48,
  0xff, 0xc0, 0x48, 0x39, 0xc8, 0x72, 0xf5, 0x48, 0x89, 0x1d, 0x9e, 0x1d,
  0x01, 0x00, 0x48, 0x89, 0xdf, 0x67, 0xe8, 0x15, 0x03, 0x00, 0x00, 0x85,
  0xc0, 0x75, 0x7f, 0x48, 0x89, 0xdf, 0x67, 0xe8, 0xb8, 0x20, 0x00, 0x00,
  0x85, 0xc0, 0x75, 0x72, 0x67, 0xe8, 0x0e, 0x07, 0x00, 0x00, 0x85, 0xc0,
  0x75, 0x68, 0x48, 0x8d, 0x15, 0x60, 0xbc, 0x00, 0x00, 0x41, 0xbe, 0xff,
  0xff, 0xff, 0xff, 0xbf, 0xff, 0xff, 0xff, 0xff, 0xbe, 0x02, 0x00, 0x00,
  0x00, 0x67, 0xe8, 0x6d, 0x2d, 0x00, 0x00, 0x48, 0x85, 0xc0, 0x74, 0x1c,
  0xc7, 0x00, 0x01, 0x00, 0x00, 0x00, 0x67, 0xe8, 0x5c, 0x80, 0x00, 0x00,
  0x85, 0xc0, 0x74, 0x15, 0x41, 0x89, 0xc6, 0x48, 0x8d, 0x3d, 0xaf, 0xbe,
  0x00, 0x00, 0xeb, 0x21, 0x48, 0x8d, 0x3d, 0x80, 0xca, 0x00, 0x00, 0xeb,
  0x18, 0x67, 0xe8, 0xbd, 0x56, 0x00, 0x00, 0x85, 0xc0, 0x0f, 0x84, 0x4b,
  0x02, 0x00, 0x00, 0x41, 0x89, 0xc6, 0x48, 0x8d, 0x3d, 0xa9, 0xc9, 0x00,
  0x00, 0x67, 0xe8, 0x15, 0x05, 0x00, 0x00, 0x44, 0x89, 0xf0, 0x48, 0x8b,
  0x4b, 0x28, 0x89, 0x01, 0x85, 0xc0, 0x0f, 0x85, 0xb0, 0x01, 0x00, 0x00,
  0x48, 0x89, 0x2d, 0x0d, 0x1d, 0x01, 0x00, 0x48, 0x89, 0x25, 0x16, 0x1d,
  0x01, 0x00, 0x48, 0x8d, 0x05, 0x13, 0x00, 0x00, 0x00, 0x48, 0x89, 0x05,
  0x00, 0x1d, 0x01, 0x00, 0x31, 0xc0, 0x85, 0xc0, 0x0f, 0x85, 0x8a, 0x01,
  0x00, 0x00, 0xeb, 0x0d, 0xb8, 0x01, 0x00, 0x00, 0x00, 0x85, 0xc0, 0x0f,
  0x85, 0x7b, 0x01, 0x00, 0x00, 0x48, 0x8d, 0x15, 0xff, 0xc0, 0x00, 0x00,
  0xbf, 0xff, 0xff, 0xff, 0xff, 0xbe, 0x01, 0x00, 0x00, 0x00, 0x67, 0xe8,
  0xc8, 0x2c, 0x00, 0x00, 0x48, 0x89, 0xc3, 0x48, 0x85, 0xc0, 0x75, 0x1f,
  0x48, 0x8d, 0x15, 0xe0, 0xc0, 0x00, 0x00, 0xbf, 0xff, 0xff, 0xff, 0xff,
  0xbe, 0x01, 0x20, 0x00, 0x00, 0x67, 0xe8, 0xa9, 0x2c, 0x00, 0x00, 0x48,
  0x89, 0xc3, 0x48, 0x85, 0xc0, 0x74, 0x4b, 0x48, 0x8d, 0x15, 0x33, 0xbd,
  0x00, 0x00, 0xbf, 0xff, 0xff, 0xff, 0xff, 0xbe, 0x01, 0x00, 0x00, 0x00,
  0x67, 0xe8, 0x8a, 0x2c, 0x00, 0x00, 0x49, 0x89, 0xc7, 0x48, 0x85, 0xc0,
  0x75, 0x1f, 0x48, 0x8d, 0x15, 0x14, 0xbd, 0x00, 0x00, 0xbf, 0xff, 0xff,
  0xff, 0xff, 0xbe, 0x01, 0x20, 0x00, 0x00, 0x67, 0xe8, 0x6b, 0x2c, 0x00,
  0x00, 0x49, 0x89, 0xc7, 0x48, 0x85, 0xc0, 0x74, 0x0d, 0xff, 0xd3, 0x41,
  0x89, 0xc6, 0x41, 0xff, 0xd7, 0x48, 0x89, 0xc3, 0xeb, 0x05, 0x31, 0xdb,
  0x45, 0x31, 0xf6, 0x48, 0x8d, 0x15, 0xb2, 0xca, 0x00, 0x00, 0xbf, 0xff,
  0xff, 0xff, 0xff, 0xbe, 0x01, 0x00, 0x00, 0x00, 0x67, 0xe8, 0x3a, 0x2c,
  0x00, 0x00, 0x49, 0x89, 0xc4, 0x48, 0x85, 0xc0, 0x75, 0x1a, 0x48, 0x8d,
  0x15, 0x93, 0xca, 0x00, 0x00, 0xbf, 0xff, 0xff, 0xff, 0xff, 0xbe, 0x01,
  0x20, 0x00, 0x00, 0x67, 0xe8, 0x1b, 0x2c, 0x00, 0x00, 0x49, 0x89, 0xc4,
  0x48, 0x8d, 0x15, 0xab, 0xc5, 0x00, 0x00, 0x41, 0xbf, 0xff, 0xff, 0xff,
  0xff, 0xbf, 0xff, 0xff, 0xff, 0xff, 0xbe, 0x01, 0x00, 0x00, 0x00, 0x67,
  0xe8, 0xfb, 0x2b, 0x00, 0x00, 0x48, 0x85, 0xc0, 0x75, 0x28, 0x48, 0x8d,
  0x15, 0x89, 0xc5, 0x00, 0x00, 0xbf, 0xff, 0xff, 0xff, 0xff, 0xbe, 0x01,
  0x20, 0x00, 0x00, 0x67, 0xe8, 0xdf, 0x2b, 0x00, 0x00, 0x48, 0x89, 0xc1,
  0x48, 0x85, 0xc0, 0x48, 0x8d, 0x05, 0xcd, 0xbd, 0x00, 0x00, 0x48, 0x0f,
  0x45, 0xc1, 0x48, 0x89, 0xc7, 0x67, 0xe8, 0x55, 0x6e, 0x00, 0x00, 0x48,
  0x85, 0xc0, 0x74, 0x49, 0x49, 0x89, 0xc5, 0x48, 0x89, 0xc7, 0x67, 0xe8,
  0x94, 0x79, 0x00, 0x00, 0x4c, 0x89, 0xef, 0x67, 0xe8, 0x2b, 0x51, 0x00,
  0x00, 0x85, 0xc0, 0x74, 0x05, 0x41, 0x89, 0xc7, 0xeb, 0x22, 0x4c, 0x89,
  0xef, 0x44, 0x89, 0xf6, 0x48, 0x89, 0xda, 0x4c, 0x89, 0xe1, 0x67, 0xe8,
  0x30, 0x52, 0x00, 0x00, 0x85, 0xc0, 0x74, 0x55, 0x41, 0x89, 0xc7, 0x4c,
  0x89, 0xef, 0x67, 0xe8, 0x10, 0x54, 0x00, 0x00, 0x4c, 0x89, 0xef, 0x67,
  0xe8, 0xe7, 0x54, 0x00, 0x00, 0x45, 0x85, 0xff, 0x74, 0x0e, 0x48, 0x8b,
  0x05, 0x5b, 0x1b, 0x01, 0x00, 0x48, 0x8b, 0x40, 0x28, 0x44, 0x89, 0x38,
  0x48, 0x8d, 0x15, 0x45, 0xc9, 0x00, 0x00, 0xbf, 0xff, 0xff, 0xff, 0xff,
  0xbe, 0x01, 0x20, 0x00, 0x00, 0x67, 0xe8, 0x4d, 0x2b, 0x00, 0x00, 0x48,
  0x85, 0xc0, 0x74, 0x65, 0x31, 0xc0, 0x48, 0x83, 0xc4, 0x08, 0x5b, 0x41,
  0x5c, 0x41, 0x5d, 0x41, 0x5e, 0x41, 0x5f, 0x5d, 0xc3, 0x44, 0x89, 0xf7,
  0x48, 0x89, 0xde, 0x4c, 0x89, 0xe2, 0x67, 0xe8, 0xe8, 0xd9, 0xff, 0xff,
  0x48, 0x8b, 0x0d, 0x11, 0x1b, 0x01, 0x00, 0x48, 0x8b, 0x49, 0x28, 0x89,
  0x01, 0x4c, 0x89, 0xef, 0x67, 0xe8, 0x52, 0x53, 0x00, 0x00, 0x89, 0xc3,
  0x4c, 0x89, 0xef, 0x67, 0xe8, 0x97, 0x53, 0x00, 0x00, 0x41, 0x89, 0xc7,
  0x4c, 0x89, 0xef, 0x67, 0xe8, 0x6b, 0x54, 0x00, 0x00, 0x85, 0xdb, 0x44,
  0x0f, 0x45, 0xfb, 0x45, 0x85, 0xff, 0x0f, 0x85, 0x7a, 0xff, 0xff, 0xff,
  0xeb, 0x86, 0x31, 0xc0, 0xe9, 0xc1, 0xfd, 0xff, 0xff, 0x48, 0x8d, 0x15,
  0xa3, 0xcc, 0x00, 0x00, 0xbf, 0xff, 0xff, 0xff, 0xff, 0xbe, 0x02, 0x00,
  0x00, 0x00, 0x67, 0xe8, 0xcc, 0x2a, 0x00, 0x00, 0x48, 0x85, 0xc0, 0x74,
  0x0f, 0x48, 0x8b, 0x0d, 0xb0, 0x1a, 0x01, 0x00, 0x48, 0x8b, 0x49, 0x28,
  0x8b, 0x39, 0xff, 0xd0, 0x0f, 0x0b, 0x0f, 0x0b, 0xcc, 0xcc, 0xcc, 0xcc,
  0x48, 0x89, 0xf8, 0x48, 0x89, 0xf7, 0x48, 0x89, 0xd6, 0x48, 0x89, 0xca,
  0x4d, 0x89, 0xc2, 0x4d, 0x89, 0xc8, 0x4c, 0x8b, 0x4c, 0x24, 0x08, 0xff,
  0x15, 0x93, 0x1b, 0x01, 0x00, 0xc3, 0xc3, 0xcc, 0x55, 0x48, 0x89, 0xe5,
  0x53, 0x50, 0x48, 0x89, 0xfb, 0x48, 0xc7, 0x45, 0xf0, 0x00, 0x00, 0x00,
  0x00, 0x48, 0x8d, 0x35, 0x60, 0xc8, 0x00, 0x00, 0x48, 0x8d, 0x55, 0xf0,
  0xbf, 0x01, 0x00, 0x00, 0x00, 0xff, 0x13, 0x85, 0xc0, 0x74, 0x12, 0x48,
  0x8d, 0x35, 0x4a, 0xc8, 0x00, 0x00, 0x48, 0x8d, 0x55, 0xf0, 0xbf, 0x01,
  0x20, 0x00, 0x00, 0xff, 0x13, 0x48, 0x8b, 0x03, 0x48, 0x39, 0x45, 0xf0,
  0x74, 0x09, 0x48, 0x89, 0x05, 0x47, 0x1b, 0x01, 0x00, 0xeb, 0x2e, 0x48,
  0x8d, 0x35, 0x2f, 0xc5, 0x00, 0x00, 0x48, 0x8d, 0x15, 0x37, 0x1b, 0x01,
  0x00, 0xbf, 0x01, 0x00, 0x00, 0x00, 0xff, 0xd0, 0x85, 0xc0, 0x74, 0x15,
  0x48, 0x8d, 0x35, 0x16, 0xc5, 0x00, 0x00, 0x48, 0x8d, 0x15, 0x1e, 0x1b,
  0x01, 0x00, 0xbf, 0x01, 0x20, 0x00, 0x00, 0xff, 0x13, 0x48, 0x8b, 0x05,
  0x10, 0x1b, 0x01, 0x00, 0x48, 0x85, 0xc0, 0x74, 0x0f, 0x48, 0x83, 0xc0,
  0x0a, 0x48, 0x89, 0x05, 0x00, 0x1b, 0x01, 0x00, 0x31, 0xc0, 0xeb, 0x05,
  0xb8, 0xff, 0xff, 0xff, 0xff, 0x48, 0x83, 0xc4, 0x08, 0x5b, 0x5d, 0xc3,
  0x55, 0x48, 0x89, 0xe5, 0x41, 0x57, 0x41, 0x56, 0x53, 0x48, 0x81, 0xec,
  0xf8, 0x04, 0x00, 0x00, 0x49, 0x89, 0xfa, 0x48, 0x89, 0xb5, 0x08, 0xff,
  0xff, 0xff, 0x48, 0x89, 0x95, 0x10, 0xff, 0xff, 0xff, 0x48, 0x89, 0x8d,
  0x18, 0xff, 0xff, 0xff, 0x4c, 0x89, 0x85, 0x20, 0xff, 0xff, 0xff, 0x4c,
  0x89, 0x8d, 0x28, 0xff, 0xff, 0xff, 0x84, 0xc0, 0x74, 0x37, 0xc5, 0xf8,
  0x29, 0x85, 0x30, 0xff, 0xff, 0xff, 0xc5, 0xf8, 0x29, 0x8d, 0x40, 0xff,
  0xff, 0xff, 0xc5, 0xf8, 0x29, 0x95, 0x50, 0xff, 0xff, 0xff, 0xc5, 0xf8,
  0x29, 0x9d, 0x60, 0xff, 0xff, 0xff, 0xc5, 0xf8, 0x29, 0xa5, 0x70, 0xff,
  0xff, 0xff, 0xc5, 0xf8, 0x29, 0x6d, 0x80, 0xc5, 0xf8, 0x29, 0x75, 0x90,
  0xc5, 0xf8, 0x29, 0x7d, 0xa0, 0xc5, 0xf8, 0x57, 0xc0, 0xc5, 0xfc, 0x11,
  0x85, 0xe0, 0xfe, 0xff, 0xff, 0xc5, 0xfc, 0x11, 0x85, 0xc0, 0xfe, 0xff,
  0xff, 0xc5, 0xfc, 0x11, 0x85, 0xa0, 0xfe, 0xff, 0xff, 0xc5, 0xfc, 0x11,
  0x85, 0x80, 0xfe, 0xff, 0xff, 0xc5, 0xfc, 0x11, 0x85, 0x60, 0xfe, 0xff,
  0xff, 0xc5, 0xfc, 0x11, 0x85, 0x40, 0xfe, 0xff, 0xff, 0xc5, 0xfc, 0x11,
  0x85, 0x20, 0xfe, 0xff, 0xff, 0xc5, 0xfc, 0x11, 0x85, 0x00, 0xfe, 0xff,
  0xff, 0xc5, 0xfc, 0x11, 0x85, 0xe0, 0xfd, 0xff, 0xff, 0xc5, 0xfc, 0x11,
  0x85, 0xc0, 0xfd, 0xff, 0xff, 0xc5, 0xfc, 0x11, 0x85, 0xa0, 0xfd, 0xff,
  0xff, 0xc5, 0xfc, 0x11, 0x85, 0x80, 0xfd, 0xff, 0xff, 0xc5, 0xfc, 0x11,
  0x85, 0x60, 0xfd, 0xff, 0xff, 0xc5, 0xfc, 0x11, 0x85, 0x40, 0xfd, 0xff,
  0xff, 0xc5, 0xfc, 0x11, 0x85, 0x20, 0xfd, 0xff, 0xff, 0xc5, 0xfc, 0x11,
  0x85, 0x00, 0xfd, 0xff, 0xff, 0x48, 0x8d, 0x85, 0x00, 0xff, 0xff, 0xff,
  0x48, 0x89, 0x45, 0xe0, 0x48, 0x8d, 0x45, 0x10, 0x48, 0x89, 0x45, 0xd8,
  0x48, 0xb8, 0x08, 0x00, 0x00, 0x00, 0x30, 0x00, 0x00, 0x00, 0x48, 0x89,
  0x45, 0xd0, 0x48, 0x8d, 0xbd, 0x00, 0xfd, 0xff, 0xff, 0x48, 0x8d, 0x4d,
  0xd0, 0xbe, 0x00, 0x02, 0x00, 0x00, 0x4c, 0x89, 0xd2, 0xc5, 0xf8, 0x77,
  0xff, 0x15, 0xc6, 0x19, 0x01, 0x00, 0x4c, 0x8b, 0x35, 0xc7, 0x19, 0x01,
  0x00, 0x4c, 0x8d, 0x3d, 0x00, 0xfe, 0xff, 0xff, 0xbf, 0x14, 0x00, 0x00,
  0x00, 0x31, 0xc0, 0x41, 0xff, 0xd7, 0x48, 0x89, 0xc3, 0xc6, 0x45, 0xb0,
  0x00, 0x48, 0x8d, 0x55, 0xb0, 0xbf, 0x68, 0x02, 0x00, 0x00, 0xb9, 0x20,
  0x00, 0x00, 0x00, 0x89, 0xde, 0x31, 0xc0, 0x41, 0xff, 0xd7, 0x80, 0x7d,
  0xb0, 0x00, 0x75, 0x1a, 0x48, 0x8d, 0x15, 0x89, 0xbd, 0x00, 0x00, 0x48,
  0x8d, 0x7d, 0xb0, 0xbe, 0x20, 0x00, 0x00, 0x00, 0x89, 0xd9, 0x31, 0xc0,
  0xff, 0x15, 0x7a, 0x19, 0x01, 0x00, 0x48, 0x8d, 0x15, 0x2f, 0xca, 0x00,
  0x00, 0x48, 0x8d, 0x9d, 0xf0, 0xfa, 0xff, 0xff, 0x48, 0x8d, 0x4d, 0xb0,
  0x4c, 0x8d, 0x85, 0x00, 0xfd, 0xff, 0xff, 0xbe, 0x10, 0x02, 0x00, 0x00,
  0x48, 0x89, 0xdf, 0x31, 0xc0, 0x41, 0xff, 0xd6, 0xbf, 0x59, 0x02, 0x00,
  0x00, 0xbe, 0x07, 0x00, 0x00, 0x00, 0x48, 0x89, 0xda, 0x31, 0xc9, 0x31,
  0xc0, 0x67, 0xe8, 0x7d, 0xfd, 0xff, 0xff, 0x48, 0x81, 0xc4, 0xf8, 0x04,
  0x00, 0x00, 0x5b, 0x41, 0x5e, 0x41, 0x5f, 0x5d, 0xc3, 0xcc, 0xcc, 0xcc,
  0xcc, 0xcc, 0xcc, 0xcc, 0xcc, 0xcc, 0xcc, 0xcc, 0xcc, 0xcc, 0xcc, 0xcc,
  0x55, 0x48, 0x89, 0xe5, 0x41, 0x57, 0x41, 0x56, 0x41, 0x54, 0x53, 0x48,
  0x81, 0xec, 0x20, 0x02, 0x00, 0x00, 0x48, 0x89, 0xfb, 0x4c, 0x8b, 0x3d,
  0x04, 0x19, 0x01, 0x00, 0x4c, 0x8d, 0x25, 0x3d, 0xfd, 0xff, 0xff, 0xbf,
  0x14, 0x00, 0x00, 0x00, 0x31, 0xc0, 0x41, 0xff, 0xd4, 0x49, 0x89, 0xc6,
  0xc6, 0x45, 0xc0, 0x00, 0x48, 0x8d, 0x55, 0xc0, 0xbf, 0x68, 0x02, 0x00,
  0x00, 0xb9, 0x20, 0x00, 0x00, 0x00, 0x44, 0x89, 0xf6, 0x31, 0xc0, 0x41,
  0xff, 0xd4, 0x80, 0x7d, 0xc0, 0x00, 0x75, 0x1b, 0x48, 0x8d, 0x15, 0xc5,
  0xbc, 0x00, 0x00, 0x48, 0x8d, 0x7d, 0xc0, 0xbe, 0x20, 0x00, 0x00, 0x00,
  0x44, 0x89, 0xf1, 0x31, 0xc0, 0xff, 0x15, 0xb5, 0x18, 0x01, 0x00, 0x48,
  0x8d, 0x15, 0x3f, 0xb8, 0x00, 0x00, 0x4c, 0x8d, 0xb5, 0xc0, 0xfd, 0xff,
  0xff, 0x48, 0x8d, 0x4d, 0xc0, 0xbe, 0x00, 0x02, 0x00, 0x00, 0x4c, 0x89,
  0xf7, 0x49, 0x89, 0xd8, 0x31, 0xc0, 0x41, 0xff, 0xd7, 0xbf, 0x59, 0x02,
  0x00, 0x00, 0xbe, 0x07, 0x00, 0x00, 0x00, 0x4c, 0x89, 0xf2, 0x31, 0xc9,
  0x31, 0xc0, 0x67, 0xe8, 0xbc, 0xfc, 0xff, 0xff, 0x48, 0x81, 0xc4, 0x20,
  0x02, 0x00, 0x00, 0x5b, 0x41, 0x5c, 0x41, 0x5e, 0x41, 0x5f, 0x5d, 0xc3,
  0xcc, 0xcc, 0xcc, 0xcc, 0xcc, 0xcc, 0xcc, 0xcc, 0xcc, 0xcc, 0xcc, 0xcc,
  0x55, 0x48, 0x89, 0xe5, 0x41, 0x57, 0x41, 0x56, 0x41, 0x54, 0x53, 0x48,
  0x81, 0xec, 0x20, 0x02, 0x00, 0x00, 0x48, 0x89, 0xfb, 0x4c, 0x8b, 0x3d,
  0x44, 0x18, 0x01, 0x00, 0x4c, 0x8d, 0x25, 0x7d, 0xfc, 0xff, 0xff, 0xbf,
  0x14, 0x00, 0x00, 0x00, 0x31, 0xc0, 0x41, 0xff, 0xd4, 0x49, 0x89, 0xc6,
  0xc6, 0x45, 0xc0, 0x00, 0x48, 0x8d, 0x55, 0xc0, 0xbf, 0x68, 0x02, 0x00,
  0x00, 0xb9, 0x20, 0x00, 0x00, 0x00, 0x44, 0x89, 0xf6, 0x31, 0xc0, 0x41,
  0xff, 0xd4, 0x80, 0x7d, 0xc0, 0x00, 0x75, 0x1b, 0x48, 0x8d, 0x15, 0x05,
  0xbc, 0x00, 0x00, 0x48, 0x8d, 0x7d, 0xc0, 0xbe, 0x20, 0x00, 0x00, 0x00,
  0x44, 0x89, 0xf1, 0x31, 0xc0, 0xff, 0x15, 0xf5, 0x17, 0x01, 0x00, 0x4c,
  0x8b, 0x35, 0xf6, 0x17, 0x01, 0x00, 0xff, 0x15, 0xf8, 0x17, 0x01, 0x00,
  0x8b, 0x38, 0x41, 0xff, 0xd6, 0x48, 0x8d, 0x15, 0x4e, 0xbf, 0x00, 0x00,
  0x4c, 0x8d, 0xb5, 0xc0, 0xfd, 0xff, 0xff, 0x48, 0x8d, 0x4d, 0xc0, 0xbe,
  0x00, 0x02, 0x00, 0x00, 0x4c, 0x89, 0xf7, 0x49, 0x89, 0xd8, 0x49, 0x89,
  0xc1, 0x31, 0xc0, 0x41, 0xff, 0xd7, 0xbf, 0x59, 0x02, 0x00, 0x00, 0xbe,
  0x07, 0x00, 0x00, 0x00, 0x4c, 0x89, 0xf2, 0x31, 0xc9, 0x31, 0xc0, 0x67,
  0xe8, 0xe7, 0xfb, 0xff, 0xff, 0x48, 0x81, 0xc4, 0x20, 0x02, 0x00, 0x00,
  0x5b, 0x41, 0x5c, 0x41, 0x5e, 0x41, 0x5f, 0x5d, 0xc3, 0xcc, 0xcc, 0xcc,
  0xcc, 0xcc, 0xcc, 0xcc, 0x55, 0x48, 0x89, 0xe5, 0x53, 0x50, 0x48, 0x8d,
  0x15, 0x5b, 0xb9, 0x00, 0x00, 0xbb, 0xff, 0xff, 0xff, 0xff, 0xbf, 0xff,
  0xff, 0xff, 0xff, 0xbe, 0x02, 0x00, 0x00, 0x00, 0x67, 0xe8, 0x5e, 0x26,
  0x00, 0x00, 0x48, 0x89, 0x05, 0x67, 0x17, 0x01, 0x00, 0x48, 0x85, 0xc0,
  0x0f, 0x84, 0x8e, 0x00, 0x00, 0x00, 0x48, 0x8d, 0x15, 0x20, 0xc8, 0x00,
  0x00, 0xbf, 0xff, 0xff, 0xff, 0xff, 0xbe, 0x02, 0x00, 0x00, 0x00, 0x67,
  0xe8, 0x37, 0x26, 0x00, 0x00, 0x48, 0x89, 0x05, 0x48, 0x17, 0x01, 0x00,
  0x48, 0x85, 0xc0, 0x74, 0x6b, 0x48, 0x8d, 0x15, 0x2f, 0xbd, 0x00, 0x00,
  0xbf, 0xff, 0xff, 0xff, 0xff, 0xbe, 0x02, 0x00, 0x00, 0x00, 0x67, 0xe8,
  0x14, 0x26, 0x00, 0x00, 0x48, 0x89, 0x05, 0x15, 0x17, 0x01, 0x00, 0x48,
  0x85, 0xc0, 0x74, 0x48, 0x48, 0x8d, 0x15, 0x12, 0xc0, 0x00, 0x00, 0xbf,
  0xff, 0xff, 0xff, 0xff, 0xbe, 0x01, 0x00, 0x00, 0x00, 0x67, 0xe8, 0xf1,
  0x25, 0x00, 0x00, 0x48, 0x89, 0x05, 0x0a, 0x17, 0x01, 0x00, 0x48, 0x85,
  0xc0, 0x75, 0x23, 0x48, 0x8d, 0x15, 0xef, 0xbf, 0x00, 0x00, 0xbf, 0xff,
  0xff, 0xff, 0xff, 0xbe, 0x01, 0x20, 0x00, 0x00, 0x67, 0xe8, 0xce, 0x25,
  0x00, 0x00, 0x48, 0x89, 0x05, 0xe7, 0x16, 0x01, 0x00, 0x48, 0x85, 0xc0,
  0x74, 0x02, 0x31, 0xdb, 0x89, 0xd8, 0x48, 0x83, 0xc4, 0x08, 0x5b, 0x5d,
  0xc3, 0xcc, 0xcc, 0xcc, 0xcc, 0xcc, 0xcc, 0xcc, 0x55, 0x48, 0x89, 0xe5,
  0x41, 0x57, 0x41, 0x56, 0x41, 0x55, 0x41, 0x54, 0x53, 0x48, 0x81, 0xec,
  0x88, 0x00, 0x00, 0x00, 0x48, 0x89, 0xf3, 0x49, 0x89, 0xfe, 0xc5, 0xf8,
  0x28, 0x05, 0xae, 0xb1, 0x00, 0x00, 0xc5, 0xf8, 0x11, 0x85, 0x78, 0xff,
  0xff, 0xff, 0xb8, 0xf0, 0xe1, 0xd2, 0xc3, 0x48, 0x89, 0x45, 0x88, 0xc7,
  0x45, 0x90, 0x00, 0x00, 0x00, 0x00, 0x49, 0xc7, 0xc4, 0xff, 0xff, 0xff,
  0xff, 0xb8, 0xf8, 0xff, 0xff, 0xff, 0x66, 0x2e, 0x0f, 0x1f, 0x84, 0x00,
  0x00, 0x00, 0x00, 0x00, 0x83, 0xc0, 0x08, 0x43, 0x80, 0x7c, 0x26, 0x01,
  0x00, 0x4d, 0x8d, 0x64, 0x24, 0x01, 0x75, 0xf0, 0x89, 0x45, 0x8c, 0x4c,
  0x89, 0xe0, 0x48, 0xc1, 0xe8, 0x1d, 0x01, 0x45, 0x90, 0x49, 0x83, 0xfc,
  0x40, 0x72, 0x76, 0x48, 0x8d, 0x75, 0x94, 0x31, 0xc0, 0x0f, 0x1f, 0x80,
  0x00, 0x00, 0x00, 0x00, 0x41, 0x0f, 0xb6, 0x0c, 0x06, 0x88, 0x4c, 0x05,
  0x94, 0x48, 0xff, 0xc0, 0x48, 0x83, 0xf8, 0x40, 0x75, 0xee, 0x48, 0x8d,
  0xbd, 0x78, 0xff, 0xff, 0xff, 0xe8, 0x02, 0x04, 0x00, 0x00, 0x41, 0xbd,
  0x40, 0x00, 0x00, 0x00, 0x49, 0x81, 0xfc, 0x80, 0x00, 0x00, 0x00, 0x72,
  0x32, 0x41, 0xbd, 0xbf, 0x00, 0x00, 0x00, 0x4c, 0x8d, 0xbd, 0x78, 0xff,
  0xff, 0xff, 0x66, 0x0f, 0x1f, 0x44, 0x00, 0x00, 0x41, 0x8d, 0x75, 0x81,
  0x4c, 0x01, 0xf6, 0x4c, 0x89, 0xff, 0xe8, 0xd1, 0x03, 0x00, 0x00, 0x44,
  0x89, 0xe8, 0x41, 0x83, 0xc5, 0x40, 0x49, 0x39, 0xc4, 0x77, 0xe5, 0x41,
  0x83, 0xc5, 0x81, 0x44, 0x89, 0xe8, 0x49, 0x29, 0xc4, 0x75, 0x09, 0xeb,
  0x28, 0x31, 0xc0, 0x49, 0x29, 0xc4, 0x74, 0x21, 0x49, 0x01, 0xc6, 0x31,
  0xc0, 0x66, 0x66, 0x2e, 0x0f, 0x1f, 0x84, 0x00, 0x00, 0x00, 0x00, 0x00,
  0x41, 0x0f, 0xb6, 0x0c, 0x06, 0x88, 0x4c, 0x05, 0x94, 0x48, 0xff, 0xc0,
  0x49, 0x39, 0xc4, 0x75, 0xef, 0x8b, 0x45, 0x8c, 0x89, 0xc1, 0xc1, 0xe9,
  0x07, 0x8d, 0x90, 0x80, 0x00, 0x00, 0x00, 0x89, 0x55, 0x8c, 0x81, 0xf9,
  0xff, 0xff, 0xff, 0x01, 0x72, 0x03, 0xff, 0x45, 0x90, 0xb9, 0x03, 0x06,
  0x00, 0x00, 0xc4, 0xe2, 0x70, 0xf7, 0xc0, 0x83, 0xf8, 0x30, 0x72, 0x4e,
  0x48, 0x8d, 0x4c, 0x05, 0x94, 0x41, 0xbe, 0x40, 0x00, 0x00, 0x00, 0x41,
  0x29, 0xc6, 0x31, 0xc0, 0x48, 0x8d, 0x15, 0x0d, 0xb1, 0x00, 0x00, 0x66,
  0x66, 0x66, 0x66, 0x2e, 0x0f, 0x1f, 0x84, 0x00, 0x00, 0x00, 0x00, 0x00,
  0x0f, 0xb6, 0x34, 0x10, 0x40, 0x88, 0x34, 0x01, 0x48, 0xff, 0xc0, 0x49,
  0x39, 0xc6, 0x75, 0xf0, 0x48, 0x8d, 0x75, 0x94, 0x48, 0x8d, 0xbd, 0x78,
  0xff, 0xff, 0xff, 0xe8, 0x20, 0x03, 0x00, 0x00, 0x31, 0xc0, 0x41, 0x83,
  0xfe, 0x10, 0x75, 0x0b, 0xeb, 0x40, 0x45, 0x31, 0xf6, 0x41, 0x83, 0xfe,
  0x10, 0x74, 0x37, 0x48, 0x8d, 0x44, 0x05, 0x94, 0x31, 0xc9, 0x48, 0x8d,
  0x15, 0xbf, 0xb0, 0x00, 0x00, 0x66, 0x66, 0x66, 0x66, 0x66, 0x66, 0x2e,
  0x0f, 0x1f, 0x84, 0x00, 0x00, 0x00, 0x00, 0x00, 0x49, 0x8d, 0x34, 0x0e,
  0x0f, 0xb6, 0x34, 0x32, 0x40, 0x88, 0x34, 0x08, 0x49, 0x8d, 0x74, 0x0e,
  0x01, 0x48, 0xff, 0xc1, 0x48, 0x83, 0xfe, 0x10, 0x75, 0xe6, 0xc6, 0x45,
  0xd7, 0x80, 0x31, 0xc0, 0x31, 0xc9, 0x66, 0x66, 0x66, 0x66, 0x66, 0x2e,
  0x0f, 0x1f, 0x84, 0x00, 0x00, 0x00, 0x00, 0x00, 0x31, 0xd2, 0x48, 0x83,
  0xf9, 0x04, 0x0f, 0x92, 0xc2, 0x89, 0xc6, 0x40, 0xf6, 0xd6, 0x40, 0x80,
  0xe6, 0x18, 0xc4, 0xe2, 0x4b, 0xf7, 0x54, 0x95, 0x8c, 0x88, 0x94, 0x0d,
  0x58, 0xff, 0xff, 0xff, 0x48, 0xff, 0xc1, 0x83, 0xc0, 0x08, 0x48, 0x83,
  0xf9, 0x08, 0x75, 0xd4, 0x8b, 0x45, 0x8c, 0x89, 0xc1, 0xc1, 0xe9, 0x03,
  0x8d, 0x50, 0x08, 0x89, 0x55, 0x8c, 0x81, 0xf9, 0xff, 0xff, 0xff, 0x1f,
  0x72, 0x03, 0xff, 0x45, 0x90, 0xb9, 0x03, 0x06, 0x00, 0x00, 0xc4, 0xe2,
  0x70, 0xf7, 0xc0, 0x83, 0xf8, 0x3f, 0x75, 0x28, 0x48, 0x8d, 0x75, 0x94,
  0xc6, 0x44, 0x05, 0x94, 0x80, 0x41, 0xbe, 0x40, 0x00, 0x00, 0x00, 0x41,
  0x29, 0xc6, 0x48, 0x8d, 0xbd, 0x78, 0xff, 0xff, 0xff, 0xe8, 0x4e, 0x02,
  0x00, 0x00, 0x31, 0xc0, 0x41, 0x83, 0xfe, 0x01, 0x75, 0x0b, 0xeb, 0x34,
  0x45, 0x31, 0xf6, 0x41, 0x83, 0xfe, 0x01, 0x74, 0x2b, 0xb9, 0x01, 0x00,
  0x00, 0x00, 0x4c, 0x29, 0xf1, 0x4a, 0x8d, 0x54, 0x35, 0xd7, 0x48, 0x8d,
  0x44, 0x05, 0x94, 0x31, 0xf6, 0x0f, 0x1f, 0x80, 0x00, 0x00, 0x00, 0x00,
  0x0f, 0xb6, 0x3c, 0x32, 0x40, 0x88, 0x3c, 0x30, 0x48, 0xff, 0xc6, 0x48,
  0x39, 0xf1, 0x75, 0xf0, 0x8b, 0x45, 0x8c, 0x89, 0xc1, 0x81, 0xe1, 0xf8,
  0x01, 0x00, 0x00, 0x81, 0xf9, 0xc0, 0x01, 0x00, 0x00, 0x0f, 0x85, 0x3a,
  0x01, 0x00, 0x00, 0x8d, 0x48, 0x40, 0x89, 0x4d, 0x8c, 0x83, 0xf8, 0xc0,
  0x72, 0x03, 0xff, 0x45, 0x90, 0x31, 0xc0, 0x66, 0x0f, 0x1f, 0x84, 0x00,
  0x00, 0x00, 0x00, 0x00, 0x0f, 0xb6, 0x8c, 0x05, 0x58, 0xff, 0xff, 0xff,
  0x88, 0x4c, 0x05, 0xcc, 0x48, 0xff, 0xc0, 0x48, 0x83, 0xf8, 0x08, 0x75,
  0xeb, 0x48, 0x8d, 0x75, 0x94, 0x48, 0x8d, 0xbd, 0x78, 0xff, 0xff, 0xff,
  0xe8, 0xbb, 0x01, 0x00, 0x00, 0x31, 0xc0, 0x31, 0xc9, 0x0f, 0x1f, 0x80,
  0x00, 0x00, 0x00, 0x00, 0x89, 0xca, 0x83, 0xe2, 0xfc, 0x89, 0xc6, 0x40,
  0xf6, 0xd6, 0x40, 0x80, 0xe6, 0x18, 0xc4, 0xe2, 0x4b, 0xf7, 0x94, 0x15,
  0x78, 0xff, 0xff, 0xff, 0x88, 0x94, 0x0d, 0x60, 0xff, 0xff, 0xff, 0x48,
  0xff, 0xc1, 0x83, 0xc0, 0x08, 0x48, 0x83, 0xf9, 0x14, 0x75, 0xd5, 0x48,
  0x8b, 0x85, 0x60, 0xff, 0xff, 0xff, 0x48, 0x0f, 0x38, 0xf1, 0x85, 0x60,
  0xff, 0xff, 0xff, 0xb8, 0x08, 0x00, 0x00, 0x00, 0xc6, 0x84, 0x05, 0x60,
  0xff, 0xff, 0xff, 0x00, 0x48, 0xff, 0xc0, 0x48, 0x83, 0xf8, 0x10, 0x75,
  0xef, 0x48, 0xc7, 0xc0, 0xfc, 0xff, 0xff, 0xff, 0x48, 0x8d, 0x8d, 0x62,
  0xff, 0xff, 0xff, 0x48, 0x8d, 0x15, 0x6a, 0xc4, 0x00, 0x00, 0xbe, 0x0c,
  0x06, 0x00, 0x00, 0xbf, 0x06, 0x06, 0x00, 0x00, 0x44, 0x0f, 0xb6, 0x41,
  0xfe, 0x44, 0x0f, 0xb6, 0x49, 0xff, 0x44, 0x0f, 0xb6, 0x11, 0x45, 0x89,
  0xc3, 0x41, 0xc1, 0xe3, 0x10, 0x41, 0xc1, 0xe1, 0x08, 0x47, 0x8d, 0x34,
  0x11, 0xc4, 0x42, 0x40, 0xf7, 0xf6, 0x45, 0x09, 0xd9, 0xc4, 0x42, 0x48,
  0xf7, 0xc9, 0x41, 0xc1, 0xe8, 0x02, 0x45, 0x0f, 0xb6, 0x04, 0x10, 0x44,
  0x88, 0x44, 0x03, 0x04, 0x45, 0x0f, 0xb6, 0x04, 0x11, 0x44, 0x88, 0x44,
  0x03, 0x05, 0x45, 0x0f, 0xb6, 0x04, 0x16, 0x44, 0x88, 0x44, 0x03, 0x06,
  0x41, 0x83, 0xe2, 0x3f, 0x45, 0x0f, 0xb6, 0x04, 0x12, 0x44, 0x88, 0x44,
  0x03, 0x07, 0x48, 0x83, 0xc0, 0x04, 0x48, 0x83, 0xc1, 0x03, 0x48, 0x83,
  0xf8, 0x07, 0x72, 0x98, 0xc6, 0x43, 0x0b, 0x00, 0x48, 0x89, 0xd8, 0x48,
  0x81, 0xc4, 0x88, 0x00, 0x00, 0x00, 0x5b, 0x41, 0x5c, 0x41, 0x5d, 0x41,
  0x5e, 0x41, 0x5f, 0x5d, 0xc3, 0x4c, 0x8d, 0x75, 0x94, 0x41, 0xbc, 0x03,
  0x06, 0x00, 0x00, 0x4c, 0x8d, 0xbd, 0x78, 0xff, 0xff, 0xff, 0xeb, 0x23,
  0x66, 0x66, 0x66, 0x2e, 0x0f, 0x1f, 0x84, 0x00, 0x00, 0x00, 0x00, 0x00,
  0x8b, 0x45, 0x8c, 0x89, 0xc1, 0x81, 0xe1, 0xf8, 0x01, 0x00, 0x00, 0x81,
  0xf9, 0xc0, 0x01, 0x00, 0x00, 0x0f, 0x84, 0x90, 0xfe, 0xff, 0xff, 0xc6,
  0x45, 0xd7, 0x00, 0x8d, 0x48, 0x08, 0x89, 0x4d, 0x8c, 0x83, 0xf8, 0xf8,
  0x72, 0x03, 0xff, 0x45, 0x90, 0xc4, 0xe2, 0x18, 0xf7, 0xc0, 0x83, 0xf8,
  0x3f, 0x75, 0x2d, 0xc6, 0x44, 0x05, 0x94, 0x00, 0x41, 0xbd, 0x40, 0x00,
  0x00, 0x00, 0x41, 0x29, 0xc5, 0x4c, 0x89, 0xff, 0x4c, 0x89, 0xf6, 0xe8,
  0x54, 0x00, 0x00, 0x00, 0x31, 0xc0, 0x41, 0x83, 0xfd, 0x01, 0x74, 0xac,
  0xeb, 0x13, 0x66, 0x2e, 0x0f, 0x1f, 0x84, 0x00, 0x00, 0x00, 0x00, 0x00,
  0x45, 0x31, 0xed, 0x41, 0x83, 0xfd, 0x01, 0x74, 0x97, 0xb9, 0x01, 0x00,
  0x00, 0x00, 0x4c, 0x29, 0xe9, 0x4a, 0x8d, 0x54, 0x2d, 0xd7, 0x48, 0x8d,
  0x44, 0x05, 0x94, 0x31, 0xf6, 0x0f, 0x1f, 0x00, 0x0f, 0xb6, 0x3c, 0x32,
  0x40, 0x88, 0x3c, 0x30, 0x48, 0xff, 0xc6, 0x48, 0x39, 0xf1, 0x75, 0xf0,
  0xe9, 0x6b, 0xff, 0xff, 0xff, 0xcc, 0xcc, 0xcc, 0xcc, 0xcc, 0xcc, 0xcc,
  0xcc, 0xcc, 0xcc, 0xcc, 0x55, 0x41, 0x57, 0x41, 0x56, 0x41, 0x55, 0x41,
  0x54, 0x53, 0x48, 0x83, 0xec, 0x38, 0x44, 0x8b, 0x1f, 0x44, 0x8b, 0x57,
  0x04, 0x44, 0x8b, 0x4f, 0x08, 0x44, 0x8b, 0x47, 0x0c, 0x48, 0x89, 0x7c,
  0x24, 0x30, 0x8b, 0x57, 0x10, 0x31, 0xc0, 0x66, 0x0f, 0x1f, 0x84, 0x00,
  0x00, 0x00, 0x00, 0x00, 0x8b, 0x0c, 0x86, 0x0f, 0x38, 0xf1, 0x4c, 0x84,
  0xd0, 0x48, 0xff, 0xc0, 0x48, 0x83, 0xf8, 0x10, 0x75, 0xee, 0xc4, 0xc2,
  0x28, 0xf2, 0xc0, 0x44, 0x89, 0xc9, 0x44, 0x21, 0xd1, 0x09, 0xc1, 0xc4,
  0xc3, 0x7b, 0xf0, 0xc3, 0x1b, 0x01, 0xd0, 0x01, 0xc8, 0x8b, 0x7c, 0x24,
  0xd0, 0x8b, 0x74, 0x24, 0xd4, 0x89, 0x74, 0x24, 0x94, 0x8d, 0x8c, 0x07,
  0x99, 0x79, 0x82, 0x5a, 0x49, 0x89, 0xff, 0x89, 0x54, 0x24, 0x14, 0xc4,
  0xc3, 0x7b, 0xf0, 0xd2, 0x02, 0xc4, 0xc2, 0x20, 0xf2, 0xc1, 0x44, 0x89,
  0xc3, 0x44, 0x89, 0x44, 0x24, 0x10, 0x41, 0x89, 0xd0, 0x45, 0x21, 0xd8,
  0x41, 0x09, 0xc0, 0xc4, 0xe3, 0x7b, 0xf0, 0xc1, 0x1b, 0x41, 0x01, 0xd8,
  0x41, 0x01, 0xf0, 0x46, 0x8d, 0x84, 0x00, 0x99, 0x79, 0x82, 0x5a, 0xc4,
  0xc3, 0x7b, 0xf0, 0xc3, 0x02, 0x4d, 0x89, 0xce, 0x4c, 0x89, 0x4c, 0x24,
  0x20, 0xc4, 0x62, 0x70, 0xf2, 0xca, 0x4c, 0x89, 0x54, 0x24, 0x28, 0x41,
  0x89, 0xc2, 0x41, 0x21, 0xca, 0x45, 0x09, 0xca, 0x8b, 0x74, 0x24, 0xd8,
  0x48, 0x89, 0x74, 0x24, 0xc0, 0x45, 0x01, 0xf2, 0x41, 0x01, 0xf2, 0xc4,
  0x43, 0x7b, 0xf0, 0xc8, 0x1b, 0x47, 0x8d, 0x8c, 0x11, 0x99, 0x79, 0x82,
  0x5a, 0xc4, 0xe3, 0x7b, 0xf0, 0xc9, 0x02, 0x41, 0x89, 0xca, 0x45, 0x21,
  0xc2, 0x4c, 0x89, 0x5c, 0x24, 0x18, 0xc4, 0x62, 0x38, 0xf2, 0xd8, 0x45,
  0x09, 0xda, 0x44, 0x8b, 0x64, 0x24, 0xdc, 0x44, 0x01, 0xe2, 0x44, 0x01,
  0xd2, 0xc4, 0x43, 0x7b, 0xf0, 0xd1, 0x1b, 0x45, 0x8d, 0x94, 0x12, 0x99,
  0x79, 0x82, 0x5a, 0xc4, 0xc3, 0x7b, 0xf0, 0xd0, 0x02, 0x41, 0x89, 0xd0,
  0x45, 0x21, 0xc8, 0xc4, 0x62, 0x30, 0xf2, 0xd9, 0x45, 0x09, 0xd8, 0x44,
  0x8b, 0x6c, 0x24, 0xe0, 0x44, 0x01, 0xe8, 0x44, 0x01, 0xc0, 0xc4, 0x43,
  0x7b, 0xf0, 0xc2, 0x1b, 0x45, 0x8d, 0x84, 0x00, 0x99, 0x79, 0x82, 0x5a,
  0xc4, 0xc3, 0x7b, 0xf0, 0xc1, 0x02, 0x41, 0x89, 0xc1, 0x45, 0x21, 0xd1,
  0xc4, 0x62, 0x28, 0xf2, 0xda, 0x45, 0x09, 0xd9, 0x8b, 0x74, 0x24, 0xe4,
  0x89, 0x74, 0x24, 0xb8, 0x01, 0xf1, 0x44, 0x01, 0xc9, 0xc4, 0x43, 0x7b,
  0xf0, 0xc8, 0x1b, 0x45, 0x8d, 0x8c, 0x09, 0x99, 0x79, 0x82, 0x5a, 0xc4,
  0xc3, 0x7b, 0xf0, 0xca, 0x02, 0x41, 0x89, 0xca, 0x45, 0x21, 0xc2, 0xc4,
  0x62, 0x38, 0xf2, 0xd8, 0x45, 0x09, 0xda, 0x8b, 0x74, 0x24, 0xe8, 0x89,
  0x74, 0x24, 0xa4, 0x01, 0xf2, 0x44, 0x01, 0xd2, 0xc4, 0x43, 0x7b, 0xf0,
  0xd1, 0x1b, 0x45, 0x8d, 0x94, 0x12, 0x99, 0x79, 0x82, 0x5a, 0xc4, 0xc3,
  0x7b, 0xf0, 0xd0, 0x02, 0x41, 0x89, 0xd0, 0x45, 0x21, 0xc8, 0xc4, 0x62,
  0x30, 0xf2, 0xd9, 0x45, 0x09, 0xd8, 0x8b, 0x74, 0x24, 0xec, 0x89, 0x74,
  0x24, 0x90, 0x01, 0xf0, 0x44, 0x01, 0xc0, 0xc4, 0x43, 0x7b, 0xf0, 0xc2,
  0x1b, 0x45, 0x8d, 0x84, 0x00, 0x99, 0x79, 0x82, 0x5a, 0xc4, 0xc3, 0x7b,
  0xf0, 0xc1, 0x02, 0x41, 0x89, 0xc1, 0x45, 0x21, 0xd1, 0xc4, 0x62, 0x28,
  0xf2, 0xda, 0x45, 0x09, 0xd9, 0x8b, 0x7c, 0x24, 0xf0, 0x01, 0xf9, 0x89,
  0x7c, 0x24, 0xbc, 0x44, 0x01, 0xc9, 0xc4, 0x43, 0x7b, 0xf0, 0xc8, 0x1b,
  0x45, 0x8d, 0x8c, 0x09, 0x99, 0x79, 0x82, 0x5a, 0xc4, 0xc3, 0x7b, 0xf0,
  0xca, 0x02, 0x41, 0x89, 0xca, 0x45, 0x21, 0xc2, 0xc4, 0x62, 0x38, 0xf2,
  0xd8, 0x45, 0x09, 0xda, 0x8b, 0x74, 0x24, 0xf4, 0x89, 0x74, 0x24, 0x84,
  0x01, 0xf2, 0x44, 0x01, 0xd2, 0xc4, 0x43, 0x7b, 0xf0, 0xd1, 0x1b, 0x45,
  0x8d, 0x94, 0x12, 0x99, 0x79, 0x82, 0x5a, 0xc4, 0xc3, 0x7b, 0xf0, 0xd0,
  0x02, 0x41, 0x89, 0xd0, 0x45, 0x21, 0xc8, 0xc4, 0x62, 0x30, 0xf2, 0xd9,
  0x45, 0x09, 0xd8, 0x8b, 0x74, 0x24, 0xf8, 0x89, 0x74, 0x24, 0x8c, 0x01,
  0xf0, 0x44, 0x01, 0xc0, 0xc4, 0x43, 0x7b, 0xf0, 0xc2, 0x1b, 0x45, 0x8d,
  0x9c, 0x00, 0x99, 0x79, 0x82, 0x5a, 0xc4, 0xc3, 0x7b, 0xf0, 0xc1, 0x02,
  0x41, 0x89, 0xc0, 0x45, 0x21, 0xd0, 0xc4, 0x62, 0x28, 0xf2, 0xca, 0x45,
  0x09, 0xc8, 0x8b, 0x74, 0x24, 0xfc, 0x89, 0x74, 0x24, 0x80, 0x01, 0xf1,
  0x44, 0x01, 0xc1, 0xc4, 0x43, 0x7b, 0xf0, 0xc3, 0x1b, 0x41, 0x8d, 0x8c,
  0x08, 0x99, 0x79, 0x82, 0x5a, 0xc4, 0x43, 0x7b, 0xf0, 0xc2, 0x02, 0x45,
  0x89, 0xc1, 0x45, 0x21, 0xd9, 0xc4, 0x62, 0x20, 0xf2, 0xd0, 0x45, 0x09,
  0xd1, 0x8b, 0x34, 0x24, 0x89, 0x74, 0x24, 0x88, 0x01, 0xf2, 0x44, 0x01,
  0xca, 0xc4, 0x63, 0x7b, 0xf0, 0xc9, 0x1b, 0x45, 0x8d, 0x94, 0x11, 0x99,
  0x79, 0x82, 0x5a, 0xc4, 0xc3, 0x7b, 0xf0, 0xd3, 0x02, 0x41, 0x89, 0xd1,
  0x41, 0x21, 0xc9, 0xc4, 0x42, 0x70, 0xf2, 0xd8, 0x45, 0x09, 0xd9, 0x8b,
  0x74, 0x24, 0x04, 0x01, 0xf0, 0x89, 0x74, 0x24, 0xa0, 0x44, 0x01, 0xc8,
  0xc4, 0x43, 0x7b, 0xf0, 0xca, 0x1b, 0x45, 0x8d, 0x9c, 0x01, 0x99, 0x79,
  0x82, 0x5a, 0xc4, 0xe3, 0x7b, 0xf0, 0xc9, 0x02, 0x89, 0xc8, 0x44, 0x21,
  0xd0, 0xc4, 0x62, 0x28, 0xf2, 0xca, 0x44, 0x09, 0xc8, 0x8b, 0x6c, 0x24,
  0x08, 0x41, 0x01, 0xe8, 0x89, 0x6c, 0x24, 0x9c, 0x41, 0x01, 0xc0, 0xc4,
  0xc3, 0x7b, 0xf0, 0xc3, 0x1b, 0x46, 0x8d, 0x8c, 0x00, 0x99, 0x79, 0x82,
  0x5a, 0xc4, 0xc3, 0x7b, 0xf0, 0xda, 0x02, 0x41, 0x89, 0xd8, 0x45, 0x21,
  0xd8, 0xc4, 0x62, 0x20, 0xf2, 0xd1, 0x45, 0x09, 0xd0, 0x44, 0x8b, 0x74,
  0x24, 0x0c, 0x44, 0x01, 0xf2, 0x44, 0x89, 0x74, 0x24, 0x98, 0x44, 0x01,
  0xc2, 0xc4, 0x43, 0x7b, 0xf0, 0xc1, 0x1b, 0x45, 0x8d, 0x84, 0x10, 0x99,
  0x79, 0x82, 0x5a, 0xc4, 0xc3, 0x7b, 0xf0, 0xd3, 0x02, 0x41, 0x89, 0xd2,
  0x45, 0x21, 0xca, 0xc4, 0x62, 0x30, 0xf2, 0xdb, 0x45, 0x09, 0xda, 0x4c,
  0x89, 0xf8, 0x33, 0x44, 0x24, 0xc0, 0x31, 0xf7, 0x31, 0xc7, 0xc4, 0x63,
  0x7b, 0xf0, 0xff, 0x1f, 0x44, 0x01, 0xf9, 0x44, 0x89, 0x7c, 0x24, 0xb4,
  0x44, 0x01, 0xd1, 0xc4, 0xc3, 0x7b, 0xf0, 0xf8, 0x1b, 0x8d, 0xbc, 0x0f,
  0x99, 0x79, 0x82, 0x5a, 0xc4, 0xc3, 0x7b, 0xf0, 0xc9, 0x02, 0x41, 0x89,
  0xca, 0x45, 0x21, 0xc2, 0xc4, 0x62, 0x38, 0xf2, 0xca, 0x45, 0x09, 0xca,
  0x8b, 0x74, 0x24, 0x94, 0x44, 0x31, 0xe6, 0x44, 0x8b, 0x4c, 0x24, 0x84,
  0x41, 0x31, 0xe9, 0x41, 0x31, 0xf1, 0xc4, 0x43, 0x7b, 0xf0, 0xd9, 0x1f,
  0x44, 0x01, 0xdb, 0x44, 0x89, 0x5c, 0x24, 0xb0, 0x44, 0x01, 0xd3, 0xc4,
  0xe3, 0x7b, 0xf0, 0xf7, 0x1b, 0x8d, 0x84, 0x1e, 0x99, 0x79, 0x82, 0x5a,
  0xc4, 0xc3, 0x7b, 0xf0, 0xf0, 0x02, 0x41, 0x89, 0xf0, 0x41, 0x21, 0xf8,
  0xc4, 0x62, 0x40, 0xf2, 0xd1, 0x45, 0x09, 0xd0, 0x4c, 0x8b, 0x4c, 0x24,
  0xc0, 0x45, 0x31, 0xe9, 0x44, 0x8b, 0x54, 0x24, 0x8c, 0x45, 0x31, 0xf2,
  0x45, 0x31, 0xca, 0xc4, 0x43, 0x7b, 0xf0, 0xca, 0x1f, 0x44, 0x01, 0xca,
  0x44, 0x89, 0xcb, 0x44, 0x89, 0x4c, 0x24, 0xa8, 0x44, 0x01, 0xc2, 0xc4,
  0x63, 0x7b, 0xf0, 0xc0, 0x1b, 0x45, 0x8d, 0x84, 0x10, 0x99, 0x79, 0x82,
  0x5a, 0xc4, 0xe3, 0x7b, 0xf0, 0xd7, 0x02, 0x89, 0xd7, 0x21, 0xc7, 0xc4,
  0x62, 0x78, 0xf2, 0xd6, 0x44, 0x09, 0xd7, 0x44, 0x8b, 0x54, 0x24, 0xb8,
  0x45, 0x31, 0xd4, 0x44, 0x33, 0x64, 0x24, 0x80, 0x45, 0x31, 0xfc, 0xc4,
  0x43, 0x7b, 0xf0, 0xfc, 0x1f, 0x44, 0x01, 0xf9, 0x01, 0xf9, 0xc4, 0xc3,
  0x7b, 0xf0, 0xf8, 0x1b, 0x8d, 0xbc, 0x0f, 0x99, 0x79, 0x82, 0x5a, 0xc4,
  0xe3, 0x7b, 0xf0, 0xc0, 0x02, 0x89, 0xc1, 0x31, 0xd1, 0x44, 0x31, 0xc1,
  0x44, 0x8b, 0x4c, 0x24, 0xa4, 0x45, 0x31, 0xcd, 0x44, 0x33, 0x6c, 0x24,
  0x88, 0x45, 0x31, 0xdd, 0xc4, 0x43, 0x7b, 0xf0, 0xe5, 0x1f, 0x44, 0x01,
  0xe6, 0x01, 0xce, 0xc4, 0xe3, 0x7b, 0xf0, 0xcf, 0x1b, 0x8d, 0xb4, 0x31,
  0xa1, 0xeb, 0xd9, 0x6e, 0xc4, 0xc3, 0x7b, 0xf0, 0xc8, 0x02, 0x41, 0x89,
  0xc8, 0x41, 0x31, 0xc0, 0x41, 0x31, 0xf8, 0x8b, 0x6c, 0x24, 0x90, 0x41,
  0x31, 0xea, 0x44, 0x33, 0x54, 0x24, 0xa0, 0x41, 0x31, 0xda, 0xc4, 0x43,
  0x7b, 0xf0, 0xf2, 0x1f, 0x44, 0x01, 0xf2, 0x44, 0x01, 0xc2, 0xc4, 0x63,
  0x7b, 0xf0, 0xc6, 0x1b, 0x45, 0x8d, 0x84, 0x10, 0xa1, 0xeb, 0xd9, 0x6e,
  0xc4, 0xe3, 0x7b, 0xf0, 0xd7, 0x02, 0x89, 0xd7, 0x31, 0xcf, 0x31, 0xf7,
  0x44, 0x8b, 0x54, 0x24, 0xbc, 0x45, 0x31, 0xd1, 0x44, 0x33, 0x4c, 0x24,
  0x9c, 0x45, 0x31, 0xf9, 0xc4, 0x43, 0x7b, 0xf0, 0xe9, 0x1f, 0x44, 0x01,
  0xe8, 0x01, 0xf8, 0xc4, 0xc3, 0x7b, 0xf0, 0xf8, 0x1b, 0x8d, 0xbc, 0x07,
  0xa1, 0xeb, 0xd9, 0x6e, 0xc4, 0xe3, 0x7b, 0xf0, 0xc6, 0x02, 0x89, 0xc6,
  0x31, 0xd6, 0x44, 0x31, 0xc6, 0x41, 0x89, 0xe9, 0x44, 0x8b, 0x5c, 0x24,
  0x84, 0x45, 0x31, 0xd9, 0x44, 0x89, 0xdd, 0x44, 0x33, 0x4c, 0x24, 0x98,
  0x45, 0x31, 0xe1, 0xc4, 0x43, 0x7b, 0xf0, 0xc9, 0x1f, 0x44, 0x01, 0xc9,
  0x44, 0x89, 0xcb, 0x44, 0x89, 0x4c, 0x24, 0xac, 0x01, 0xf1, 0xc4, 0xe3,
  0x7b, 0xf0, 0xf7, 0x1b, 0x8d, 0xb4, 0x0e, 0xa1, 0xeb, 0xd9, 0x6e, 0xc4,
  0xc3, 0x7b, 0xf0, 0xc8, 0x02, 0x41, 0x89, 0xc8, 0x41, 0x31, 0xc0, 0x41,
  0x31, 0xf8, 0x44, 0x8b, 0x5c, 0x24, 0x8c, 0x45, 0x89, 0xd1, 0x45, 0x31,
  0xd9, 0x44, 0x33, 0x4c, 0x24, 0xb4, 0x45, 0x31, 0xf1, 0xc4, 0x43, 0x7b,
  0xf0, 0xc9, 0x1f, 0x44, 0x89, 0x4c, 0x24, 0x90, 0x44, 0x01, 0xca, 0x44,
  0x01, 0xc2, 0xc4, 0x63, 0x7b, 0xf0, 0xc6, 0x1b, 0x45, 0x8d, 0x84, 0x10,
  0xa1, 0xeb, 0xd9, 0x6e, 0xc4, 0xe3, 0x7b, 0xf0, 0xd7, 0x02, 0x89, 0xd7,
  0x31, 0xcf, 0x31, 0xf7, 0x44, 0x8b, 0x54, 0x24, 0x80, 0x41, 0x89, 0xe9,
  0x45, 0x31, 0xd1, 0x44, 0x33, 0x4c, 0x24, 0xb0, 0x45, 0x31, 0xe9, 0xc4,
  0x43, 0x7b, 0xf0, 0xc9, 0x1f, 0x44, 0x89, 0x4c, 0x24, 0x94, 0x44, 0x01,
  0xc8, 0x01, 0xf8, 0xc4, 0xc3, 0x7b, 0xf0, 0xf8, 0x1b, 0x8d, 0xbc, 0x07,
  0xa1, 0xeb, 0xd9, 0x6e, 0xc4, 0xe3, 0x7b, 0xf0, 0xc6, 0x02, 0x89, 0xc6,
  0x31, 0xd6, 0x44, 0x31, 0xc6, 0x45, 0x89, 0xd9, 0x44, 0x8b, 0x5c, 0x24,
  0x88, 0x45, 0x31, 0xd9, 0x44, 0x33, 0x4c, 0x24, 0xa8, 0x41, 0x31, 0xd9,
  0xc4, 0x43, 0x7b, 0xf0, 0xc9, 0x1f, 0x44, 0x01, 0xc9, 0x44, 0x89, 0xcd,
  0x44, 0x89, 0x4c, 0x24, 0xb8, 0x01, 0xf1, 0xc4, 0xe3, 0x7b, 0xf0, 0xf7,
  0x1b, 0x8d, 0xb4, 0x0e, 0xa1, 0xeb, 0xd9, 0x6e, 0xc4, 0xc3, 0x7b, 0xf0,
  0xc8, 0x02, 0x41, 0x89, 0xc8, 0x41, 0x31, 0xc0, 0x41, 0x31, 0xf8, 0x45,
  0x89, 0xd1, 0x44, 0x8b, 0x54, 0x24, 0xa0, 0x45, 0x31, 0xd1, 0x45, 0x31,
  0xf9, 0x44, 0x33, 0x4c, 0x24, 0x90, 0xc4, 0x43, 0x7b, 0xf0, 0xc9, 0x1f,
  0x44, 0x89, 0x4c, 0x24, 0x84, 0x44, 0x01, 0xca, 0x44, 0x01, 0xc2, 0xc4,
  0x63, 0x7b, 0xf0, 0xc6, 0x1b, 0x45, 0x8d, 0x84, 0x10, 0xa1, 0xeb, 0xd9,
  0x6e, 0xc4, 0xe3, 0x7b, 0xf0, 0xd7, 0x02, 0x89, 0xd7, 0x31, 0xcf, 0x31,
  0xf7, 0x45, 0x89, 0xd9, 0x44, 0x8b, 0x5c, 0x24, 0x9c, 0x45, 0x31, 0xd9,
  0x45, 0x31, 0xe1, 0x44, 0x33, 0x4c, 0x24, 0x94, 0xc4, 0x43, 0x7b, 0xf0,
  0xc9, 0x1f, 0x44, 0x89, 0x4c, 0x24, 0x88, 0x44, 0x01, 0xc8, 0x01, 0xf8,
  0xc4, 0xc3, 0x7b, 0xf0, 0xf8, 0x1b, 0x8d, 0xbc, 0x07, 0xa1, 0xeb, 0xd9,
  0x6e, 0xc4, 0x63, 0x7b, 0xf0, 0xce, 0x02, 0x44, 0x89, 0xce, 0x31, 0xd6,
  0x44, 0x31, 0xc6, 0x44, 0x89, 0xd0, 0x8b, 0x5c, 0x24, 0x98, 0x31, 0xd8,
  0x44, 0x31, 0xf0, 0x31, 0xe8, 0xc4, 0xe3, 0x7b, 0xf0, 0xe8, 0x1f, 0x01,
  0xe9, 0x89, 0x6c, 0x24, 0xa4, 0x01, 0xf1, 0xc4, 0xe3, 0x7b, 0xf0, 0xf7,
  0x1b, 0x8d, 0xb4, 0x0e, 0xa1, 0xeb, 0xd9, 0x6e, 0xc4, 0xc3, 0x7b, 0xf0,
  0xc8, 0x02, 0x41, 0x89, 0xc8, 0x45, 0x31, 0xc8, 0x41, 0x31, 0xf8, 0x44,
  0x8b, 0x54, 0x24, 0xb4, 0x45, 0x31, 0xd3, 0x45, 0x31, 0xeb, 0x44, 0x33,
  0x5c, 0x24, 0x84, 0xc4, 0xc3, 0x7b, 0xf0, 0xc3, 0x1f, 0x89, 0x44, 0x24,
  0xc0, 0x01, 0xc2, 0x44, 0x01, 0xc2, 0xc4, 0x63, 0x7b, 0xf0, 0xc6, 0x1b,
  0x45, 0x8d, 0x84, 0x10, 0xa1, 0xeb, 0xd9, 0x6e, 0xc4, 0xe3, 0x7b, 0xf0,
  0xd7, 0x02, 0x89, 0xd7, 0x31, 0xcf, 0x31, 0xf7, 0x89, 0xd8, 0x8b, 0x5c,
  0x24, 0xb0, 0x31, 0xd8, 0x33, 0x44, 0x24, 0xac, 0x33, 0x44, 0x24, 0x88,
  0xc4, 0xe3, 0x7b, 0xf0, 0xc0, 0x1f, 0x89, 0x44, 0x24, 0x8c, 0x41, 0x01,
  0xc1, 0x41, 0x01, 0xf9, 0xc4, 0xc3, 0x7b, 0xf0, 0xf8, 0x1b, 0x42, 0x8d,
  0xbc, 0x0f, 0xa1, 0xeb, 0xd9, 0x6e, 0x45, 0x89, 0xd1, 0x44, 0x89, 0x54,
  0x24, 0xd0, 0xc4, 0xe3, 0x7b, 0xf0, 0xc6, 0x02, 0x89, 0xc6, 0x31, 0xd6,
  0x44, 0x31, 0xc6, 0x44, 0x8b, 0x54, 0x24, 0xa8, 0x45, 0x31, 0xd1, 0x44,
  0x33, 0x4c, 0x24, 0x90, 0x41, 0x31, 0xe9, 0xc4, 0x43, 0x7b, 0xf0, 0xd9,
  0x1f, 0x44, 0x01, 0xd9, 0x44, 0x89, 0xdd, 0x44, 0x89, 0x5c, 0x24, 0x98,
  0x01, 0xf1, 0xc4, 0xe3, 0x7b, 0xf0, 0xf7, 0x1b, 0x44, 0x8d, 0x9c, 0x0e,
  0xa1, 0xeb, 0xd9, 0x6e, 0x41, 0x89, 0xd9, 0x89, 0x5c, 0x24, 0xd4, 0xc4,
  0xc3, 0x7b, 0xf0, 0xc8, 0x02, 0x89, 0xce, 0x31, 0xc6, 0x31, 0xfe, 0x45,
  0x31, 0xf9, 0x44, 0x33, 0x4c, 0x24, 0x94, 0x44, 0x33, 0x4c, 0x24, 0xc0,
  0xc4, 0x43, 0x7b, 0xf0, 0xc1, 0x1f, 0x44, 0x01, 0xc2, 0x44, 0x89, 0x44,
  0x24, 0x9c, 0x01, 0xf2, 0xc4, 0xc3, 0x7b, 0xf0, 0xf3, 0x1b, 0x44, 0x8d,
  0x8c, 0x16, 0xa1, 0xeb, 0xd9, 0x6e, 0x44, 0x89, 0x54, 0x24, 0xd8, 0xc4,
  0xe3, 0x7b, 0xf0, 0xd7, 0x02, 0x89, 0xd6, 0x31, 0xce, 0x44, 0x31, 0xde,
  0x45, 0x31, 0xe2, 0x44, 0x33, 0x54, 0x24, 0xb8, 0x44, 0x33, 0x54, 0x24,
  0x8c, 0xc4, 0xc3, 0x7b, 0xf0, 0xfa, 0x1f, 0x89, 0x7c, 0x24, 0x80, 0x01,
  0xf8, 0x01, 0xf0, 0xc4, 0xc3, 0x7b, 0xf0, 0xf1, 0x1b, 0x8d, 0xbc, 0x06,
  0xa1, 0xeb, 0xd9, 0x6e, 0x44, 0x89, 0x7c, 0x24, 0xdc, 0xc4, 0xc3, 0x7b,
  0xf0, 0xc3, 0x02, 0x89, 0xc6, 0x31, 0xd6, 0x44, 0x31, 0xce, 0x45, 0x31,
  0xf7, 0x44, 0x33, 0x7c, 0x24, 0x84, 0x41, 0x31, 0xef, 0xc4, 0x43, 0x7b,
  0xf0, 0xd7, 0x1f, 0x44, 0x01, 0xd1, 0x44, 0x89, 0x54, 0x24, 0xb0, 0x01,
  0xf1, 0xc4, 0xe3, 0x7b, 0xf0, 0xf7, 0x1b, 0x44, 0x8d, 0x9c, 0x0e, 0xa1,
  0xeb, 0xd9, 0x6e, 0x44, 0x89, 0x64, 0x24, 0xe0, 0xc4, 0xc3, 0x7b, 0xf0,
  0xc9, 0x02, 0x89, 0xce, 0x31, 0xc6, 0x31, 0xfe, 0x45, 0x31, 0xec, 0x44,
  0x33, 0x64, 0x24, 0x88, 0x45, 0x31, 0xc4, 0xc4, 0x43, 0x7b, 0xf0, 0xe4,
  0x1f, 0x44, 0x01, 0xe2, 0x01, 0xf2, 0xc4, 0xc3, 0x7b, 0xf0, 0xf3, 0x1b,
  0x8d, 0x9c, 0x16, 0xa1, 0xeb, 0xd9, 0x6e, 0x44, 0x89, 0x74, 0x24, 0xe4,
  0xc4, 0xe3, 0x7b, 0xf0, 0xd7, 0x02, 0x89, 0xd6, 0x31, 0xce, 0x44, 0x31,
  0xde, 0x8b, 0x6c, 0x24, 0xac, 0x41, 0x31, 0xee, 0x44, 0x33, 0x74, 0x24,
  0xa4, 0x44, 0x33, 0x74, 0x24, 0x80, 0xc4, 0x43, 0x7b, 0xf0, 0xfe, 0x1f,
  0x44, 0x01, 0xf8, 0x44, 0x89, 0x7c, 0x24, 0xb4, 0x01, 0xf0, 0xc4, 0xe3,
  0x7b, 0xf0, 0xf3, 0x1b, 0x8d, 0xb4, 0x06, 0xa1, 0xeb, 0xd9, 0x6e, 0x44,
  0x89, 0x6c, 0x24, 0xe8, 0xc4, 0xc3, 0x7b, 0xf0, 0xfb, 0x02, 0x89, 0xf8,
  0x31, 0xd0, 0x31, 0xd8, 0x44, 0x8b, 0x5c, 0x24, 0x90, 0x45, 0x31, 0xdd,
  0x44, 0x33, 0x6c, 0x24, 0xc0, 0x45, 0x31, 0xd5, 0xc4, 0x43, 0x7b, 0xf0,
  0xf5, 0x1f, 0x44, 0x01, 0xf1, 0x44, 0x89, 0x74, 0x24, 0xa8, 0x01, 0xc1,
  0xc4, 0xe3, 0x7b, 0xf0, 0xc6, 0x1b, 0x44, 0x8d, 0x8c, 0x08, 0xa1, 0xeb,
  0xd9, 0x6e, 0x41, 0x89, 0xe8, 0x89, 0x6c, 0x24, 0xec, 0xc4, 0xe3, 0x7b,
  0xf0, 0xc3, 0x02, 0x89, 0xc1, 0x31, 0xf9, 0x31, 0xf1, 0x44, 0x8b, 0x54,
  0x24, 0x94, 0x45, 0x31, 0xd0, 0x44, 0x33, 0x44, 0x24, 0x8c, 0x45, 0x31,
  0xe0, 0xc4, 0x43, 0x7b, 0xf0, 0xc0, 0x1f, 0x44, 0x01, 0xc2, 0x45, 0x89,
  0xc5, 0x44, 0x89, 0x44, 0x24, 0xa0, 0x01, 0xca, 0xc4, 0xc3, 0x7b, 0xf0,
  0xc9, 0x1b, 0x8d, 0x8c, 0x11, 0xa1, 0xeb, 0xd9, 0x6e, 0xc4, 0xe3, 0x7b,
  0xf0, 0xd6, 0x02, 0x44, 0x89, 0xce, 0x21, 0xd6, 0x45, 0x89, 0xc8, 0x41,
  0x09, 0xd0, 0x41, 0x21, 0xc0, 0x41, 0x09, 0xf0, 0x44, 0x89, 0xde, 0x44,
  0x89, 0x5c, 0x24, 0xf0, 0x8b, 0x5c, 0x24, 0xb8, 0x31, 0xde, 0x33, 0x74,
  0x24, 0x98, 0x44, 0x31, 0xfe, 0xc4, 0xe3, 0x7b, 0xf0, 0xf6, 0x1f, 0x01,
  0xf7, 0x89, 0xf5, 0x89, 0x74, 0x24, 0x90, 0x44, 0x01, 0xc7, 0xc4, 0xe3,
  0x7b, 0xf0, 0xf1, 0x1b, 0x8d, 0xb4, 0x3e, 0xdc, 0xbc, 0x1b, 0x8f, 0xc4,
  0xc3, 0x7b, 0xf0, 0xf9, 0x02, 0x41, 0x89, 0xc8, 0x41, 0x21, 0xf8, 0x41,
  0x89, 0xc9, 0x41, 0x09, 0xf9, 0x41, 0x21, 0xd1, 0x45, 0x09, 0xc1, 0x45,
  0x89, 0xd0, 0x44, 0x89, 0x54, 0x24, 0xf4, 0x44, 0x8b, 0x5c, 0x24, 0x84,
  0x45, 0x31, 0xd8, 0x44, 0x33, 0x44, 0x24, 0x9c, 0x45, 0x31, 0xf0, 0xc4,
  0x43, 0x7b, 0xf0, 0xf8, 0x1f, 0x44, 0x01, 0xf8, 0x44, 0x89, 0x7c, 0x24,
  0xbc, 0x44, 0x01, 0xc8, 0xc4, 0x63, 0x7b, 0xf0, 0xc6, 0x1b, 0x41, 0x8d,
  0x84, 0x00, 0xdc, 0xbc, 0x1b, 0x8f, 0xc4, 0x63, 0x7b, 0xf0, 0xd1, 0x02,
  0x89, 0xf1, 0x44, 0x21, 0xd1, 0x41, 0x89, 0xf0, 0x45, 0x09, 0xd0, 0x41,
  0x21, 0xf8, 0x41, 0x09, 0xc8, 0x89, 0xd9, 0x89, 0x5c, 0x24, 0xf8, 0x44,
  0x8b, 0x4c, 0x24, 0x88, 0x44, 0x31, 0xc9, 0x33, 0x4c, 0x24, 0x80, 0x44,
  0x31, 0xe9, 0xc4, 0xe3, 0x7b, 0xf0, 0xc9, 0x1f, 0x01, 0xca, 0x41, 0x89,
  0xcd, 0x89, 0x4c, 0x24, 0xac, 0x44, 0x01, 0xc2, 0xc4, 0xe3, 0x7b, 0xf0,
  0xc8, 0x1b, 0x8d, 0x8c, 0x11, 0xdc, 0xbc, 0x1b, 0x8f, 0xc4, 0xe3, 0x7b,
  0xf0, 0xd6, 0x02, 0x89, 0xc6, 0x21, 0xd6, 0x41, 0x89, 0xc0, 0x41, 0x09,
  0xd0, 0x45, 0x21, 0xd0, 0x41, 0x09, 0xf0, 0x44, 0x89, 0xde, 0x44, 0x89,
  0x5c, 0x24, 0xfc, 0x8b, 0x5c, 0x24, 0xa4, 0x31, 0xde, 0x33, 0x74, 0x24,
  0xb0, 0x31, 0xee, 0xc4, 0x63, 0x7b, 0xf0, 0xf6, 0x1f, 0x44, 0x01, 0xf7,
  0x44, 0x89, 0x74, 0x24, 0x84, 0x44, 0x01, 0xc7, 0xc4, 0xe3, 0x7b, 0xf0,
  0xf1, 0x1b, 0x8d, 0xb4, 0x3e, 0xdc, 0xbc, 0x1b, 0x8f, 0xc4, 0xe3, 0x7b,
  0xf0, 0xf8, 0x02, 0x89, 0xc8, 0x21, 0xf8, 0x41, 0x89, 0xc8, 0x41, 0x09,
  0xf8, 0x41, 0x21, 0xd0, 0x41, 0x09, 0xc0, 0x44, 0x89, 0xc8, 0x44, 0x89,
  0x0c, 0x24, 0x44, 0x8b, 0x5c, 0x24, 0xc0, 0x44, 0x31, 0xd8, 0x44, 0x31,
  0xe0, 0x44, 0x31, 0xf8, 0xc4, 0xe3, 0x7b, 0xf0, 0xe8, 0x1f, 0x41, 0x01,
  0xea, 0x89, 0x6c, 0x24, 0x88, 0x45, 0x01, 0xc2, 0xc4, 0xe3, 0x7b, 0xf0,
  0xc6, 0x1b, 0x46, 0x8d, 0x84, 0x10, 0xdc, 0xbc, 0x1b, 0x8f, 0xc4, 0xe3,
  0x7b, 0xf0, 0xc1, 0x02, 0x89, 0xf1, 0x21, 0xc1, 0x41, 0x89, 0xf1, 0x41,
  0x09, 0xc1, 0x41, 0x21, 0xf9, 0x41, 0x09, 0xc9, 0x89, 0x5c, 0x24, 0x04,
  0x44, 0x8b, 0x54, 0x24, 0x8c, 0x44, 0x31, 0xd3, 0x33, 0x5c, 0x24, 0xb4,
  0x44, 0x31, 0xeb, 0xc4, 0x63, 0x7b, 0xf0, 0xeb, 0x1f, 0x44, 0x01, 0xea,
  0x44, 0x01, 0xca, 0xc4, 0xc3, 0x7b, 0xf0, 0xc8, 0x1b, 0x8d, 0x8c, 0x11,
  0xdc, 0xbc, 0x1b, 0x8f, 0xc4, 0xe3, 0x7b, 0xf0, 0xd6, 0x02, 0x44, 0x89,
  0xc6, 0x21, 0xd6, 0x45, 0x89, 0xc1, 0x41, 0x09, 0xd1, 0x41, 0x21, 0xc1,
  0x41, 0x09, 0xf1, 0x44, 0x89, 0xde, 0x44, 0x89, 0x5c, 0x24, 0x08, 0x8b,
  0x5c, 0x24, 0x98, 0x31, 0xde, 0x33, 0x74, 0x24, 0xa8, 0x44, 0x31, 0xf6,
  0xc4, 0xe3, 0x7b, 0xf0, 0xf6, 0x1f, 0x01, 0xf7, 0x41, 0x89, 0xf7, 0x89,
  0x74, 0x24, 0xc0, 0x44, 0x01, 0xcf, 0xc4, 0xe3, 0x7b, 0xf0, 0xf1, 0x1b,
  0x8d, 0xb4, 0x3e, 0xdc, 0xbc, 0x1b, 0x8f, 0xc4, 0xc3, 0x7b, 0xf0, 0xf8,
  0x02, 0x41, 0x89, 0xc8, 0x41, 0x21, 0xf8, 0x41, 0x89, 0xc9, 0x41, 0x09,
  0xf9, 0x41, 0x21, 0xd1, 0x45, 0x09, 0xc1, 0x45, 0x89, 0xd0, 0x44, 0x8b,
  0x5c, 0x24, 0x9c, 0x45, 0x31, 0xd8, 0x44, 0x33, 0x44, 0x24, 0xa0, 0x41,
  0x31, 0xe8, 0xc4, 0x43, 0x7b, 0xf0, 0xc0, 0x1f, 0x44, 0x01, 0xc0, 0x44,
  0x89, 0xc5, 0x44, 0x89, 0x44, 0x24, 0x8c, 0x44, 0x01, 0xc8, 0xc4, 0x63,
  0x7b, 0xf0, 0xc6, 0x1b, 0x45, 0x8d, 0x84, 0x00, 0xdc, 0xbc, 0x1b, 0x8f,
  0xc4, 0x63, 0x7b, 0xf0, 0xc9, 0x02, 0x89, 0xf1, 0x44, 0x21, 0xc9, 0x41,
  0x89, 0xf2, 0x45, 0x09, 0xca, 0x41, 0x21, 0xfa, 0x41, 0x09, 0xca, 0x89,
  0xd9, 0x8b, 0x5c, 0x24, 0x80, 0x31, 0xd9, 0x33, 0x4c, 0x24, 0x90, 0x44,
  0x89, 0x6c, 0x24, 0xcc, 0x44, 0x31, 0xe9, 0xc4, 0x63, 0x7b, 0xf0, 0xf1,
  0x1f, 0x44, 0x01, 0xf2, 0x44, 0x89, 0x74, 0x24, 0x94, 0x44, 0x01, 0xd2,
  0xc4, 0xc3, 0x7b, 0xf0, 0xc8, 0x1b, 0x44, 0x8d, 0x94, 0x11, 0xdc, 0xbc,
  0x1b, 0x8f, 0xc4, 0xe3, 0x7b, 0xf0, 0xd6, 0x02, 0x44, 0x89, 0xc1, 0x21,
  0xd1, 0x44, 0x89, 0xc6, 0x09, 0xd6, 0x44, 0x21, 0xce, 0x09, 0xce, 0x44,
  0x89, 0xd9, 0x44, 0x8b, 0x5c, 0x24, 0xb0, 0x44, 0x31, 0xd9, 0x33, 0x4c,
  0x24, 0xbc, 0x44, 0x31, 0xf9, 0xc4, 0xe3, 0x7b, 0xf0, 0xc9, 0x1f, 0x01,
  0xcf, 0x41, 0x89, 0xcf, 0x89, 0x4c, 0x24, 0x9c, 0x01, 0xf7, 0xc4, 0xc3,
  0x7b, 0xf0, 0xca, 0x1b, 0x8d, 0xb4, 0x39, 0xdc, 0xbc, 0x1b, 0x8f, 0xc4,
  0xc3, 0x7b, 0xf0, 0xc8, 0x02, 0x44, 0x89, 0xd7, 0x21, 0xcf, 0x45, 0x89,
  0xd0, 0x41, 0x09, 0xc8, 0x41, 0x21, 0xd0, 0x41, 0x09, 0xf8, 0x44, 0x31,
  0xe3, 0x33, 0x5c, 0x24, 0xac, 0x31, 0xeb, 0xc4, 0xe3, 0x7b, 0xf0, 0xc3,
  0x1f, 0x89, 0x44, 0x24, 0x80, 0x41, 0x01, 0xc1, 0x45, 0x01, 0xc1, 0xc4,
  0xe3, 0x7b, 0xf0, 0xfe, 0x1b, 0x42, 0x8d, 0xbc, 0x0f, 0xdc, 0xbc, 0x1b,
  0x8f, 0xc4, 0xc3, 0x7b, 0xf0, 0xc2, 0x02, 0x41, 0x89, 0xf0, 0x41, 0x21,
  0xc0, 0x41, 0x89, 0xf2, 0x41, 0x09, 0xc2, 0x41, 0x21, 0xca, 0x45, 0x09,
  0xc2, 0x44, 0x8b, 0x4c, 0x24, 0xb4, 0x45, 0x89, 0xd8, 0x45, 0x31, 0xc8,
  0x44, 0x33, 0x44, 0x24, 0x84, 0x45, 0x31, 0xf0, 0xc4, 0xc3, 0x7b, 0xf0,
  0xe8, 0x1f, 0x01, 0xea, 0x89, 0x6c, 0x24, 0x98, 0x44, 0x01, 0xd2, 0xc4,
  0x63, 0x7b, 0xf0, 0xc7, 0x1b, 0x45, 0x8d, 0x84, 0x10, 0xdc, 0xbc, 0x1b,
  0x8f, 0xc4, 0xe3, 0x7b, 0xf0, 0xd6, 0x02, 0x89, 0xfe, 0x21, 0xd6, 0x41,
  0x89, 0xfa, 0x41, 0x09, 0xd2, 0x41, 0x21, 0xc2, 0x41, 0x09, 0xf2, 0x44,
  0x8b, 0x5c, 0x24, 0xa8, 0x45, 0x31, 0xdc, 0x44, 0x33, 0x64, 0x24, 0x88,
  0x45, 0x31, 0xfc, 0xc4, 0x43, 0x7b, 0xf0, 0xe4, 0x1f, 0x44, 0x01, 0xe1,
  0x44, 0x89, 0x64, 0x24, 0xa4, 0x44, 0x01, 0xd1, 0xc4, 0xc3, 0x7b, 0xf0,
  0xf0, 0x1b, 0x8d, 0xb4, 0x0e, 0xdc, 0xbc, 0x1b, 0x8f, 0xc4, 0xe3, 0x7b,
  0xf0, 0xcf, 0x02, 0x44, 0x89, 0xc7, 0x21, 0xcf, 0x45, 0x89, 0xc2, 0x41,
  0x09, 0xca, 0x41, 0x21, 0xd2, 0x41, 0x09, 0xfa, 0x44, 0x89, 0xcf, 0x8b,
  0x5c, 0x24, 0xa0, 0x31, 0xdf, 0x44, 0x31, 0xef, 0x33, 0x7c, 0x24, 0x80,
  0xc4, 0x63, 0x7b, 0xf0, 0xef, 0x1f, 0x44, 0x01, 0xe8, 0x44, 0x89, 0x6c,
  0x24, 0xb8, 0x44, 0x01, 0xd0, 0xc4, 0xe3, 0x7b, 0xf0, 0xfe, 0x1b, 0x8d,
  0xbc, 0x07, 0xdc, 0xbc, 0x1b, 0x8f, 0xc4, 0xc3, 0x7b, 0xf0, 0xc0, 0x02,
  0x41, 0x89, 0xf0, 0x41, 0x21, 0xc0, 0x41, 0x89, 0xf2, 0x41, 0x09, 0xc2,
  0x41, 0x21, 0xca, 0x45, 0x09, 0xc2, 0x45, 0x89, 0xd8, 0x44, 0x8b, 0x74,
  0x24, 0x90, 0x45, 0x31, 0xf0, 0x44, 0x33, 0x44, 0x24, 0xc0, 0x41, 0x31,
  0xe8, 0xc4, 0x43, 0x7b, 0xf0, 0xc0, 0x1f, 0x44, 0x89, 0x44, 0x24, 0xa8,
  0x44, 0x01, 0xc2, 0x44, 0x01, 0xd2, 0xc4, 0x63, 0x7b, 0xf0, 0xc7, 0x1b,
  0x45, 0x8d, 0x84, 0x10, 0xdc, 0xbc, 0x1b, 0x8f, 0xc4, 0xe3, 0x7b, 0xf0,
  0xd6, 0x02, 0x89, 0xfe, 0x21, 0xd6, 0x41, 0x89, 0xfb, 0x41, 0x09, 0xd3,
  0x41, 0x21, 0xc3, 0x41, 0x09, 0xf3, 0x44, 0x8b, 0x7c, 0x24, 0xbc, 0x89,
  0xde, 0x44, 0x31, 0xfe, 0x33, 0x74, 0x24, 0x8c, 0x44, 0x31, 0xe6, 0xc4,
  0xe3, 0x7b, 0xf0, 0xf6, 0x1f, 0x01, 0xf1, 0x89, 0xf3, 0x89, 0x74, 0x24,
  0xa0, 0x44, 0x01, 0xd9, 0xc4, 0xc3, 0x7b, 0xf0, 0xf0, 0x1b, 0x8d, 0xb4,
  0x0e, 0xdc, 0xbc, 0x1b, 0x8f, 0xc4, 0xe3, 0x7b, 0xf0, 0xcf, 0x02, 0x44,
  0x89, 0xc7, 0x21, 0xcf, 0x45, 0x89, 0xc3, 0x41, 0x09, 0xcb, 0x41, 0x21,
  0xd3, 0x41, 0x09, 0xfb, 0x44, 0x8b, 0x4c, 0x24, 0xac, 0x45, 0x31, 0xce,
  0x44, 0x33, 0x74, 0x24, 0x94, 0x45, 0x31, 0xee, 0xc4, 0xc3, 0x7b, 0xf0,
  0xfe, 0x1f, 0x01, 0xf8, 0x41, 0x89, 0xfc, 0x89, 0x7c, 0x24, 0xb4, 0x44,
  0x01, 0xd8, 0xc4, 0xe3, 0x7b, 0xf0, 0xfe, 0x1b, 0x8d, 0xac, 0x07, 0xdc,
  0xbc, 0x1b, 0x8f, 0xc4, 0xc3, 0x7b, 0xf0, 0xc0, 0x02, 0x89, 0xf7, 0x21,
  0xc7, 0x41, 0x89, 0xf0, 0x41, 0x09, 0xc0, 0x41, 0x21, 0xc8, 0x41, 0x09,
  0xf8, 0x44, 0x8b, 0x54, 0x24, 0x84, 0x44, 0x89, 0xff, 0x44, 0x31, 0xd7,
  0x33, 0x7c, 0x24, 0x9c, 0x44, 0x8b, 0x7c, 0x24, 0xa8, 0x44, 0x31, 0xff,
  0xc4, 0xe3, 0x7b, 0xf0, 0xff, 0x1f, 0x01, 0xfa, 0x41, 0x89, 0xfe, 0x44,
  0x01, 0xc2, 0xc4, 0xe3, 0x7b, 0xf0, 0xfd, 0x1b, 0x44, 0x8d, 0x84, 0x17,
  0xdc, 0xbc, 0x1b, 0x8f, 0xc4, 0xe3, 0x7b, 0xf0, 0xd6, 0x02, 0x89, 0xee,
  0x21, 0xd6, 0x89, 0xef, 0x09, 0xd7, 0x21, 0xc7, 0x09, 0xf7, 0x44, 0x89,
  0xce, 0x44, 0x8b, 0x4c, 0x24, 0x88, 0x44, 0x31, 0xce, 0x33, 0x74, 0x24,
  0x80, 0x31, 0xde, 0xc4, 0xe3, 0x7b, 0xf0, 0xf6, 0x1f, 0x01, 0xf1, 0x89,
  0xf3, 0x89, 0x74, 0x24, 0x90, 0x01, 0xf9, 0xc4, 0xc3, 0x7b, 0xf0, 0xf0,
  0x1b, 0x8d, 0xb4, 0x0e, 0xdc, 0xbc, 0x1b, 0x8f, 0xc4, 0xe3, 0x7b, 0xf0,
  0xcd, 0x02, 0x44, 0x89, 0xc7, 0x21, 0xcf, 0x44, 0x89, 0xc5, 0x09, 0xcd,
  0x21, 0xd5, 0x09, 0xfd, 0x44, 0x89, 0xd7, 0x44, 0x8b, 0x54, 0x24, 0xcc,
  0x44, 0x31, 0xd7, 0x33, 0x7c, 0x24, 0x98, 0x44, 0x31, 0xe7, 0xc4, 0xe3,
  0x7b, 0xf0, 0xff, 0x1f, 0x89, 0x7c, 0x24, 0xac, 0x01, 0xf8, 0x01, 0xe8,
  0xc4, 0xe3, 0x7b, 0xf0, 0xfe, 0x1b, 0x8d, 0xbc, 0x07, 0xdc, 0xbc, 0x1b,
  0x8f, 0xc4, 0xc3, 0x7b, 0xf0, 0xc0, 0x02, 0x41, 0x89, 0xc0, 0x41, 0x31,
  0xc8, 0x41, 0x31, 0xf0, 0x44, 0x8b, 0x5c, 0x24, 0xc0, 0x45, 0x31, 0xd9,
  0x44, 0x33, 0x4c, 0x24, 0xa4, 0x45, 0x31, 0xf1, 0x44, 0x89, 0x74, 0x24,
  0xbc, 0xc4, 0x43, 0x7b, 0xf0, 0xc9, 0x1f, 0x44, 0x01, 0xca, 0x45, 0x89,
  0xcd, 0x44, 0x89, 0x4c, 0x24, 0x84, 0x44, 0x01, 0xc2, 0xc4, 0x63, 0x7b,
  0xf0, 0xc7, 0x1b, 0x45, 0x8d, 0x84, 0x10, 0xd6, 0xc1, 0x62, 0xca, 0xc4,
  0xe3, 0x7b, 0xf0, 0xd6, 0x02, 0x89, 0xd6, 0x31, 0xc6, 0x31, 0xfe, 0x45,
  0x89, 0xd1, 0x8b, 0x6c, 0x24, 0x8c, 0x41, 0x31, 0xe9, 0x44, 0x33, 0x4c,
  0x24, 0xb8, 0x41, 0x31, 0xd9, 0xc4, 0x43, 0x7b, 0xf0, 0xc9, 0x1f, 0x44,
  0x01, 0xc9, 0x45, 0x89, 0xcc, 0x44, 0x89, 0x4c, 0x24, 0x88, 0x01, 0xf1,
  0xc4, 0xc3, 0x7b, 0xf0, 0xf0, 0x1b, 0x8d, 0xb4, 0x0e, 0xd6, 0xc1, 0x62,
  0xca, 0xc4, 0xe3, 0x7b, 0xf0, 0xcf, 0x02, 0x89, 0xcf, 0x31, 0xd7, 0x44,
  0x31, 0xc7, 0x44, 0x8b, 0x54, 0x24, 0x94, 0x45, 0x31, 0xd3, 0x45, 0x31,
  0xfb, 0x44, 0x8b, 0x7c, 0x24, 0xac, 0x45, 0x31, 0xfb, 0xc4, 0xc3, 0x7b,
  0xf0, 0xdb, 0x1f, 0x01, 0xd8, 0x89, 0x5c, 0x24, 0xc0, 0x01, 0xf8, 0xc4,
  0xe3, 0x7b, 0xf0, 0xfe, 0x1b, 0x8d, 0xbc, 0x07, 0xd6, 0xc1, 0x62, 0xca,
  0xc4, 0xc3, 0x7b, 0xf0, 0xc0, 0x02, 0x41, 0x89, 0xc0, 0x41, 0x31, 0xc8,
  0x41, 0x31, 0xf0, 0x44, 0x8b, 0x5c, 0x24, 0x9c, 0x41, 0x89, 0xe9, 0x45,
  0x31, 0xd9, 0x44, 0x33, 0x4c, 0x24, 0xa0, 0x45, 0x31, 0xe9, 0xc4, 0xc3,
  0x7b, 0xf0, 0xe9, 0x1f, 0x01, 0xea, 0x89, 0x6c, 0x24, 0xb0, 0x44, 0x01,
  0xc2, 0xc4, 0x63, 0x7b, 0xf0, 0xc7, 0x1b, 0x41, 0x8d, 0x94, 0x10, 0xd6,
  0xc1, 0x62, 0xca, 0xc4, 0x63, 0x7b, 0xf0, 0xee, 0x02, 0x44, 0x89, 0xee,
  0x31, 0xc6, 0x31, 0xfe, 0x45, 0x89, 0xd0, 0x44, 0x8b, 0x54, 0x24, 0x80,
  0x45, 0x31, 0xd0, 0x44, 0x33, 0x44, 0x24, 0xb4, 0x45, 0x31, 0xe0, 0xc4,
  0x43, 0x7b, 0xf0, 0xc0, 0x1f, 0x44, 0x01, 0xc1, 0x45, 0x89, 0xc4, 0x44,
  0x89, 0x44, 0x24, 0x94, 0x01, 0xf1, 0xc4, 0xe3, 0x7b, 0xf0, 0xf2, 0x1b,
  0x8d, 0xb4, 0x0e, 0xd6, 0xc1, 0x62, 0xca, 0xc4, 0xe3, 0x7b, 0xf0, 0xcf,
  0x02, 0x89, 0xcf, 0x44, 0x31, 0xef, 0x31, 0xd7, 0x45, 0x89, 0xd8, 0x44,
  0x8b, 0x5c, 0x24, 0x98, 0x45, 0x31, 0xd8, 0x45, 0x31, 0xf0, 0x41, 0x31,
  0xd8, 0xc4, 0x43, 0x7b, 0xf0, 0xc8, 0x1f, 0x44, 0x01, 0xc8, 0x44, 0x89,
  0x4c, 0x24, 0x8c, 0x01, 0xf8, 0xc4, 0xe3, 0x7b, 0xf0, 0xfe, 0x1b, 0x44,
  0x8d, 0x84, 0x07, 0xd6, 0xc1, 0x62, 0xca, 0xc4, 0xe3, 0x7b, 0xf0, 0xd2,
  0x02, 0x89, 0xd0, 0x31, 0xc8, 0x31, 0xf0, 0x44, 0x89, 0xd7, 0x44, 0x8b,
  0x54, 0x24, 0xa4, 0x44, 0x31, 0xd7, 0x33, 0x7c, 0x24, 0x90, 0x31, 0xef,
  0xc4, 0xe3, 0x7b, 0xf0, 0xef, 0x1f, 0x41, 0x01, 0xed, 0x89, 0x6c, 0x24,
  0xcc, 0x41, 0x01, 0xc5, 0xc4, 0xc3, 0x7b, 0xf0, 0xc0, 0x1b, 0x46, 0x8d,
  0xac, 0x28, 0xd6, 0xc1, 0x62, 0xca, 0xc4, 0xe3, 0x7b, 0xf0, 0xc6, 0x02,
  0x89, 0xc6, 0x31, 0xd6, 0x44, 0x31, 0xc6, 0x44, 0x89, 0xdf, 0x44, 0x8b,
  0x5c, 0x24, 0xb8, 0x44, 0x31, 0xdf, 0x44, 0x31, 0xff, 0x44, 0x31, 0xe7,
  0xc4, 0xe3, 0x7b, 0xf0, 0xff, 0x1f, 0x01, 0xf9, 0x41, 0x89, 0xff, 0x89,
  0x7c, 0x24, 0x9c, 0x01, 0xf1, 0xc4, 0xc3, 0x7b, 0xf0, 0xf5, 0x1b, 0x8d,
  0xb4, 0x0e, 0xd6, 0xc1, 0x62, 0xca, 0xc4, 0xc3, 0x7b, 0xf0, 0xc8, 0x02,
  0x89, 0xcf, 0x31, 0xc7, 0x44, 0x31, 0xef, 0x45, 0x89, 0xd0, 0x8b, 0x5c,
  0x24, 0xa8, 0x41, 0x31, 0xd8, 0x44, 0x33, 0x44, 0x24, 0x84, 0x45, 0x31,
  0xc8, 0xc4, 0x43, 0x7b, 0xf0, 0xf0, 0x1f, 0x44, 0x01, 0xf2, 0x44, 0x89,
  0x74, 0x24, 0x98, 0x01, 0xfa, 0xc4, 0xe3, 0x7b, 0xf0, 0xfe, 0x1b, 0x44,
  0x8d, 0x84, 0x17, 0xd6, 0xc1, 0x62, 0xca, 0xc4, 0xc3, 0x7b, 0xf0, 0xd5,
  0x02, 0x89, 0xd7, 0x31, 0xcf, 0x31, 0xf7, 0x45, 0x89, 0xda, 0x44, 0x8b,
  0x5c, 0x24, 0xa0, 0x45, 0x31, 0xda, 0x44, 0x33, 0x54, 0x24, 0x88, 0x41,
  0x31, 0xea, 0xc4, 0x43, 0x7b, 0xf0, 0xe2, 0x1f, 0x44, 0x01, 0xe0, 0x44,
  0x89, 0x64, 0x24, 0xa4, 0x01, 0xf8, 0xc4, 0xc3, 0x7b, 0xf0, 0xf8, 0x1b,
  0x8d, 0xbc, 0x07, 0xd6, 0xc1, 0x62, 0xca, 0xc4, 0x63, 0x7b, 0xf0, 0xee,
  0x02, 0x44, 0x89, 0xe8, 0x31, 0xd0, 0x44, 0x31, 0xc0, 0x89, 0xde, 0x8b,
  0x5c, 0x24, 0xb4, 0x31, 0xde, 0x33, 0x74, 0x24, 0xc0, 0x44, 0x31, 0xfe,
  0xc4, 0x63, 0x7b, 0xf0, 0xce, 0x1f, 0x44, 0x01, 0xc9, 0x01, 0xc1, 0xc4,
  0xe3, 0x7b, 0xf0, 0xc7, 0x1b, 0x44, 0x8d, 0xbc, 0x08, 0xd6, 0xc1, 0x62,
  0xca, 0xc4, 0xc3, 0x7b, 0xf0, 0xc0, 0x02, 0x89, 0xc1, 0x44, 0x31, 0xe9,
  0x31, 0xf9, 0x44, 0x89, 0xde, 0x44, 0x8b, 0x5c, 0x24, 0xbc, 0x44, 0x31,
  0xde, 0x33, 0x74, 0x24, 0xb0, 0x44, 0x31, 0xf6, 0xc4, 0xe3, 0x7b, 0xf0,
  0xf6, 0x1f, 0x89, 0x74, 0x24, 0x80, 0x01, 0xf2, 0x01, 0xca, 0xc4, 0xc3,
  0x7b, 0xf0, 0xcf, 0x1b, 0x8d, 0x8c, 0x11, 0xd6, 0xc1, 0x62, 0xca, 0xc4,
  0x63, 0x7b, 0xf0, 0xd7, 0x02, 0x44, 0x89, 0xd2, 0x31, 0xc2, 0x44, 0x31,
  0xfa, 0x8b, 0x6c, 0x24, 0x90, 0x89, 0xde, 0x31, 0xee, 0x44, 0x8b, 0x74,
  0x24, 0x94, 0x44, 0x31, 0xf6, 0x44, 0x31, 0xe6, 0xc4, 0xe3, 0x7b, 0xf0,
  0xf6, 0x1f, 0x41, 0x01, 0xf5, 0x41, 0x01, 0xd5, 0xc4, 0xe3, 0x7b, 0xf0,
  0xd1, 0x1b, 0x46, 0x8d, 0xa4, 0x2a, 0xd6, 0xc1, 0x62, 0xca, 0xc4, 0x43,
  0x7b, 0xf0, 0xc7, 0x02, 0x44, 0x89, 0xc7, 0x44, 0x31, 0xd7, 0x31, 0xcf,
  0x8b, 0x54, 0x24, 0xac, 0x44, 0x89, 0xdb, 0x31, 0xd3, 0x44, 0x8b, 0x5c,
  0x24, 0x8c, 0x44, 0x31, 0xdb, 0x44, 0x31, 0xcb, 0xc4, 0x63, 0x7b, 0xf0,
  0xeb, 0x1f, 0x44, 0x01, 0xe8, 0x01, 0xf8, 0x44, 0x89, 0xe3, 0x44, 0x89,
  0x64, 0x24, 0xa0, 0xc4, 0xc3, 0x7b, 0xf0, 0xfc, 0x1b, 0x44, 0x8d, 0xa4,
  0x07, 0xd6, 0xc1, 0x62, 0xca, 0x44, 0x89, 0x74, 0x24, 0xd0, 0x44, 0x89,
  0x5c, 0x24, 0xd4, 0x8b, 0x44, 0x24, 0xcc, 0x89, 0x44, 0x24, 0xd8, 0x44,
  0x8b, 0x7c, 0x24, 0x84, 0x41, 0x89, 0xeb, 0x45, 0x31, 0xfb, 0x41, 0x31,
  0xc3, 0xc4, 0xe3, 0x7b, 0xf0, 0xf9, 0x02, 0x89, 0xf9, 0x44, 0x31, 0xc1,
  0x31, 0xd9, 0x8b, 0x6c, 0x24, 0x80, 0x41, 0x31, 0xeb, 0xc4, 0x43, 0x7b,
  0xf0, 0xf3, 0x1f, 0x45, 0x01, 0xf2, 0x41, 0x01, 0xca, 0xc4, 0xc3, 0x7b,
  0xf0, 0xcc, 0x1b, 0x46, 0x8d, 0x9c, 0x11, 0xd6, 0xc1, 0x62, 0xca, 0x8b,
  0x44, 0x24, 0x9c, 0x89, 0x44, 0x24, 0xdc, 0x89, 0xd1, 0x8b, 0x5c, 0x24,
  0x88, 0x31, 0xd9, 0x31, 0xc1, 0x8b, 0x54, 0x24, 0x98, 0x89, 0x54, 0x24,
  0xe0, 0x8b, 0x44, 0x24, 0xa4, 0x89, 0x44, 0x24, 0xe4, 0x44, 0x89, 0x4c,
  0x24, 0xe8, 0x89, 0x6c, 0x24, 0xec, 0x89, 0x74, 0x24, 0xf0, 0x31, 0xf1,
  0x89, 0xce, 0x44, 0x89, 0xf9, 0x44, 0x8b, 0x54, 0x24, 0xc0, 0x44, 0x31,
  0xd1, 0x31, 0xd1, 0x44, 0x89, 0x6c, 0x24, 0xf4, 0x44, 0x31, 0xe9, 0x89,
  0xca, 0x8b, 0x6c, 0x24, 0xb0, 0x89, 0xd9, 0x31, 0xe9, 0x31, 0xc1, 0x44,
  0x89, 0x74, 0x24, 0xf8, 0x44, 0x31, 0xf1, 0x41, 0x89, 0xcf, 0x8b, 0x44,
  0x24, 0x94, 0x44, 0x31, 0xd0, 0x44, 0x31, 0xc8, 0xc4, 0xe3, 0x7b, 0xf0,
  0x4c, 0x24, 0xa0, 0x02, 0xc4, 0x63, 0x7b, 0xf0, 0xd6, 0x1f, 0x44, 0x89,
  0x54, 0x24, 0xfc, 0xc4, 0xe3, 0x7b, 0xf0, 0xf2, 0x1f, 0x89, 0x34, 0x24,
  0xc4, 0xc3, 0x7b, 0xf0, 0xdc, 0x02, 0xc4, 0xc3, 0x7b, 0xf0, 0xd3, 0x02,
  0x41, 0x89, 0xd6, 0x41, 0x31, 0xde, 0xc4, 0x43, 0x7b, 0xf0, 0xff, 0x1f,
  0x44, 0x89, 0x7c, 0x24, 0x04, 0x44, 0x31, 0xd0, 0xc4, 0x63, 0x7b, 0xf0,
  0xc8, 0x1f, 0x44, 0x89, 0x4c, 0x24, 0x08, 0x41, 0x01, 0xd9, 0x31, 0xcb,
  0x41, 0x01, 0xcf, 0x31, 0xf9, 0x44, 0x31, 0xe1, 0x45, 0x01, 0xd0, 0x41,
  0x01, 0xc8, 0xc4, 0xc3, 0x7b, 0xf0, 0xc3, 0x1b, 0x42, 0x8d, 0x84, 0x00,
  0xd6, 0xc1, 0x62, 0xca, 0x44, 0x31, 0xdb, 0x01, 0xf7, 0x01, 0xdf, 0xc4,
  0xe3, 0x7b, 0xf0, 0xc8, 0x1b, 0x8d, 0xbc, 0x39, 0xd6, 0xc1, 0x62, 0xca,
  0x41, 0x31, 0xc6, 0x45, 0x01, 0xf7, 0xc4, 0xe3, 0x7b, 0xf0, 0xcf, 0x1b,
  0x42, 0x8d, 0x8c, 0x39, 0xd6, 0xc1, 0x62, 0xca, 0xc4, 0xe3, 0x7b, 0xf0,
  0xc0, 0x02, 0x41, 0x89, 0xc0, 0x41, 0x31, 0xd0, 0x41, 0x31, 0xf8, 0x45,
  0x01, 0xc1, 0xc4, 0x63, 0x7b, 0xf0, 0xc1, 0x1b, 0x47, 0x8d, 0x94, 0x08,
  0xd6, 0xc1, 0x62, 0xca, 0x45, 0x01, 0xc1, 0x44, 0x8b, 0x44, 0x24, 0x8c,
  0x41, 0x31, 0xe8, 0x44, 0x33, 0x44, 0x24, 0x80, 0x41, 0x31, 0xf0, 0xc4,
  0xe3, 0x7b, 0xf0, 0xff, 0x02, 0xc4, 0xc3, 0x7b, 0xf0, 0xf0, 0x1f, 0x4c,
  0x8b, 0x44, 0x24, 0x18, 0x41, 0x01, 0xf0, 0x41, 0x01, 0xd0, 0x89, 0xfa,
  0x31, 0xc2, 0x31, 0xca, 0x41, 0x01, 0xd0, 0xc4, 0xc3, 0x7b, 0xf0, 0xd2,
  0x1b, 0x42, 0x8d, 0x94, 0x02, 0xd6, 0xc1, 0x62, 0xca, 0x4c, 0x8b, 0x44,
  0x24, 0x30, 0x41, 0x89, 0x10, 0x48, 0x8b, 0x54, 0x24, 0x28, 0x42, 0x8d,
  0x94, 0x0a, 0xd6, 0xc1, 0x62, 0xca, 0x41, 0x89, 0x50, 0x04, 0xc4, 0xe3,
  0x7b, 0xf0, 0xc9, 0x02, 0x03, 0x4c, 0x24, 0x20, 0x41, 0x89, 0x48, 0x08,
  0x03, 0x7c, 0x24, 0x10, 0x41, 0x89, 0x78, 0x0c, 0x03, 0x44, 0x24, 0x14,
  0x41, 0x89, 0x40, 0x10, 0x89, 0x74, 0x24, 0x0c, 0x48, 0x83, 0xc4, 0x38,
  0x5b, 0x41, 0x5c, 0x41, 0x5d, 0x41, 0x5e, 0x41, 0x5f, 0x5d, 0xc3, 0xcc,
  0xcc, 0xcc, 0xcc, 0xcc, 0x55, 0x48, 0x89, 0xe5, 0x53, 0x50, 0x48, 0xc7,
  0x45, 0xf0, 0x00, 0x00, 0x00, 0x00, 0x31, 0xdb, 0x48, 0x8d, 0x4d, 0xf0,
  0xbf, 0x89, 0x02, 0x00, 0x00, 0xbe, 0x02, 0x00, 0x00, 0x00, 0xba, 0x08,
  0x00, 0x00, 0x00, 0x31, 0xc0, 0x67, 0xe8, 0x55, 0xe2, 0xff, 0xff, 0x48,
  0x85, 0xc0, 0x75, 0x0c, 0x48, 0x8b, 0x45, 0xf0, 0x48, 0x85, 0xc0, 0x74,
  0x03, 0x8b, 0x58, 0x14, 0x89, 0xd8, 0x48, 0x83, 0xc4, 0x08, 0x5b, 0x5d,
  0xc3, 0xcc, 0xcc, 0xcc, 0xcc, 0xcc, 0xcc, 0xcc, 0xcc, 0xcc, 0xcc, 0xcc,
  0x55, 0x48, 0x89, 0xe5, 0x41, 0x56, 0x53, 0x48, 0x83, 0xec, 0x20, 0x48,
  0x8b, 0x4f, 0x10, 0x8b, 0x11, 0x89, 0x15, 0x9d, 0xfb, 0x00, 0x00, 0xb8,
  0xf7, 0xff, 0xff, 0xff, 0x85, 0xd2, 0x0f, 0x88, 0x25, 0x0c, 0x00, 0x00,
  0x8b, 0x49, 0x04, 0x89, 0x0d, 0x8b, 0xfb, 0x00, 0x00, 0x85, 0xc9, 0x0f,
  0x88, 0x14, 0x0c, 0x00, 0x00, 0x48, 0x8b, 0x4f, 0x08, 0x8b, 0x11, 0x89,
  0x15, 0x7b, 0xfb, 0x00, 0x00, 0x85, 0xd2, 0x0f, 0x88, 0x00, 0x0c, 0x00,
  0x00, 0x8b, 0x49, 0x04, 0x89, 0x0d, 0x6e, 0xfb, 0x00, 0x00, 0x85, 0xc9,
  0x0f, 0x88, 0xef, 0x0b, 0x00, 0x00, 0x48, 0x8b, 0x4f, 0x18, 0x48, 0x89,
  0x0d, 0x0b, 0xfe, 0x00, 0x00, 0xb8, 0xf2, 0xff, 0xff, 0xff, 0x48, 0x85,
  0xc9, 0x0f, 0x84, 0xd6, 0x0b, 0x00, 0x00, 0x48, 0x8b, 0x4f, 0x20, 0x48,
  0x8d, 0x1d, 0x9a, 0xfd, 0x00, 0x00, 0x48, 0x89, 0x0b, 0x48, 0x85, 0xc9,
  0x0f, 0x84, 0xbf, 0x0b, 0x00, 0x00, 0x48, 0xc7, 0x45, 0xe0, 0x00, 0x00,
  0x00, 0x00, 0x45, 0x31, 0xf6, 0x48, 0x8d, 0x4d, 0xe0, 0xbf, 0x89, 0x02,
  0x00, 0x00, 0xbe, 0x02, 0x00, 0x00, 0x00, 0xba, 0x08, 0x00, 0x00, 0x00,
  0x31, 0xc0, 0x67, 0xe8, 0x80, 0xe1, 0xff, 0xff, 0x48, 0x85, 0xc0, 0x75,
  0x12, 0x48, 0x8b, 0x45, 0xe0, 0x48, 0x85, 0xc0, 0x74, 0x09, 0x44, 0x0f,
  0xb7, 0x70, 0x16, 0x41, 0xc1, 0xe6, 0x10, 0xb8, 0xb2, 0xff, 0xff, 0xff,
  0x41, 0x81, 0xfe, 0xff, 0xff, 0x00, 0x07, 0x7e, 0x60, 0x41, 0x81, 0xfe,
  0xff, 0xff, 0x3f, 0x10, 0x0f, 0x8f, 0xb3, 0x00, 0x00, 0x00, 0x41, 0x81,
  0xfe, 0xff, 0xff, 0x5f, 0x08, 0x0f, 0x8e, 0xc5, 0x01, 0x00, 0x00, 0x41,
  0x81, 0xfe, 0xff, 0xff, 0x3f, 0x09, 0x0f, 0x8e, 0xc8, 0x02, 0x00, 0x00,
  0x41, 0x81, 0xfe, 0xff, 0xff, 0xff, 0x0f, 0x0f, 0x8e, 0xff, 0x08, 0x00,
  0x00, 0x41, 0x81, 0xfe, 0x00, 0x00, 0x00, 0x10, 0x0f, 0x84, 0x07, 0x02,
  0x00, 0x00, 0x41, 0x81, 0xfe, 0x00, 0x00, 0x01, 0x10, 0x0f, 0x84, 0xfa,
  0x01, 0x00, 0x00, 0x41, 0x81, 0xfe, 0x00, 0x00, 0x20, 0x10, 0x0f, 0x84,
  0xed, 0x01, 0x00, 0x00, 0xe9, 0x14, 0x0b, 0x00, 0x00, 0x41, 0x81, 0xfe,
  0xff, 0xff, 0xff, 0x02, 0x0f, 0x8e, 0xf3, 0x00, 0x00, 0x00, 0x41, 0x81,
  0xfe, 0xff, 0xff, 0x50, 0x04, 0x0f, 0x8e, 0x2c, 0x01, 0x00, 0x00, 0x41,
  0x81, 0xfe, 0xff, 0xff, 0x4f, 0x05, 0x0f, 0x8e, 0x3c, 0x02, 0x00, 0x00,
  0x41, 0x81, 0xfe, 0xff, 0xff, 0x01, 0x06, 0x0f, 0x8e, 0x78, 0x06, 0x00,
  0x00, 0x41, 0x81, 0xfe, 0x00, 0x00, 0x02, 0x06, 0x0f, 0x84, 0x81, 0x06,
  0x00, 0x00, 0x41, 0x81, 0xfe, 0x00, 0x00, 0x50, 0x06, 0x0f, 0x84, 0x74,
  0x06, 0x00, 0x00, 0x41, 0x81, 0xfe, 0x00, 0x00, 0x00, 0x07, 0x0f, 0x84,
  0xd7, 0x04, 0x00, 0x00, 0xe9, 0xb4, 0x0a, 0x00, 0x00, 0x41, 0x81, 0xfe,
  0xff, 0xff, 0x1f, 0x12, 0x0f, 0x8e, 0x4b, 0x01, 0x00, 0x00, 0x41, 0x81,
  0xfe, 0xff, 0xff, 0xff, 0x12, 0x0f, 0x8e, 0x6d, 0x02, 0x00, 0x00, 0x41,
  0x81, 0xfe, 0xff, 0xff, 0x3f, 0x13, 0x0f, 0x8e, 0xb4, 0x08, 0x00, 0x00,
  0x41, 0x81, 0xfe, 0x00, 0x00, 0x40, 0x13, 0x0f, 0x84, 0xfc, 0x08, 0x00,
  0x00, 0x41, 0x81, 0xfe, 0x00, 0x00, 0x42, 0x13, 0x0f, 0x84, 0xef, 0x08,
  0x00, 0x00, 0x41, 0x81, 0xfe, 0x00, 0x00, 0x60, 0x13, 0x0f, 0x85, 0x66,
  0x0a, 0x00, 0x00, 0x48, 0x8b, 0x03, 0x48, 0x8d, 0x88, 0x00, 0x00, 0x34,
  0xff, 0x48, 0x8d, 0x15, 0x1c, 0xfc, 0x00, 0x00, 0x48, 0x89, 0x0a, 0x48,
  0x8d, 0x88, 0x80, 0x9e, 0x8c, 0x02, 0x48, 0x8d, 0x15, 0x1b, 0xfc, 0x00,
  0x00, 0x48, 0x89, 0x0a, 0x48, 0x8d, 0x88, 0x64, 0xc0, 0xd9, 0x00, 0x48,
  0x8d, 0x15, 0x1a, 0xfc, 0x00, 0x00, 0x48, 0x89, 0x0a, 0x48, 0x8d, 0x88,
  0x10, 0xb5, 0x14, 0x03, 0x48, 0x8d, 0x15, 0x01, 0xfc, 0x00, 0x00, 0x48,
  0x89, 0x0a, 0x48, 0x05, 0x28, 0x82, 0x09, 0x02, 0xe9, 0xdd, 0x08, 0x00,
  0x00, 0x41, 0x81, 0xfe, 0xff, 0xff, 0x13, 0x01, 0x0f, 0x8f, 0x1d, 0x01,
  0x00, 0x00, 0x41, 0x81, 0xfe, 0xff, 0xff, 0x0f, 0x01, 0x0f, 0x8f, 0x7d,
  0x02, 0x00, 0x00, 0x41, 0x81, 0xfe, 0xff, 0xff, 0x01, 0x01, 0x0f, 0x8f,
  0x3f, 0x06, 0x00, 0x00, 0x41, 0x81, 0xfe, 0x00, 0x00, 0x00, 0x01, 0x0f,
  0x84, 0x4d, 0x06, 0x00, 0x00, 0x41, 0x81, 0xfe, 0x00, 0x00, 0x01, 0x01,
  0x0f, 0x84, 0x40, 0x06, 0x00, 0x00, 0xe9, 0xce, 0x09, 0x00, 0x00, 0x41,
  0x81, 0xfe, 0xff, 0xff, 0xff, 0x03, 0x0f, 0x8f, 0xc0, 0x01, 0x00, 0x00,
  0x41, 0x81, 0xfe, 0xff, 0xff, 0x1f, 0x03, 0x0f, 0x8f, 0xec, 0x02, 0x00,
  0x00, 0x41, 0x81, 0xfe, 0x00, 0x00, 0x00, 0x03, 0x0f, 0x84, 0xf5, 0x02,
  0x00, 0x00, 0x41, 0x81, 0xfe, 0x00, 0x00, 0x10, 0x03, 0x0f, 0x84, 0xe8,
  0x02, 0x00, 0x00, 0xe9, 0x95, 0x09, 0x00, 0x00, 0x41, 0x81, 0xfe, 0xff,
  0xff, 0x60, 0x07, 0x0f, 0x8f, 0xb3, 0x01, 0x00, 0x00, 0x41, 0x81, 0xfe,
  0xff, 0xff, 0x3f, 0x07, 0x0f, 0x8f, 0x83, 0x03, 0x00, 0x00, 0x41, 0x81,
  0xfe, 0x00, 0x00, 0x01, 0x07, 0x0f, 0x84, 0x8c, 0x03, 0x00, 0x00, 0x41,
  0x81, 0xfe, 0x00, 0x00, 0x20, 0x07, 0x0f, 0x84, 0x7f, 0x03, 0x00, 0x00,
  0xe9, 0x5c, 0x09, 0x00, 0x00, 0x41, 0x81, 0xfe, 0xff, 0xff, 0x3f, 0x11,
  0x0f, 0x8f, 0xa6, 0x01, 0x00, 0x00, 0x41, 0x81, 0xfe, 0xff, 0xff, 0xff,
  0x10, 0x0f, 0x8f, 0xa2, 0x03, 0x00, 0x00, 0x41, 0x81, 0xfe, 0x00, 0x00,
  0x40, 0x10, 0x74, 0x0d, 0x41, 0x81, 0xfe, 0x00, 0x00, 0x60, 0x10, 0x0f,
  0x85, 0x2c, 0x09, 0x00, 0x00, 0x48, 0x8b, 0x03, 0x48, 0x8d, 0x88, 0x00,
  0x00, 0x34, 0xff, 0x48, 0x8d, 0x15, 0xe2, 0xfa, 0x00, 0x00, 0x48, 0x89,
  0x0a, 0x48, 0x8d, 0x88, 0x70, 0x5d, 0x76, 0x02, 0x48, 0x8d, 0x15, 0xe1,
  0xfa, 0x00, 0x00, 0x48, 0x89, 0x0a, 0x48, 0x8d, 0x88, 0x64, 0x90, 0xd7,
  0x00, 0x48, 0x8d, 0x15, 0xe0, 0xfa, 0x00, 0x00, 0x48, 0x89, 0x0a, 0x48,
  0x8d, 0x88, 0x10, 0x35, 0xfa, 0x02, 0xe9, 0xfc, 0x06, 0x00, 0x00, 0x41,
  0x81, 0xfe, 0xff, 0xff, 0x25, 0x02, 0x0f, 0x8f, 0x8c, 0x01, 0x00, 0x00,
  0x41, 0x81, 0xfe, 0xff, 0xff, 0x1f, 0x02, 0x0f, 0x8f, 0x99, 0x05, 0x00,
  0x00, 0x41, 0x81, 0xfe, 0x00, 0x00, 0x14, 0x01, 0x0f, 0x84, 0xc1, 0x05,
  0x00, 0x00, 0x41, 0x81, 0xfe, 0x00, 0x00, 0x00, 0x02, 0x0f, 0x84, 0x19,
  0x06, 0x00, 0x00, 0xe9, 0xb1, 0x08, 0x00, 0x00, 0x41, 0x81, 0xfe, 0xff,
  0xff, 0x01, 0x05, 0x0f, 0x8f, 0x7f, 0x01, 0x00, 0x00, 0x41, 0x81, 0xfe,
  0x00, 0x00, 0x51, 0x04, 0x0f, 0x84, 0x4d, 0x02, 0x00, 0x00, 0x41, 0x81,
  0xfe, 0x00, 0x00, 0x00, 0x05, 0x0f, 0x84, 0x8a, 0x04, 0x00, 0x00, 0xe9,
  0x85, 0x08, 0x00, 0x00, 0x41, 0x81, 0xfe, 0xff, 0xff, 0x04, 0x09, 0x0f,
  0x8f, 0x72, 0x01, 0x00, 0x00, 0x41, 0x81, 0xfe, 0x00, 0x00, 0x60, 0x08,
  0x0f, 0x84, 0x49, 0x03, 0x00, 0x00, 0x41, 0x81, 0xfe, 0x00, 0x00, 0x00,
  0x09, 0x0f, 0x85, 0x5e, 0x08, 0x00, 0x00, 0x48, 0x8b, 0x03, 0x48, 0x8d,
  0x88, 0x00, 0x00, 0x36, 0xff, 0x48, 0x8d, 0x15, 0x14, 0xfa, 0x00, 0x00,
  0x48, 0x89, 0x0a, 0x48, 0x8d, 0x88, 0x50, 0x5d, 0x75, 0x02, 0x48, 0x8d,
  0x15, 0x13, 0xfa, 0x00, 0x00, 0x48, 0x89, 0x0a, 0x48, 0x8d, 0x88, 0x64,
  0x20, 0xd7, 0x00, 0xe9, 0x2e, 0x06, 0x00, 0x00, 0x41, 0x81, 0xfe, 0xff,
  0xff, 0x5f, 0x12, 0x0f, 0x8f, 0x39, 0x01, 0x00, 0x00, 0x41, 0x81, 0xfe,
  0x00, 0x00, 0x20, 0x12, 0x0f, 0x84, 0x59, 0x03, 0x00, 0x00, 0x41, 0x81,
  0xfe, 0x00, 0x00, 0x40, 0x12, 0x0f, 0x84, 0x4c, 0x03, 0x00, 0x00, 0xe9,
  0x01, 0x08, 0x00, 0x00, 0x41, 0x81, 0xfe, 0xff, 0xff, 0x02, 0x04, 0x0f,
  0x8f, 0x94, 0x01, 0x00, 0x00, 0x41, 0x81, 0xfe, 0x00, 0x00, 0x00, 0x04,
  0x0f, 0x84, 0x9d, 0x01, 0x00, 0x00, 0x41, 0x81, 0xfe, 0x00, 0x00, 0x02,
  0x04, 0x0f, 0x84, 0x90, 0x01, 0x00, 0x00, 0xe9, 0xd5, 0x07, 0x00, 0x00,
  0x41, 0x81, 0xfe, 0xff, 0xff, 0x1f, 0x08, 0x0f, 0x8f, 0x90, 0x02, 0x00,
  0x00, 0x41, 0x81, 0xfe, 0x00, 0x00, 0x61, 0x07, 0x0f, 0x84, 0xd9, 0x01,
  0x00, 0x00, 0x41, 0x81, 0xfe, 0x00, 0x00, 0x00, 0x08, 0x0f, 0x84, 0x8c,
  0x02, 0x00, 0x00, 0xe9, 0xa9, 0x07, 0x00, 0x00, 0x41, 0x81, 0xfe, 0xff,
  0xff, 0xff, 0x11, 0x0f, 0x8f, 0xcc, 0x02, 0x00, 0x00, 0x41, 0x81, 0xfe,
  0x00, 0x00, 0x40, 0x11, 0x0f, 0x84, 0x05, 0x02, 0x00, 0x00, 0x41, 0x81,
  0xfe, 0x00, 0x00, 0x60, 0x11, 0x0f, 0x84, 0xf8, 0x01, 0x00, 0x00, 0xe9,
  0x7d, 0x07, 0x00, 0x00, 0x41, 0x81, 0xfe, 0xff, 0xff, 0x11, 0x01, 0x0f,
  0x8f, 0x58, 0x04, 0x00, 0x00, 0x41, 0x81, 0xfe, 0x00, 0x00, 0x10, 0x01,
  0x0f, 0x84, 0x61, 0x04, 0x00, 0x00, 0x41, 0x81, 0xfe, 0x00, 0x00, 0x11,
  0x01, 0x0f, 0x84, 0x54, 0x04, 0x00, 0x00, 0xe9, 0x51, 0x07, 0x00, 0x00,
  0x41, 0x81, 0xfe, 0xff, 0xff, 0x4f, 0x02, 0x0f, 0x8f, 0x91, 0x04, 0x00,
  0x00, 0x41, 0x81, 0xfe, 0x00, 0x00, 0x26, 0x02, 0x0f, 0x84, 0x9a, 0x04,
  0x00, 0x00, 0x41, 0x81, 0xfe, 0x00, 0x00, 0x30, 0x02, 0x0f, 0x84, 0x8d,
  0x04, 0x00, 0x00, 0xe9, 0x25, 0x07, 0x00, 0x00, 0x41, 0x81, 0xfe, 0x00,
  0x00, 0x02, 0x05, 0x0f, 0x84, 0x18, 0x03, 0x00, 0x00, 0x41, 0x81, 0xfe,
  0x00, 0x00, 0x10, 0x05, 0x0f, 0x84, 0x0b, 0x03, 0x00, 0x00, 0xe9, 0x06,
  0x07, 0x00, 0x00, 0x41, 0x81, 0xfe, 0x00, 0x00, 0x05, 0x09, 0x0f, 0x84,
  0xce, 0x04, 0x00, 0x00, 0x41, 0x81, 0xfe, 0x00, 0x00, 0x20, 0x09, 0x0f,
  0x84, 0xc1, 0x04, 0x00, 0x00, 0xe9, 0xe7, 0x06, 0x00, 0x00, 0x41, 0x81,
  0xfe, 0x00, 0x00, 0x60, 0x12, 0x0f, 0x84, 0x20, 0x02, 0x00, 0x00, 0x41,
  0x81, 0xfe, 0x00, 0x00, 0x70, 0x12, 0x0f, 0x84, 0x13, 0x02, 0x00, 0x00,
  0xe9, 0xc8, 0x06, 0x00, 0x00, 0x41, 0x81, 0xfe, 0x00, 0x00, 0x20, 0x03,
  0x74, 0x0d, 0x41, 0x81, 0xfe, 0x00, 0x00, 0x21, 0x03, 0x0f, 0x85, 0xb2,
  0x06, 0x00, 0x00, 0x48, 0x8b, 0x03, 0x48, 0x8d, 0x88, 0x00, 0x00, 0x43,
  0xff, 0x48, 0x8d, 0x15, 0x68, 0xf8, 0x00, 0x00, 0x48, 0x89, 0x0a, 0x48,
  0x8d, 0x88, 0x58, 0xdc, 0x76, 0x02, 0x48, 0x8d, 0x15, 0x67, 0xf8, 0x00,
  0x00, 0x48, 0x89, 0x0a, 0x48, 0x8d, 0x88, 0x74, 0x64, 0x46, 0x06, 0x48,
  0x8d, 0x15, 0x66, 0xf8, 0x00, 0x00, 0x48, 0x89, 0x0a, 0x48, 0x8d, 0x88,
  0xc0, 0xb4, 0x7a, 0x06, 0x48, 0x8d, 0x15, 0x4d, 0xf8, 0x00, 0x00, 0x48,
  0x89, 0x0a, 0x48, 0x05, 0x78, 0x16, 0xdf, 0x01, 0xe9, 0x10, 0x04, 0x00,
  0x00, 0x41, 0x81, 0xfe, 0x00, 0x00, 0x03, 0x04, 0x74, 0x0d, 0x41, 0x81,
  0xfe, 0x00, 0x00, 0x50, 0x04, 0x0f, 0x85, 0x4a, 0x06, 0x00, 0x00, 0x48,
  0x8b, 0x03, 0x48, 0x8d, 0x88, 0x00, 0x00, 0x40, 0xff, 0x48, 0x8d, 0x15,
  0x00, 0xf8, 0x00, 0x00, 0x48, 0x89, 0x0a, 0x48, 0x8d, 0x88, 0xb8, 0xdc,
  0x7e, 0x02, 0x48, 0x8d, 0x15, 0xff, 0xf7, 0x00, 0x00, 0x48, 0x89, 0x0a,
  0x48, 0x8d, 0x88, 0x74, 0x64, 0x50, 0x06, 0x48, 0x8d, 0x15, 0xfe, 0xf7,
  0x00, 0x00, 0x48, 0x89, 0x0a, 0x48, 0x8d, 0x88, 0xc0, 0x74, 0x6e, 0x06,
  0x48, 0x8d, 0x15, 0xe5, 0xf7, 0x00, 0x00, 0x48, 0x89, 0x0a, 0x48, 0x05,
  0x78, 0x96, 0xe6, 0x01, 0xe9, 0xa8, 0x03, 0x00, 0x00, 0x41, 0x81, 0xfe,
  0x00, 0x00, 0x40, 0x07, 0x74, 0x0d, 0x41, 0x81, 0xfe, 0x00, 0x00, 0x60,
  0x07, 0x0f, 0x85, 0xe2, 0x05, 0x00, 0x00, 0x48, 0x8b, 0x03, 0x48, 0x8d,
  0x88, 0x00, 0x00, 0x3b, 0xff, 0x48, 0x8d, 0x15, 0x98, 0xf7, 0x00, 0x00,
  0x48, 0x89, 0x0a, 0x48, 0x8d, 0x88, 0x50, 0x9d, 0x85, 0x02, 0x48, 0x8d,
  0x15, 0x97, 0xf7, 0x00, 0x00, 0x48, 0x89, 0x0a, 0x48, 0x8d, 0x88, 0x64,
  0x80, 0xac, 0x00, 0x48, 0x8d, 0x15, 0x96, 0xf7, 0x00, 0x00, 0x48, 0x89,
  0x0a, 0x48, 0x8d, 0x88, 0x10, 0x75, 0x0c, 0x03, 0xe9, 0xbb, 0x00, 0x00,
  0x00, 0x41, 0x81, 0xfe, 0x00, 0x00, 0x00, 0x11, 0x74, 0x0d, 0x41, 0x81,
  0xfe, 0x00, 0x00, 0x20, 0x11, 0x0f, 0x85, 0x8a, 0x05, 0x00, 0x00, 0x48,
  0x8b, 0x03, 0x48, 0x8d, 0x88, 0x00, 0x00, 0x2d, 0xff, 0x48, 0x8d, 0x15,
  0x40, 0xf7, 0x00, 0x00, 0x48, 0x89, 0x0a, 0x48, 0x8d, 0x88, 0x70, 0x5d,
  0x87, 0x02, 0x48, 0x8d, 0x15, 0x3f, 0xf7, 0x00, 0x00, 0x48, 0x89, 0x0a,
  0x48, 0x8d, 0x88, 0x64, 0xc0, 0xd8, 0x00, 0x48, 0x8d, 0x15, 0x3e, 0xf7,
  0x00, 0x00, 0x48, 0x89, 0x0a, 0x48, 0x8d, 0x88, 0x10, 0x75, 0x0b, 0x03,
  0x48, 0x8d, 0x15, 0x25, 0xf7, 0x00, 0x00, 0x48, 0x89, 0x0a, 0x48, 0x05,
  0x18, 0x57, 0x07, 0x02, 0xe9, 0x01, 0x04, 0x00, 0x00, 0x41, 0x81, 0xfe,
  0x00, 0x00, 0x20, 0x08, 0x74, 0x0d, 0x41, 0x81, 0xfe, 0x00, 0x00, 0x40,
  0x08, 0x0f, 0x85, 0x22, 0x05, 0x00, 0x00, 0x48, 0x8b, 0x03, 0x48, 0x8d,
  0x88, 0x00, 0x00, 0x39, 0xff, 0x48, 0x8d, 0x15, 0xd8, 0xf6, 0x00, 0x00,
  0x48, 0x89, 0x0a, 0x48, 0x8d, 0x88, 0x50, 0x5d, 0x87, 0x02, 0x48, 0x8d,
  0x15, 0xd7, 0xf6, 0x00, 0x00, 0x48, 0x89, 0x0a, 0x48, 0x8d, 0x88, 0x64,
  0x30, 0xac, 0x00, 0x48, 0x8d, 0x15, 0xd6, 0xf6, 0x00, 0x00, 0x48, 0x89,
  0x0a, 0x48, 0x8d, 0x88, 0x10, 0xb5, 0x0f, 0x03, 0x48, 0x8d, 0x15, 0xbd,
  0xf6, 0x00, 0x00, 0x48, 0x89, 0x0a, 0x48, 0x05, 0x18, 0x57, 0xfa, 0x01,
  0xe9, 0x99, 0x03, 0x00, 0x00, 0x41, 0x81, 0xfe, 0x00, 0x00, 0x00, 0x12,
  0x74, 0x0d, 0x41, 0x81, 0xfe, 0x00, 0x00, 0x02, 0x12, 0x0f, 0x85, 0xba,
  0x04, 0x00, 0x00, 0x48, 0x8b, 0x03, 0x48, 0x8d, 0x88, 0x00, 0x00, 0x2b,
  0xff, 0x48, 0x8d, 0x15, 0x70, 0xf6, 0x00, 0x00, 0x48, 0x89, 0x0a, 0x48,
  0x8d, 0x88, 0x00, 0x5e, 0x88, 0x02, 0x48, 0x8d, 0x15, 0x6f, 0xf6, 0x00,
  0x00, 0x48, 0x89, 0x0a, 0x48, 0x8d, 0x88, 0x64, 0x30, 0xd8, 0x00, 0x48,
  0x8d, 0x15, 0x6e, 0xf6, 0x00, 0x00, 0x48, 0x89, 0x0a, 0x48, 0x8d, 0x88,
  0x10, 0x75, 0x0d, 0x03, 0x48, 0x8d, 0x15, 0x55, 0xf6, 0x00, 0x00, 0x48,
  0x89, 0x0a, 0x48, 0x05, 0xe8, 0x57, 0x07, 0x02, 0xe9, 0x31, 0x03, 0x00,
  0x00, 0x41, 0x81, 0xfe, 0x00, 0x00, 0x50, 0x05, 0x74, 0x5f, 0x41, 0x81,
  0xfe, 0x00, 0x00, 0x00, 0x06, 0x0f, 0x85, 0x52, 0x04, 0x00, 0x00, 0x48,
  0x8b, 0x03, 0x48, 0x8d, 0x88, 0x00, 0x00, 0x3a, 0xff, 0x48, 0x8d, 0x15,
  0x08, 0xf6, 0x00, 0x00, 0x48, 0x89, 0x0a, 0x48, 0x8d, 0x88, 0x20, 0x9d,
  0x86, 0x02, 0x48, 0x8d, 0x15, 0x07, 0xf6, 0x00, 0x00, 0x48, 0x89, 0x0a,
  0x48, 0x8d, 0x88, 0xec, 0x68, 0x59, 0x06, 0x48, 0x8d, 0x15, 0x06, 0xf6,
  0x00, 0x00, 0x48, 0x89, 0x0a, 0x48, 0x8d, 0x88, 0x10, 0xf5, 0x79, 0x06,
  0x48, 0x8d, 0x15, 0xed, 0xf5, 0x00, 0x00, 0x48, 0x89, 0x0a, 0x48, 0x05,
  0xc8, 0x96, 0xfb, 0x01, 0xe9, 0xc9, 0x02, 0x00, 0x00, 0x48, 0x8b, 0x03,
  0x48, 0x8d, 0x88, 0x00, 0x00, 0x3c, 0xff, 0x48, 0x8d, 0x15, 0xb6, 0xf5,
  0x00, 0x00, 0x48, 0x89, 0x0a, 0x48, 0x8d, 0x88, 0x00, 0xdd, 0x91, 0x02,
  0x48, 0x8d, 0x15, 0xb5, 0xf5, 0x00, 0x00, 0x48, 0x89, 0x0a, 0x48, 0x8d,
  0x88, 0xec, 0x66, 0x64, 0x06, 0x48, 0x8d, 0x15, 0xb4, 0xf5, 0x00, 0x00,
  0x48, 0x89, 0x0a, 0x48, 0x8d, 0x88, 0x10, 0x35, 0x85, 0x06, 0x48, 0x8d,
  0x15, 0x9b, 0xf5, 0x00, 0x00, 0x48, 0x89, 0x0a, 0x48, 0x05, 0xc8, 0x96,
  0xf9, 0x01, 0xe9, 0x5e, 0x01, 0x00, 0x00, 0x41, 0x81, 0xfe, 0x00, 0x00,
  0x02, 0x01, 0x74, 0x12, 0x41, 0x81, 0xfe, 0x00, 0x00, 0x05, 0x01, 0x0f,
  0x84, 0x96, 0x00, 0x00, 0x00, 0xe9, 0x93, 0x03, 0x00, 0x00, 0x48, 0x8b,
  0x03, 0x48, 0x8d, 0x88, 0x00, 0x00, 0x4c, 0xfe, 0x48, 0x8d, 0x15, 0x49,
  0xf5, 0x00, 0x00, 0x48, 0x89, 0x0a, 0x48, 0x8d, 0x88, 0xf8, 0x1b, 0x6d,
  0x02, 0x48, 0x8d, 0x15, 0x48, 0xf5, 0x00, 0x00, 0x48, 0x89, 0x0a, 0x48,
  0x8d, 0x88, 0x74, 0x10, 0x24, 0x06, 0x48, 0x8d, 0x15, 0x47, 0xf5, 0x00,
  0x00, 0x48, 0x89, 0x0a, 0x48, 0x8d, 0x88, 0x40, 0x55, 0x56, 0x06, 0x48,
  0x8d, 0x15, 0x2e, 0xf5, 0x00, 0x00, 0x48, 0x89, 0x0a, 0x48, 0x05, 0x78,
  0xd4, 0xd6, 0x01, 0xb9, 0xc0, 0x02, 0x00, 0x00, 0xba, 0xc0, 0x01, 0x00,
  0x00, 0xe9, 0x0a, 0x02, 0x00, 0x00, 0x41, 0x81, 0xfe, 0x00, 0x00, 0x20,
  0x02, 0x0f, 0x84, 0x8d, 0x00, 0x00, 0x00, 0x41, 0x81, 0xfe, 0x00, 0x00,
  0x25, 0x02, 0x0f, 0x84, 0x80, 0x00, 0x00, 0x00, 0xe9, 0x18, 0x03, 0x00,
  0x00, 0x41, 0x81, 0xfe, 0x00, 0x00, 0x12, 0x01, 0x74, 0x0d, 0x41, 0x81,
  0xfe, 0x00, 0x00, 0x13, 0x01, 0x0f, 0x85, 0x02, 0x03, 0x00, 0x00, 0x48,
  0x8b, 0x03, 0x48, 0x8d, 0x88, 0x00, 0x00, 0x4c, 0xfe, 0x48, 0x8d, 0x15,
  0xb8, 0xf4, 0x00, 0x00, 0x48, 0x89, 0x0a, 0x48, 0x8d, 0x88, 0x18, 0x1c,
  0x6d, 0x02, 0x48, 0x8d, 0x15, 0xb7, 0xf4, 0x00, 0x00, 0x48, 0x89, 0x0a,
  0x48, 0x8d, 0x88, 0x74, 0x10, 0x24, 0x06, 0x48, 0x8d, 0x15, 0xb6, 0xf4,
  0x00, 0x00, 0x48, 0x89, 0x0a, 0x48, 0x8d, 0x88, 0x40, 0x55, 0x56, 0x06,
  0x48, 0x8d, 0x15, 0x9d, 0xf4, 0x00, 0x00, 0x48, 0x89, 0x0a, 0x48, 0x05,
  0x87, 0xd4, 0xd6, 0x01, 0xeb, 0x63, 0x41, 0x81, 0xfe, 0x00, 0x00, 0x50,
  0x02, 0x74, 0x0d, 0x41, 0x81, 0xfe, 0x00, 0x00, 0x70, 0x02, 0x0f, 0x85,
  0x9d, 0x02, 0x00, 0x00, 0x48, 0x8b, 0x03, 0x48, 0x8d, 0x88, 0x00, 0x00,
  0x48, 0xfe, 0x48, 0x8d, 0x15, 0x53, 0xf4, 0x00, 0x00, 0x48, 0x89, 0x0a,
  0x48, 0x8d, 0x88, 0x28, 0x1c, 0x70, 0x02, 0x48, 0x8d, 0x15, 0x52, 0xf4,
  0x00, 0x00, 0x48, 0x89, 0x0a, 0x48, 0x8d, 0x88, 0x74, 0x12, 0x3e, 0x06,
  0x48, 0x8d, 0x15, 0x51, 0xf4, 0x00, 0x00, 0x48, 0x89, 0x0a, 0x48, 0x8d,
  0x88, 0xc0, 0x34, 0x71, 0x06, 0x48, 0x8d, 0x15, 0x38, 0xf4, 0x00, 0x00,
  0x48, 0x89, 0x0a, 0x48, 0x05, 0x78, 0x14, 0xd9, 0x01, 0xb9, 0xe0, 0x02,
  0x00, 0x00, 0xba, 0xc8, 0x01, 0x00, 0x00, 0xe9, 0x14, 0x01, 0x00, 0x00,
  0x41, 0x81, 0xfe, 0x00, 0x00, 0x40, 0x09, 0x74, 0x0d, 0x41, 0x81, 0xfe,
  0x00, 0x00, 0x60, 0x09, 0x0f, 0x85, 0x2b, 0x02, 0x00, 0x00, 0x48, 0x8b,
  0x03, 0x48, 0x8d, 0x88, 0x00, 0x00, 0x36, 0xff, 0x48, 0x8d, 0x15, 0xe1,
  0xf3, 0x00, 0x00, 0x48, 0x89, 0x0a, 0x48, 0x8d, 0x88, 0x50, 0x5d, 0x75,
  0x02, 0x48, 0x8d, 0x15, 0xe0, 0xf3, 0x00, 0x00, 0x48, 0x89, 0x0a, 0x48,
  0x8d, 0x88, 0x64, 0x30, 0xd7, 0x00, 0x48, 0x8d, 0x15, 0xdf, 0xf3, 0x00,
  0x00, 0x48, 0x89, 0x0a, 0x48, 0x8d, 0x88, 0x10, 0xb5, 0xfd, 0x02, 0x48,
  0x8d, 0x15, 0xc6, 0xf3, 0x00, 0x00, 0x48, 0x89, 0x0a, 0x48, 0x05, 0x18,
  0x57, 0xf6, 0x01, 0xe9, 0xa2, 0x00, 0x00, 0x00, 0x41, 0x81, 0xfe, 0x00,
  0x00, 0x00, 0x13, 0x74, 0x0d, 0x41, 0x81, 0xfe, 0x00, 0x00, 0x20, 0x13,
  0x0f, 0x85, 0xc3, 0x01, 0x00, 0x00, 0x48, 0x8b, 0x03, 0x48, 0x8d, 0x88,
  0x00, 0x00, 0x35, 0xff, 0x48, 0x8d, 0x15, 0x79, 0xf3, 0x00, 0x00, 0x48,
  0x89, 0x0a, 0x48, 0x8d, 0x88, 0x00, 0x5e, 0x8c, 0x02, 0x48, 0x8d, 0x15,
  0x78, 0xf3, 0x00, 0x00, 0x48, 0x89, 0x0a, 0x48, 0x8d, 0x88, 0x64, 0x90,
  0xd9, 0x00, 0x48, 0x8d, 0x15, 0x77, 0xf3, 0x00, 0x00, 0x48, 0x89, 0x0a,
  0x48, 0x8d, 0x88, 0x10, 0x35, 0x13, 0x03, 0xeb, 0x3d, 0x48, 0x8b, 0x03,
  0x48, 0x8d, 0x88, 0x00, 0x00, 0x35, 0xff, 0x48, 0x8d, 0x15, 0x3a, 0xf3,
  0x00, 0x00, 0x48, 0x89, 0x0a, 0x48, 0x8d, 0x88, 0x80, 0x9e, 0x8c, 0x02,
  0x48, 0x8d, 0x15, 0x39, 0xf3, 0x00, 0x00, 0x48, 0x89, 0x0a, 0x48, 0x8d,
  0x88, 0x64, 0x90, 0xd9, 0x00, 0x48, 0x8d, 0x15, 0x38, 0xf3, 0x00, 0x00,
  0x48, 0x89, 0x0a, 0x48, 0x8d, 0x88, 0x10, 0x75, 0x13, 0x03, 0x48, 0x8d,
  0x15, 0x1f, 0xf3, 0x00, 0x00, 0x48, 0x89, 0x0a, 0x48, 0x05, 0xe8, 0x81,
  0x09, 0x02, 0xb9, 0xe8, 0x02, 0x00, 0x00, 0xba, 0xd0, 0x01, 0x00, 0x00,
  0x48, 0x8d, 0x35, 0x35, 0xf3, 0x00, 0x00, 0x48, 0x89, 0x06, 0x48, 0x8d,
  0x05, 0x33, 0xf3, 0x00, 0x00, 0x48, 0x89, 0x10, 0x48, 0x8d, 0x05, 0x31,
  0xf3, 0x00, 0x00, 0x48, 0x89, 0x08, 0x48, 0x8d, 0x05, 0xef, 0xf2, 0x00,
  0x00, 0x48, 0x8b, 0x00, 0x48, 0x8d, 0x48, 0x09, 0x48, 0x8d, 0x15, 0x01,
  0xf3, 0x00, 0x00, 0x48, 0x89, 0x0a, 0x48, 0x8d, 0x48, 0x24, 0x48, 0x8d,
  0x15, 0xeb, 0xf2, 0x00, 0x00, 0x48, 0x89, 0x0a, 0x48, 0x05, 0x8c, 0x00,
  0x00, 0x00, 0x48, 0x8d, 0x0d, 0xd3, 0xf2, 0x00, 0x00, 0x48, 0x89, 0x01,
  0x48, 0xc7, 0x45, 0xd8, 0x00, 0x00, 0x00, 0x00, 0x48, 0xc7, 0x45, 0xe0,
  0x00, 0x00, 0x00, 0x00, 0x31, 0xdb, 0x31, 0xff, 0xe8, 0xe7, 0x07, 0x00,
  0x00, 0x48, 0x85, 0xc0, 0x74, 0x21, 0x48, 0x83, 0xc0, 0x40, 0x48, 0x8d,
  0x75, 0xe0, 0xba, 0x08, 0x00, 0x00, 0x00, 0x48, 0x89, 0xc7, 0xe8, 0x6d,
  0x03, 0x00, 0x00, 0x85, 0xc0, 0x75, 0x06, 0x48, 0x8b, 0x5d, 0xe0, 0xeb,
  0x02, 0x31, 0xdb, 0x48, 0x85, 0xdb, 0x74, 0x1f, 0x48, 0x83, 0xc3, 0x30,
  0x48, 0x8d, 0x75, 0xd8, 0xba, 0x08, 0x00, 0x00, 0x00, 0x48, 0x89, 0xdf,
  0xe8, 0x47, 0x03, 0x00, 0x00, 0x85, 0xc0, 0x75, 0x06, 0x48, 0x8b, 0x45,
  0xd8, 0xeb, 0x02, 0x31, 0xc0, 0x48, 0x8d, 0x0d, 0x5c, 0xf2, 0x00, 0x00,
  0x48, 0x89, 0x01, 0x48, 0x8d, 0x3d, 0x0b, 0x9b, 0x00, 0x00, 0x48, 0x8d,
  0x5d, 0xe0, 0x48, 0x89, 0xde, 0x67, 0xe8, 0x3d, 0xdb, 0xff, 0xff, 0xbf,
  0xff, 0xff, 0xff, 0xff, 0xbe, 0x01, 0x00, 0x00, 0x00, 0x48, 0x89, 0xda,
  0xe8, 0xdb, 0x0e, 0x00, 0x00, 0x48, 0x89, 0x05, 0xfc, 0xf1, 0x00, 0x00,
  0x48, 0x85, 0xc0, 0x75, 0x36, 0x48, 0x8d, 0x3d, 0xd9, 0x9a, 0x00, 0x00,
  0x48, 0x89, 0xde, 0x67, 0xe8, 0x0f, 0xdb, 0xff, 0xff, 0xbf, 0xff, 0xff,
  0xff, 0xff, 0xbe, 0x01, 0x20, 0x00, 0x00, 0x48, 0x89, 0xda, 0xe8, 0xad,
  0x0e, 0x00, 0x00, 0x48, 0x89, 0xc1, 0xb8, 0xff, 0xff, 0xff, 0xff, 0x48,
  0x89, 0x0d, 0xc6, 0xf1, 0x00, 0x00, 0x48, 0x85, 0xc9, 0x74, 0x02, 0x31,
  0xc0, 0x48, 0x83, 0xc4, 0x20, 0x5b, 0x41, 0x5e, 0x5d, 0xc3, 0xcc, 0xcc,
  0xcc, 0xcc, 0xcc, 0xcc, 0xcc, 0xcc, 0xcc, 0xcc, 0xcc, 0xcc, 0xcc, 0xcc,
  0x55, 0x48, 0x89, 0xe5, 0x48, 0x83, 0xec, 0x10, 0x48, 0xc7, 0x45, 0xf8,
  0x00, 0x00, 0x00, 0x00, 0x48, 0xc7, 0x45, 0xf0, 0x00, 0x00, 0x00, 0x00,
  0xe8, 0xf3, 0x06, 0x00, 0x00, 0x48, 0x85, 0xc0, 0x74, 0x24, 0x48, 0x83,
  0xc0, 0x40, 0x48, 0x8d, 0x75, 0xf0, 0xba, 0x08, 0x00, 0x00, 0x00, 0x48,
  0x89, 0xc7, 0xe8, 0x79, 0x02, 0x00, 0x00, 0x85, 0xc0, 0x75, 0x0b, 0x48,
  0x8b, 0x7d, 0xf0, 0x48, 0x85, 0xff, 0x75, 0x09, 0xeb, 0x23, 0x31, 0xff,
  0x48, 0x85, 0xff, 0x74, 0x1c, 0x48, 0x83, 0xc7, 0x30, 0x48, 0x8d, 0x75,
  0xf8, 0xba, 0x08, 0x00, 0x00, 0x00, 0xe8, 0x51, 0x02, 0x00, 0x00, 0x85,
  0xc0, 0x75, 0x06, 0x48, 0x8b, 0x45, 0xf8, 0xeb, 0x02, 0x31, 0xc0, 0x48,
  0x83, 0xc4, 0x10, 0x5d, 0xc3, 0xcc, 0xcc, 0xcc, 0xcc, 0xcc, 0xcc, 0xcc,
  0xcc, 0xcc, 0xcc, 0xcc, 0xcc, 0xcc, 0xcc, 0xcc, 0x55, 0x48, 0x89, 0xe5,
  0x41, 0x57, 0x41, 0x56, 0x53, 0x48, 0x83, 0xec, 0x18, 0x89, 0xf3, 0x41,
  0x89, 0xfe, 0x4c, 0x8d, 0x7d, 0xdc, 0x48, 0x89, 0xd7, 0x4c, 0x89, 0xfe,
  0x67, 0xe8, 0x2e, 0xda, 0xff, 0xff, 0x44, 0x89, 0xf7, 0x89, 0xde, 0x4c,
  0x89, 0xfa, 0xe8, 0xd1, 0x0d, 0x00, 0x00, 0x48, 0x83, 0xc4, 0x18, 0x5b,
  0x41, 0x5e, 0x41, 0x5f, 0x5d, 0xc3, 0xcc, 0xcc, 0xcc, 0xcc, 0xcc, 0xcc,
  0x55, 0x48, 0x89, 0xe5, 0x41, 0x57, 0x41, 0x56, 0x41, 0x54, 0x53, 0x48,
  0x83, 0xec, 0x40, 0xc5, 0xf8, 0x57, 0xc0, 0xc5, 0xf8, 0x29, 0x45, 0xc0,
  0xc7, 0x45, 0xd0, 0x00, 0x00, 0x00, 0x00, 0x48, 0x85, 0xff, 0x74, 0x44,
  0x48, 0x85, 0xf6, 0x74, 0x3f, 0x48, 0x85, 0xd2, 0x74, 0x3a, 0x48, 0xc7,
  0x45, 0xcc, 0x00, 0x00, 0x00, 0x40, 0x48, 0x8b, 0x05, 0x13, 0xf1, 0x00,
  0x00, 0xc5, 0xf8, 0x29, 0x45, 0xa0, 0xc7, 0x45, 0xb0, 0x00, 0x00, 0x00,
  0x00, 0x48, 0x89, 0xc1, 0x48, 0xc1, 0xe9, 0x30, 0x75, 0x32, 0x48, 0x8b,
  0x05, 0x8f, 0xf0, 0x00, 0x00, 0x48, 0x85, 0xc0, 0x74, 0x5f, 0xff, 0xd0,
  0xc7, 0x00, 0x0e, 0x00, 0x00, 0x00, 0xeb, 0x55, 0x48, 0x8b, 0x05, 0x79,
  0xf0, 0x00, 0x00, 0x41, 0xbf, 0xff, 0xff, 0xff, 0xff, 0x48, 0x85, 0xc0,
  0x74, 0x49, 0xff, 0xd0, 0xc7, 0x00, 0x16, 0x00, 0x00, 0x00, 0xeb, 0x3f,
  0x49, 0x89, 0xf4, 0x49, 0x89, 0xfe, 0x48, 0x89, 0xd3, 0x48, 0x89, 0x45,
  0xa0, 0x8b, 0x35, 0xfd, 0xed, 0x00, 0x00, 0x4c, 0x8d, 0x45, 0xa0, 0xbf,
  0x69, 0x00, 0x00, 0x00, 0x41, 0xb9, 0x14, 0x00, 0x00, 0x00, 0xba, 0x29,
  0x00, 0x00, 0x00, 0xb9, 0x2e, 0x00, 0x00, 0x00, 0x31, 0xc0, 0x67, 0xe8,
  0x58, 0xd4, 0xff, 0xff, 0x48, 0x85, 0xc0, 0x74, 0x16, 0x41, 0xbf, 0xff,
  0xff, 0xff, 0xff, 0x44, 0x89, 0xf8, 0x48, 0x83, 0xc4, 0x40, 0x5b, 0x41,
  0x5c, 0x41, 0x5e, 0x41, 0x5f, 0x5d, 0xc3, 0x8b, 0x35, 0xbf, 0xed, 0x00,
  0x00, 0x4c, 0x8d, 0x45, 0xc0, 0xbf, 0x69, 0x00, 0x00, 0x00, 0x41, 0xb9,
  0x14, 0x00, 0x00, 0x00, 0xba, 0x29, 0x00, 0x00, 0x00, 0xb9, 0x2e, 0x00,
  0x00, 0x00, 0x31, 0xc0, 0x67, 0xe8, 0x16, 0xd4, 0xff, 0xff, 0x41, 0xbf,
  0xff, 0xff, 0xff, 0xff, 0x48, 0x85, 0xc0, 0x75, 0xbe, 0x48, 0xb9, 0x00,
  0x00, 0x00, 0x00, 0x00, 0x00, 0x01, 0x00, 0xc7, 0x45, 0xc0, 0x00, 0x00,
  0x00, 0x40, 0x4c, 0x89, 0x65, 0xc4, 0x48, 0xc7, 0x45, 0xcc, 0x00, 0x00,
  0x00, 0x00, 0x48, 0x8b, 0x05, 0x27, 0xf0, 0x00, 0x00, 0x48, 0x83, 0xc0,
  0x0c, 0xc5, 0xf8, 0x57, 0xc0, 0xc5, 0xf8, 0x29, 0x45, 0xa0, 0xc7, 0x45,
  0xb0, 0x00, 0x00, 0x00, 0x00, 0x48, 0x39, 0xc8, 0x73, 0x1d, 0x48, 0x8b,
  0x05, 0x9f, 0xef, 0x00, 0x00, 0x48, 0x85, 0xc0, 0x0f, 0x84, 0x71, 0xff,
  0xff, 0xff, 0xff, 0xd0, 0xc7, 0x00, 0x0e, 0x00, 0x00, 0x00, 0xe9, 0x64,
  0xff, 0xff, 0xff, 0x48, 0x89, 0x45, 0xa0, 0x8b, 0x35, 0x2b, 0xed, 0x00,
  0x00, 0x4c, 0x8d, 0x45, 0xa0, 0xbf, 0x69, 0x00, 0x00, 0x00, 0x41, 0xb9,
  0x14, 0x00, 0x00, 0x00, 0xba, 0x29, 0x00, 0x00, 0x00, 0xb9, 0x2e, 0x00,
  0x00, 0x00, 0x31, 0xc0, 0x67, 0xe8, 0x86, 0xd3, 0xff, 0xff, 0x48, 0x85,
  0xc0, 0x0f, 0x85, 0x30, 0xff, 0xff, 0xff, 0x8b, 0x35, 0xff, 0xec, 0x00,
  0x00, 0x4c, 0x8d, 0x45, 0xc0, 0xbf, 0x69, 0x00, 0x00, 0x00, 0x41, 0xb9,
  0x14, 0x00, 0x00, 0x00, 0xba, 0x29, 0x00, 0x00, 0x00, 0xb9, 0x2e, 0x00,
  0x00, 0x00, 0x31, 0xc0, 0x67, 0xe8, 0x56, 0xd3, 0xff, 0xff, 0x48, 0x85,
  0xc0, 0x0f, 0x85, 0x00, 0xff, 0xff, 0xff, 0x8b, 0x35, 0xd7, 0xec, 0x00,
  0x00, 0xbf, 0x04, 0x00, 0x00, 0x00, 0x4c, 0x89, 0xf2, 0x48, 0x89, 0xd9,
  0x31, 0xc0, 0x67, 0xe8, 0x34, 0xd3, 0xff, 0xff, 0x49, 0x89, 0xc7, 0x49,
  0xc1, 0xff, 0x3f, 0xe9, 0xdb, 0xfe, 0xff, 0xff, 0xcc, 0xcc, 0xcc, 0xcc,
  0xcc, 0xcc, 0xcc, 0xcc, 0x55, 0x48, 0x89, 0xe5, 0x41, 0x57, 0x41, 0x56,
  0x41, 0x54, 0x53, 0x48, 0x83, 0xec, 0x40, 0xc5, 0xf8, 0x57, 0xc0, 0xc5,
  0xf8, 0x29, 0x45, 0xc0, 0xc7, 0x45, 0xd0, 0x00, 0x00, 0x00, 0x00, 0x48,
  0x85, 0xff, 0x74, 0x4a, 0x48, 0x85, 0xf6, 0x74, 0x45, 0x48, 0x85, 0xd2,
  0x74, 0x40, 0x48, 0xb8, 0x00, 0x00, 0x00, 0x40, 0x00, 0x00, 0x00, 0x40,
  0x48, 0x89, 0x45, 0xc0, 0x48, 0x8b, 0x05, 0x1d, 0xef, 0x00, 0x00, 0xc5,
  0xf8, 0x29, 0x45, 0xa0, 0xc7, 0x45, 0xb0, 0x00, 0x00, 0x00, 0x00, 0x48,
  0x89, 0xc1, 0x48, 0xc1, 0xe9, 0x30, 0x75, 0x32, 0x48, 0x8b, 0x05, 0x99,
  0xee, 0x00, 0x00, 0x48, 0x85, 0xc0, 0x74, 0x5f, 0xff, 0xd0, 0xc7, 0x00,
  0x0e, 0x00, 0x00, 0x00, 0xeb, 0x55, 0x48, 0x8b, 0x05, 0x83, 0xee, 0x00,
  0x00, 0x41, 0xbf, 0xff, 0xff, 0xff, 0xff, 0x48, 0x85, 0xc0, 0x74, 0x49,
  0xff, 0xd0, 0xc7, 0x00, 0x16, 0x00, 0x00, 0x00, 0xeb, 0x3f, 0x49, 0x89,
  0xfc, 0x49, 0x89, 0xf6, 0x48, 0x89, 0xd3, 0x48, 0x89, 0x45, 0xa0, 0x8b,
  0x35, 0x07, 0xec, 0x00, 0x00, 0x4c, 0x8d, 0x45, 0xa0, 0xbf, 0x69, 0x00,
  0x00, 0x00, 0x41, 0xb9, 0x14, 0x00, 0x00, 0x00, 0xba, 0x29, 0x00, 0x00,
  0x00, 0xb9, 0x2e, 0x00, 0x00, 0x00, 0x31, 0xc0, 0x67, 0xe8, 0x62, 0xd2,
  0xff, 0xff, 0x48, 0x85, 0xc0, 0x74, 0x16, 0x41, 0xbf, 0xff, 0xff, 0xff,
  0xff, 0x44, 0x89, 0xf8, 0x48, 0x83, 0xc4, 0x40, 0x5b, 0x41, 0x5c, 0x41,
  0x5e, 0x41, 0x5f, 0x5d, 0xc3, 0x8b, 0x35, 0xc9, 0xeb, 0x00, 0x00, 0x4c,
  0x8d, 0x45, 0xc0, 0xbf, 0x69, 0x00, 0x00, 0x00, 0x41, 0xb9, 0x14, 0x00,
  0x00, 0x00, 0xba, 0x29, 0x00, 0x00, 0x00, 0xb9, 0x2e, 0x00, 0x00, 0x00,
  0x31, 0xc0, 0x67, 0xe8, 0x20, 0xd2, 0xff, 0xff, 0x41, 0xbf, 0xff, 0xff,
  0xff, 0xff, 0x48, 0x85, 0xc0, 0x75, 0xbe, 0x48, 0xb9, 0x00, 0x00, 0x00,
  0x00, 0x00, 0x00, 0x01, 0x00, 0xc7, 0x45, 0xc0, 0x00, 0x00, 0x00, 0x40,
  0x4c, 0x89, 0x65, 0xc4, 0x48, 0xc7, 0x45, 0xcc, 0x00, 0x00, 0x00, 0x00,
  0x48, 0x8b, 0x05, 0x31, 0xee, 0x00, 0x00, 0x48, 0x83, 0xc0, 0x0c, 0xc5,
  0xf8, 0x57, 0xc0, 0xc5, 0xf8, 0x29, 0x45, 0xa0, 0xc7, 0x45, 0xb0, 0x00,
  0x00, 0x00, 0x00, 0x48, 0x39, 0xc8, 0x73, 0x1d, 0x48, 0x8b, 0x05, 0xa9,
  0xed, 0x00, 0x00, 0x48, 0x85, 0xc0, 0x0f, 0x84, 0x71, 0xff, 0xff, 0xff,
  0xff, 0xd0, 0xc7, 0x00, 0x0e, 0x00, 0x00, 0x00, 0xe9, 0x64, 0xff, 0xff,
  0xff, 0x48, 0x89, 0x45, 0xa0, 0x8b, 0x35, 0x35, 0xeb, 0x00, 0x00, 0x4c,
  0x8d, 0x45, 0xa0, 0xbf, 0x69, 0x00, 0x00, 0x00, 0x41, 0xb9, 0x14, 0x00,
  0x00, 0x00, 0xba, 0x29, 0x00, 0x00, 0x00, 0xb9, 0x2e, 0x00, 0x00, 0x00,
  0x31, 0xc0, 0x67, 0xe8, 0x90, 0xd1, 0xff, 0xff, 0x48, 0x85, 0xc0, 0x0f,
  0x85, 0x30, 0xff, 0xff, 0xff, 0x8b, 0x35, 0x09, 0xeb, 0x00, 0x00, 0x4c,
  0x8d, 0x45, 0xc0, 0xbf, 0x69, 0x00, 0x00, 0x00, 0x41, 0xb9, 0x14, 0x00,
  0x00, 0x00, 0xba, 0x29, 0x00, 0x00, 0x00, 0xb9, 0x2e, 0x00, 0x00, 0x00,
  0x31, 0xc0, 0x67, 0xe8, 0x60, 0xd1, 0xff, 0xff, 0x48, 0x85, 0xc0, 0x0f,
  0x85, 0x00, 0xff, 0xff, 0xff, 0x8b, 0x35, 0xdd, 0xea, 0x00, 0x00, 0xbf,
  0x03, 0x00, 0x00, 0x00, 0x4c, 0x89, 0xf2, 0x48, 0x89, 0xd9, 0x31, 0xc0,
  0x67, 0xe8, 0x3e, 0xd1, 0xff, 0xff, 0x49, 0x89, 0xc7, 0x49, 0xc1, 0xff,
  0x3f, 0xe9, 0xdb, 0xfe, 0xff, 0xff, 0xcc, 0xcc, 0x55, 0x48, 0x89, 0xe5,
  0x48, 0x83, 0xec, 0x10, 0x48, 0x89, 0xf8, 0x48, 0x89, 0x75, 0xf8, 0x48,
  0x8d, 0x7d, 0xf8, 0xba, 0x08, 0x00, 0x00, 0x00, 0x48, 0x89, 0xc6, 0xe8,
  0x00, 0xfc, 0xff, 0xff, 0x48, 0x83, 0xc4, 0x10, 0x5d, 0xc3, 0xcc, 0xcc,
  0xcc, 0xcc, 0xcc, 0xcc, 0xcc, 0xcc, 0xcc, 0xcc, 0x55, 0x48, 0x89, 0xe5,
  0x48, 0x83, 0xec, 0x10, 0x48, 0x89, 0xf8, 0x89, 0x75, 0xfc, 0x48, 0x8d,
  0x7d, 0xfc, 0xba, 0x04, 0x00, 0x00, 0x00, 0x48, 0x89, 0xc6, 0xe8, 0xd1,
  0xfb, 0xff, 0xff, 0x48, 0x83, 0xc4, 0x10, 0x5d, 0xc3, 0xcc, 0xcc, 0xcc,
  0xcc, 0xcc, 0xcc, 0xcc, 0xcc, 0xcc, 0xcc, 0xcc, 0x55, 0x48, 0x89, 0xe5,
  0x48, 0x83, 0xec, 0x10, 0x48, 0x89, 0xf8, 0x66, 0x89, 0x75, 0xfe, 0x48,
  0x8d, 0x7d, 0xfe, 0xba, 0x02, 0x00, 0x00, 0x00, 0x48, 0x89, 0xc6, 0xe8,
  0xa0, 0xfb, 0xff, 0xff, 0x48, 0x83, 0xc4, 0x10, 0x5d, 0xc3, 0xcc, 0xcc,
  0xcc, 0xcc, 0xcc, 0xcc, 0xcc, 0xcc, 0xcc, 0xcc, 0x55, 0x48, 0x89, 0xe5,
  0x48, 0x83, 0xec, 0x10, 0x48, 0x89, 0xf8, 0x40, 0x88, 0x75, 0xff, 0x48,
  0x8d, 0x7d, 0xff, 0xba, 0x01, 0x00, 0x00, 0x00, 0x48, 0x89, 0xc6, 0xe8,
  0x70, 0xfb, 0xff, 0xff, 0x48, 0x83, 0xc4, 0x10, 0x5d, 0xc3, 0xcc, 0xcc,
  0xcc, 0xcc, 0xcc, 0xcc, 0xcc, 0xcc, 0xcc, 0xcc, 0x55, 0x48, 0x89, 0xe5,
  0x48, 0x83, 0xec, 0x10, 0x48, 0xc7, 0x45, 0xf8, 0x00, 0x00, 0x00, 0x00,
  0x48, 0x8d, 0x75, 0xf8, 0xba, 0x08, 0x00, 0x00, 0x00, 0xe8, 0x32, 0xfd,
  0xff, 0xff, 0x48, 0x8b, 0x45, 0xf8, 0x48, 0x83, 0xc4, 0x10, 0x5d, 0xc3,
  0xcc, 0xcc, 0xcc, 0xcc, 0xcc, 0xcc, 0xcc, 0xcc, 0x55, 0x48, 0x89, 0xe5,
  0x48, 0x83, 0xec, 0x10, 0xc7, 0x45, 0xfc, 0x00, 0x00, 0x00, 0x00, 0x48,
  0x8d, 0x75, 0xfc, 0xba, 0x04, 0x00, 0x00, 0x00, 0xe8, 0x03, 0xfd, 0xff,
  0xff, 0x8b, 0x45, 0xfc, 0x48, 0x83, 0xc4, 0x10, 0x5d, 0xc3, 0xcc, 0xcc,
  0xcc, 0xcc, 0xcc, 0xcc, 0xcc, 0xcc, 0xcc, 0xcc, 0x55, 0x48, 0x89, 0xe5,
  0x48, 0x83, 0xec, 0x10, 0x66, 0xc7, 0x45, 0xfe, 0x00, 0x00, 0x48, 0x8d,
  0x75, 0xfe, 0xba, 0x02, 0x00, 0x00, 0x00, 0xe8, 0xd4, 0xfc, 0xff, 0xff,
  0x0f, 0xb7, 0x45, 0xfe, 0x48, 0x83, 0xc4, 0x10, 0x5d, 0xc3, 0xcc, 0xcc,
  0xcc, 0xcc, 0xcc, 0xcc, 0xcc, 0xcc, 0xcc, 0xcc, 0x55, 0x48, 0x89, 0xe5,
  0x48, 0x83, 0xec, 0x10, 0xc6, 0x45, 0xff, 0x00, 0x48, 0x8d, 0x75, 0xff,
  0xba, 0x01, 0x00, 0x00, 0x00, 0xe8, 0xa6, 0xfc, 0xff, 0xff, 0x0f, 0xb6,
  0x45, 0xff, 0x48, 0x83, 0xc4, 0x10, 0x5d, 0xc3, 0xcc, 0xcc, 0xcc, 0xcc,
  0xcc, 0xcc, 0xcc, 0xcc, 0xcc, 0xcc, 0xcc, 0xcc, 0x48, 0x89, 0xfe, 0x48,
  0x8d, 0x05, 0xbe, 0xeb, 0x00, 0x00, 0x48, 0x8b, 0x38, 0xba, 0x10, 0x00,
  0x00, 0x00, 0xe9, 0x79, 0xfc, 0xff, 0xff, 0xcc, 0xcc, 0xcc, 0xcc, 0xcc,
  0xcc, 0xcc, 0xcc, 0xcc, 0x55, 0x48, 0x89, 0xe5, 0x53, 0x50, 0x48, 0x89,
  0xfb, 0x48, 0xc7, 0x45, 0xf0, 0x00, 0x00, 0x00, 0x00, 0x48, 0x8d, 0x4d,
  0xf0, 0xbf, 0x89, 0x02, 0x00, 0x00, 0xbe, 0x02, 0x00, 0x00, 0x00, 0xba,
  0x08, 0x00, 0x00, 0x00, 0x31, 0xc0, 0x67, 0xe8, 0x64, 0xcf, 0xff, 0xff,
  0x48, 0x85, 0xc0, 0x74, 0x1e, 0x48, 0x8d, 0x05, 0x70, 0xeb, 0x00, 0x00,
  0x48, 0x8b, 0x30, 0xba, 0x10, 0x00, 0x00, 0x00, 0x48, 0x89, 0xdf, 0xe8,
  0x38, 0xfa, 0xff, 0xff, 0x48, 0x83, 0xc4, 0x08, 0x5b, 0x5d, 0xc3, 0x48,
  0x8b, 0x45, 0xf0, 0x48, 0x85, 0xc0, 0x74, 0xd9, 0x81, 0x78, 0x14, 0x00,
  0x00, 0x00, 0x07, 0x72, 0xd0, 0x48, 0x8b, 0x0d, 0x00, 0xeb, 0x00, 0x00,
  0xb8, 0xff, 0xff, 0xff, 0xff, 0x48, 0x85, 0xc9, 0x74, 0xd6, 0xff, 0xd1,
  0x48, 0x89, 0xc1, 0xb8, 0xff, 0xff, 0xff, 0xff, 0xc7, 0x01, 0x4e, 0x00,
  0x00, 0x00, 0xeb, 0xc4, 0xcc, 0xcc, 0xcc, 0xcc, 0xcc, 0xcc, 0xcc, 0xcc,
  0xcc, 0xcc, 0xcc, 0xcc, 0x55, 0x48, 0x89, 0xe5, 0x48, 0x83, 0xec, 0x10,
  0x48, 0xc7, 0x45, 0xf8, 0x00, 0x00, 0x00, 0x00, 0x48, 0x8d, 0x05, 0xe1,
  0xea, 0x00, 0x00, 0x48, 0x8b, 0x38, 0x48, 0x8d, 0x75, 0xf8, 0xba, 0x08,
  0x00, 0x00, 0x00, 0xe8, 0xb8, 0xfb, 0xff, 0xff, 0x85, 0xc0, 0x75, 0x06,
  0x48, 0x8b, 0x45, 0xf8, 0xeb, 0x02, 0x31, 0xc0, 0x48, 0x83, 0xc4, 0x10,
  0x5d, 0xc3, 0xcc, 0xcc, 0xcc, 0xcc, 0xcc, 0xcc, 0x55, 0x48, 0x89, 0xe5,
  0x41, 0x57, 0x41, 0x56, 0x53, 0x48, 0x83, 0xec, 0x18, 0x89, 0xfb, 0xc7,
  0x45, 0xdc, 0x00, 0x00, 0x00, 0x00, 0x48, 0xc7, 0x45, 0xe0, 0x00, 0x00,
  0x00, 0x00, 0x48, 0xc7, 0x45, 0xd0, 0x00, 0x00, 0x00, 0x00, 0x85, 0xff,
  0x7e, 0x0e, 0x39, 0x1d, 0xe0, 0xea, 0x00, 0x00, 0x75, 0x1e, 0x31, 0xc0,
  0x31, 0xc9, 0xeb, 0x47, 0xbf, 0x14, 0x00, 0x00, 0x00, 0x31, 0xc0, 0x67,
  0xe8, 0x7b, 0xce, 0xff, 0xff, 0x48, 0x89, 0xc3, 0x39, 0x1d, 0xc2, 0xea,
  0x00, 0x00, 0x74, 0xe2, 0x48, 0x8d, 0x0d, 0xc9, 0xea, 0x00, 0x00, 0x31,
  0xc0, 0x0f, 0x1f, 0x80, 0x00, 0x00, 0x00, 0x00, 0x48, 0x83, 0xf8, 0x63,
  0x74, 0x2f, 0x48, 0x8d, 0x51, 0x10, 0x48, 0xff, 0xc0, 0x39, 0x19, 0x48,
  0x89, 0xd1, 0x75, 0xec, 0x48, 0x8d, 0x48, 0xff, 0x48, 0x83, 0xf9, 0x63,
  0x0f, 0x93, 0xc1, 0x48, 0xc1, 0xe0, 0x04, 0x48, 0x8d, 0x15, 0x86, 0xea,
  0x00, 0x00, 0x48, 0x8b, 0x44, 0x10, 0x08, 0x84, 0xc9, 0x75, 0x09, 0xeb,
  0x25, 0x0f, 0x93, 0xc1, 0x84, 0xc9, 0x74, 0x1e, 0x48, 0x8d, 0x05, 0x0d,
  0xea, 0x00, 0x00, 0x48, 0x8b, 0x38, 0x48, 0x8d, 0x75, 0xe0, 0xba, 0x08,
  0x00, 0x00, 0x00, 0xe8, 0xec, 0xfa, 0xff, 0xff, 0x85, 0xc0, 0x74, 0x0d,
  0x31, 0xc0, 0x48, 0x83, 0xc4, 0x18, 0x5b, 0x41, 0x5e, 0x41, 0x5f, 0x5d,
  0xc3, 0x48, 0x8b, 0x7d, 0xe0, 0x48, 0x85, 0xff, 0x74, 0x51, 0x4c, 0x8d,
  0x75, 0xdc, 0x4c, 0x8d, 0x7d, 0xd0, 0x66, 0x2e, 0x0f, 0x1f, 0x84, 0x00,
  0x00, 0x00, 0x00, 0x00, 0x48, 0x81, 0xc7, 0xbc, 0x00, 0x00, 0x00, 0xba,
  0x04, 0x00, 0x00, 0x00, 0x4c, 0x89, 0xf6, 0xe8, 0xac, 0xfa, 0xff, 0xff,
  0x85, 0xc0, 0x75, 0xc0, 0x3b, 0x5d, 0xdc, 0x74, 0x22, 0x48, 0x8b, 0x7d,
  0xe0, 0xba, 0x08, 0x00, 0x00, 0x00, 0x4c, 0x89, 0xfe, 0xe8, 0x92, 0xfa,
  0xff, 0xff, 0x85, 0xc0, 0x75, 0xa6, 0x48, 0x8b, 0x7d, 0xd0, 0x48, 0x89,
  0x7d, 0xe0, 0x48, 0x85, 0xff, 0x75, 0xc1, 0x48, 0x8b, 0x45, 0xe0, 0x48,
  0x85, 0xc0, 0x74, 0x32, 0x8b, 0x0d, 0x26, 0xe7, 0x00, 0x00, 0x8d, 0x51,
  0x01, 0x31, 0xf6, 0x83, 0xf9, 0x63, 0x0f, 0x4c, 0xf2, 0x89, 0x35, 0x15,
  0xe7, 0x00, 0x00, 0x48, 0x63, 0xce, 0x48, 0xc1, 0xe1, 0x04, 0x48, 0x8d,
  0x15, 0xc3, 0xe9, 0x00, 0x00, 0x89, 0x1c, 0x11, 0x48, 0x89, 0x44, 0x11,
  0x08, 0xe9, 0x60, 0xff, 0xff, 0xff, 0x48, 0x8b, 0x05, 0x37, 0xe9, 0x00,
  0x00, 0x48, 0x85, 0xc0, 0x0f, 0x84, 0x4e, 0xff, 0xff, 0xff, 0xff, 0xd0,
  0xc7, 0x00, 0x03, 0x00, 0x00, 0x00, 0xe9, 0x41, 0xff, 0xff, 0xff, 0xcc,
  0xcc, 0xcc, 0xcc, 0xcc, 0xcc, 0xcc, 0xcc, 0xcc, 0x55, 0x48, 0x89, 0xe5,
  0x41, 0x56, 0x53, 0x48, 0x83, 0xec, 0x10, 0x89, 0x75, 0xe4, 0xe8, 0x6d,
  0xfe, 0xff, 0xff, 0x48, 0x85, 0xc0, 0x0f, 0x84, 0xb1, 0x00, 0x00, 0x00,
  0x83, 0x7d, 0xe4, 0x00, 0x79, 0x17, 0x48, 0x8d, 0x75, 0xe4, 0xbf, 0xb0,
  0x01, 0x00, 0x00, 0x48, 0x89, 0xc3, 0x31, 0xc0, 0x67, 0xe8, 0x0a, 0xcd,
  0xff, 0xff, 0x48, 0x89, 0xd8, 0x48, 0x83, 0xc0, 0x10, 0x48, 0xc7, 0x45,
  0xe8, 0x00, 0x00, 0x00, 0x00, 0x48, 0x8d, 0x75, 0xe8, 0xba, 0x08, 0x00,
  0x00, 0x00, 0x48, 0x89, 0xc7, 0xe8, 0xca, 0xf9, 0xff, 0xff, 0x48, 0x8b,
  0x5d, 0xe8, 0x48, 0x85, 0xdb, 0x74, 0x5a, 0x4c, 0x8d, 0x75, 0xe8, 0x66,
  0x66, 0x66, 0x66, 0x2e, 0x0f, 0x1f, 0x84, 0x00, 0x00, 0x00, 0x00, 0x00,
  0x48, 0x8d, 0xbb, 0x9c, 0x00, 0x00, 0x00, 0x48, 0xc7, 0x45, 0xe8, 0x00,
  0x00, 0x00, 0x00, 0xba, 0x08, 0x00, 0x00, 0x00, 0x4c, 0x89, 0xf6, 0xe8,
  0x94, 0xf9, 0xff, 0xff, 0x8b, 0x45, 0xe4, 0x3b, 0x45, 0xe8, 0x74, 0x3b,
  0x48, 0x83, 0xc3, 0x10, 0x48, 0xc7, 0x45, 0xe8, 0x00, 0x00, 0x00, 0x00,
  0xba, 0x08, 0x00, 0x00, 0x00, 0x48, 0x89, 0xdf, 0x4c, 0x89, 0xf6, 0xe8,
  0x70, 0xf9, 0xff, 0xff, 0x48, 0x8b, 0x5d, 0xe8, 0x48, 0x85, 0xdb, 0x75,
  0xb7, 0x48, 0x8b, 0x05, 0x58, 0xe8, 0x00, 0x00, 0x48, 0x85, 0xc0, 0x74,
  0x08, 0xff, 0xd0, 0xc7, 0x00, 0x16, 0x00, 0x00, 0x00, 0x31, 0xdb, 0x48,
  0x89, 0xd8, 0x48, 0x83, 0xc4, 0x10, 0x5b, 0x41, 0x5e, 0x5d, 0xc3, 0xcc,
  0xcc, 0xcc, 0xcc, 0xcc, 0x55, 0x48, 0x89, 0xe5, 0x41, 0x57, 0x41, 0x56,
  0x41, 0x55, 0x41, 0x54, 0x53, 0x50, 0x49, 0x89, 0xd6, 0x41, 0x89, 0xf4,
  0xe8, 0x87, 0xfd, 0xff, 0xff, 0xbb, 0xff, 0xff, 0xff, 0xff, 0x48, 0x85,
  0xc0, 0x0f, 0x84, 0x8d, 0x00, 0x00, 0x00, 0x48, 0x05, 0xe8, 0x03, 0x00,
  0x00, 0x48, 0x8d, 0x75, 0xd0, 0xba, 0x08, 0x00, 0x00, 0x00, 0x48, 0x89,
  0xc7, 0xe8, 0x02, 0xf9, 0xff, 0xff, 0x85, 0xc0, 0x78, 0x72, 0x4d, 0x8d,
  0x7e, 0x28, 0x45, 0x89, 0xe5, 0x4c, 0x8d, 0x65, 0xd0, 0x0f, 0x1f, 0x00,
  0x48, 0x8b, 0x7d, 0xd0, 0xba, 0x08, 0x00, 0x00, 0x00, 0x4c, 0x89, 0xe6,
  0xe8, 0xdf, 0xf8, 0xff, 0xff, 0x85, 0xc0, 0x78, 0x4f, 0x48, 0x8b, 0x7d,
  0xd0, 0x48, 0x85, 0xff, 0x74, 0x32, 0x48, 0x83, 0xc7, 0x28, 0xba, 0x08,
  0x00, 0x00, 0x00, 0x4c, 0x89, 0xfe, 0xe8, 0xc1, 0xf8, 0xff, 0xff, 0x85,
  0xc0, 0x78, 0x31, 0x4d, 0x39, 0x2f, 0x75, 0xc8, 0x48, 0x8b, 0x7d, 0xd0,
  0xba, 0x80, 0x01, 0x00, 0x00, 0x4c, 0x89, 0xf6, 0xe8, 0xa7, 0xf8, 0xff,
  0xff, 0x89, 0xc3, 0xc1, 0xfb, 0x1f, 0xeb, 0x14, 0x48, 0x8b, 0x05, 0x91,
  0xe7, 0x00, 0x00, 0x48, 0x85, 0xc0, 0x74, 0x08, 0xff, 0xd0, 0xc7, 0x00,
  0x16, 0x00, 0x00, 0x00, 0x89, 0xd8, 0x48, 0x83, 0xc4, 0x08, 0x5b, 0x41,
  0x5c, 0x41, 0x5d, 0x41, 0x5e, 0x41, 0x5f, 0x5d, 0xc3, 0xcc, 0xcc, 0xcc,
  0xcc, 0xcc, 0xcc, 0xcc, 0xcc, 0xcc, 0xcc, 0xcc, 0x55, 0x48, 0x89, 0xe5,
  0x41, 0x57, 0x41, 0x56, 0x41, 0x55, 0x41, 0x54, 0x53, 0x48, 0x83, 0xec,
  0x28, 0x49, 0x89, 0xd6, 0x49, 0x89, 0xf7, 0xe8, 0xb4, 0xfc, 0xff, 0xff,
  0xbb, 0xff, 0xff, 0xff, 0xff, 0x48, 0x85, 0xc0, 0x0f, 0x84, 0xf3, 0x00,
  0x00, 0x00, 0x48, 0x05, 0xe8, 0x03, 0x00, 0x00, 0x48, 0x8d, 0x75, 0xd0,
  0xba, 0x08, 0x00, 0x00, 0x00, 0x48, 0x89, 0xc7, 0xe8, 0x2f, 0xf8, 0xff,
  0xff, 0x85, 0xc0, 0x0f, 0x88, 0xd4, 0x00, 0x00, 0x00, 0x48, 0x8b, 0x7d,
  0xd0, 0x48, 0x8d, 0x75, 0xd0, 0xba, 0x08, 0x00, 0x00, 0x00, 0xe8, 0x15,
  0xf8, 0xff, 0xff, 0x85, 0xc0, 0x0f, 0x88, 0xba, 0x00, 0x00, 0x00, 0x4c,
  0x89, 0x75, 0xc8, 0x4c, 0x8d, 0x65, 0xb0, 0x4c, 0x8d, 0x6d, 0xb8, 0x4c,
  0x8d, 0x75, 0xd0, 0xeb, 0x24, 0x66, 0x66, 0x2e, 0x0f, 0x1f, 0x84, 0x00,
  0x00, 0x00, 0x00, 0x00, 0x48, 0x8b, 0x7d, 0xd0, 0xba, 0x08, 0x00, 0x00,
  0x00, 0x4c, 0x89, 0xf6, 0xe8, 0xdf, 0xf7, 0xff, 0xff, 0x85, 0xc0, 0x0f,
  0x88, 0x84, 0x00, 0x00, 0x00, 0x48, 0x8b, 0x7d, 0xd0, 0x48, 0x85, 0xff,
  0x74, 0x67, 0x48, 0x83, 0xc7, 0x30, 0xba, 0x08, 0x00, 0x00, 0x00, 0x4c,
  0x89, 0xe6, 0xe8, 0xbd, 0xf7, 0xff, 0xff, 0x85, 0xc0, 0x78, 0x66, 0x48,
  0x8b, 0x7d, 0xd0, 0x48, 0x83, 0xc7, 0x38, 0xba, 0x08, 0x00, 0x00, 0x00,
  0x4c, 0x89, 0xee, 0xe8, 0xa4, 0xf7, 0xff, 0xff, 0x85, 0xc0, 0x78, 0x4d,
  0x48, 0x8b, 0x45, 0xb0, 0x4c, 0x39, 0xf8, 0x77, 0xa7, 0x48, 0x03, 0x45,
  0xb8, 0x4c, 0x39, 0xf8, 0x72, 0x9e, 0x48, 0x8b, 0x7d, 0xd0, 0x48, 0x83,
  0xc7, 0x28, 0x48, 0x8d, 0x75, 0xc0, 0xba, 0x08, 0x00, 0x00, 0x00, 0xe8,
  0x78, 0xf7, 0xff, 0xff, 0x85, 0xc0, 0x78, 0x21, 0x8b, 0x45, 0xc0, 0x48,
  0x8b, 0x4d, 0xc8, 0x89, 0x01, 0x31, 0xdb, 0xeb, 0x14, 0x48, 0x8b, 0x05,
  0x58, 0xe6, 0x00, 0x00, 0x48, 0x85, 0xc0, 0x74, 0x08, 0xff, 0xd0, 0xc7,
  0x00, 0x16, 0x00, 0x00, 0x00, 0x89, 0xd8, 0x48, 0x83, 0xc4, 0x28, 0x5b,
  0x41, 0x5c, 0x41, 0x5d, 0x41, 0x5e, 0x41, 0x5f, 0x5d, 0xc3, 0xcc, 0xcc,
  0x55, 0x48, 0x89, 0xe5, 0x41, 0x57, 0x41, 0x56, 0x41, 0x55, 0x41, 0x54,
  0x53, 0x48, 0x81, 0xec, 0x28, 0x04, 0x00, 0x00, 0x49, 0x89, 0xd4, 0x49,
  0x89, 0xf7, 0xe8, 0x81, 0xfb, 0xff, 0xff, 0xbb, 0xff, 0xff, 0xff, 0xff,
  0x48, 0x85, 0xc0, 0x0f, 0x84, 0x93, 0x01, 0x00, 0x00, 0x48, 0x05, 0xe8,
  0x03, 0x00, 0x00, 0x48, 0x8d, 0x75, 0xd0, 0xba, 0x08, 0x00, 0x00, 0x00,
  0x48, 0x89, 0xc7, 0xe8, 0xfc, 0xf6, 0xff, 0xff, 0x85, 0xc0, 0x0f, 0x88,
  0x74, 0x01, 0x00, 0x00, 0x45, 0x31, 0xf6, 0x90, 0x43, 0x80, 0x3c, 0x37,
  0x00, 0x4d, 0x8d, 0x76, 0x01, 0x75, 0xf5, 0x48, 0x8b, 0x7d, 0xd0, 0x48,
  0x8d, 0x75, 0xd0, 0xba, 0x08, 0x00, 0x00, 0x00, 0xe8, 0xd3, 0xf6, 0xff,
  0xff, 0x85, 0xc0, 0x0f, 0x88, 0x4b, 0x01, 0x00, 0x00, 0x4c, 0x89, 0x65,
  0xc8, 0x4d, 0x8d, 0x6e, 0xff, 0xb8, 0x02, 0x00, 0x00, 0x00, 0x4c, 0x29,
  0xf0, 0x48, 0x89, 0x45, 0xc0, 0x4c, 0x8d, 0xa5, 0xb0, 0xfb, 0xff, 0xff,
  0x4d, 0x29, 0xf4, 0xeb, 0x27, 0x44, 0x29, 0xc7, 0x89, 0xf9, 0x85, 0xc9,
  0x0f, 0x84, 0x13, 0x01, 0x00, 0x00, 0x48, 0x8b, 0x7d, 0xd0, 0xba, 0x08,
  0x00, 0x00, 0x00, 0x48, 0x8d, 0x75, 0xd0, 0xe8, 0x8c, 0xf6, 0xff, 0xff,
  0x85, 0xc0, 0x0f, 0x88, 0x04, 0x01, 0x00, 0x00, 0x48, 0x8b, 0x7d, 0xd0,
  0x48, 0x85, 0xff, 0x0f, 0x84, 0xd6, 0x00, 0x00, 0x00, 0x48, 0x83, 0xc7,
  0x08, 0xba, 0x08, 0x00, 0x00, 0x00, 0x48, 0x8d, 0x75, 0xb0, 0xe8, 0x65,
  0xf6, 0xff, 0xff, 0x85, 0xc0, 0x0f, 0x88, 0xdd, 0x00, 0x00, 0x00, 0x48,
  0x8b, 0x7d, 0xb0, 0xba, 0x00, 0x04, 0x00, 0x00, 0x48, 0x8d, 0xb5, 0xb0,
  0xfb, 0xff, 0xff, 0xe8, 0x48, 0xf6, 0xff, 0xff, 0x85, 0xc0, 0x0f, 0x88,
  0xc0, 0x00, 0x00, 0x00, 0x48, 0x8b, 0x7d, 0xd0, 0x48, 0x83, 0xc7, 0x28,
  0xba, 0x08, 0x00, 0x00, 0x00, 0x48, 0x8d, 0x75, 0xb8, 0xe8, 0x2a, 0xf6,
  0xff, 0xff, 0x85, 0xc0, 0x0f, 0x88, 0xa2, 0x00, 0x00, 0x00, 0x48, 0xc7,
  0xc1, 0xff, 0xff, 0xff, 0xff, 0x4c, 0x89, 0xe0, 0x0f, 0x1f, 0x84, 0x00,
  0x00, 0x00, 0x00, 0x00, 0x48, 0xff, 0xc0, 0x80, 0xbc, 0x0d, 0xb1, 0xfb,
  0xff, 0xff, 0x00, 0x48, 0x8d, 0x49, 0x01, 0x75, 0xef, 0x4c, 0x39, 0xe9,
  0x0f, 0x86, 0x58, 0xff, 0xff, 0xff, 0x80, 0x78, 0xff, 0x2f, 0x0f, 0x85,
  0x4e, 0xff, 0xff, 0xff, 0x31, 0xc9, 0x49, 0x83, 0xfe, 0x01, 0x0f, 0x84,
  0x3a, 0xff, 0xff, 0xff, 0x48, 0x8b, 0x55, 0xc0, 0x4c, 0x89, 0xfe, 0x66,
  0x0f, 0x1f, 0x84, 0x00, 0x00, 0x00, 0x00, 0x00, 0x0f, 0xb6, 0x38, 0x44,
  0x0f, 0xb6, 0x06, 0x44, 0x38, 0xc7, 0x0f, 0x85, 0x15, 0xff, 0xff, 0xff,
  0x85, 0xff, 0x0f, 0x84, 0x12, 0xff, 0xff, 0xff, 0x48, 0xff, 0xc6, 0x48,
  0xff, 0xc0, 0x48, 0x8d, 0x7a, 0x01, 0x48, 0x85, 0xd2, 0x48, 0x89, 0xfa,
  0x75, 0xd6, 0xe9, 0xfb, 0xfe, 0xff, 0xff, 0x48, 0x8b, 0x05, 0x92, 0xe4,
  0x00, 0x00, 0x48, 0x85, 0xc0, 0x74, 0x15, 0xff, 0xd0, 0xc7, 0x00, 0x16,
  0x00, 0x00, 0x00, 0xeb, 0x0b, 0x8b, 0x45, 0xb8, 0x48, 0x8b, 0x4d, 0xc8,
  0x89, 0x01, 0x31, 0xdb, 0x89, 0xd8, 0x48, 0x81, 0xc4, 0x28, 0x04, 0x00,
  0x00, 0x5b, 0x41, 0x5c, 0x41, 0x5d, 0x41, 0x5e, 0x41, 0x5f, 0x5d, 0xc3,
  0xcc, 0xcc, 0xcc, 0xcc, 0xcc, 0xcc, 0xcc, 0xcc, 0xcc, 0xcc, 0xcc, 0xcc,
  0x55, 0x48, 0x89, 0xe5, 0x48, 0x81, 0xec, 0x80, 0x01, 0x00, 0x00, 0x48,
  0x8d, 0x95, 0x80, 0xfe, 0xff, 0xff, 0xe8, 0x09, 0xfc, 0xff, 0xff, 0x85,
  0xc0, 0x75, 0x09, 0x48, 0x8b, 0x85, 0x70, 0xff, 0xff, 0xff, 0xeb, 0x02,
  0x31, 0xc0, 0x48, 0x81, 0xc4, 0x80, 0x01, 0x00, 0x00, 0x5d, 0xc3, 0xcc,
  0x55, 0x48, 0x89, 0xe5, 0x41, 0x57, 0x41, 0x56, 0x53, 0x48, 0x81, 0xec,
  0x88, 0x01, 0x00, 0x00, 0x48, 0x89, 0xd3, 0x48, 0x81, 0xf9, 0x00, 0x04,
  0x00, 0x00, 0x41, 0xbe, 0x00, 0x04, 0x00, 0x00, 0x4c, 0x0f, 0x42, 0xf1,
  0x48, 0x8d, 0x95, 0x68, 0xfe, 0xff, 0xff, 0xe8, 0xc0, 0xfb, 0xff, 0xff,
  0x41, 0xbf, 0xff, 0xff, 0xff, 0xff, 0x85, 0xc0, 0x75, 0x1f, 0x48, 0x8b,
  0xbd, 0x70, 0xfe, 0xff, 0xff, 0x48, 0x89, 0xde, 0x4c, 0x89, 0xf2, 0xe8,
  0xe4, 0xf4, 0xff, 0xff, 0x85, 0xc0, 0x78, 0x09, 0x42, 0xc6, 0x44, 0x33,
  0xff, 0x00, 0x45, 0x31, 0xff, 0x44, 0x89, 0xf8, 0x48, 0x81, 0xc4, 0x88,
  0x01, 0x00, 0x00, 0x5b, 0x41, 0x5e, 0x41, 0x5f, 0x5d, 0xc3, 0xcc, 0xcc,
  0xcc, 0xcc, 0xcc, 0xcc, 0x55, 0x48, 0x89, 0xe5, 0x48, 0x81, 0xec, 0x80,
  0x01, 0x00, 0x00, 0x48, 0x8d, 0x95, 0x80, 0xfe, 0xff, 0xff, 0xe8, 0x69,
  0xfb, 0xff, 0xff, 0x85, 0xc0, 0x75, 0x09, 0x48, 0x8b, 0x85, 0x68, 0xff,
  0xff, 0xff, 0xeb, 0x02, 0x31, 0xc0, 0x48, 0x81, 0xc4, 0x80, 0x01, 0x00,
  0x00, 0x5d, 0xc3, 0xcc, 0x55, 0x48, 0x89, 0xe5, 0x48, 0x81, 0xec, 0x80,
  0x01, 0x00, 0x00, 0x48, 0x8d, 0x95, 0x80, 0xfe, 0xff, 0xff, 0xe8, 0x39,
  0xfb, 0xff, 0xff, 0x85, 0xc0, 0x75, 0x09, 0x48, 0x8b, 0x85, 0xe8, 0xfe,
  0xff, 0xff, 0xeb, 0x02, 0x31, 0xc0, 0x48, 0x81, 0xc4, 0x80, 0x01, 0x00,
  0x00, 0x5d, 0xc3, 0xcc, 0x55, 0x48, 0x89, 0xe5, 0x48, 0x81, 0xec, 0x80,
  0x01, 0x00, 0x00, 0x48, 0x8d, 0x95, 0x80, 0xfe, 0xff, 0xff, 0xe8, 0x09,
  0xfb, 0xff, 0xff, 0x85, 0xc0, 0x75, 0x09, 0x48, 0x8b, 0x85, 0xb0, 0xfe,
  0xff, 0xff, 0xeb, 0x02, 0x31, 0xc0, 0x48, 0x81, 0xc4, 0x80, 0x01, 0x00,
  0x00, 0x5d, 0xc3, 0xcc, 0x55, 0x48, 0x89, 0xe5, 0x41, 0x57, 0x41, 0x56,
  0x41, 0x55, 0x41, 0x54, 0x53, 0x48, 0x81, 0xec, 0xa8, 0x02, 0x00, 0x00,
  0x49, 0x89, 0xd6, 0x48, 0x8d, 0x95, 0x38, 0xfd, 0xff, 0xff, 0xe8, 0xcd,
  0xfa, 0xff, 0xff, 0x85, 0xc0, 0x74, 0x18, 0x45, 0x31, 0xe4, 0x4c, 0x89,
  0xe0, 0x48, 0x81, 0xc4, 0xa8, 0x02, 0x00, 0x00, 0x5b, 0x41, 0x5c, 0x41,
  0x5d, 0x41, 0x5e, 0x41, 0x5f, 0x5d, 0xc3, 0x48, 0x8b, 0xbd, 0x80, 0xfe,
  0xff, 0xff, 0x48, 0x8d, 0xb5, 0xb8, 0xfe, 0xff, 0xff, 0xba, 0x20, 0x01,
  0x00, 0x00, 0xe8, 0xd9, 0xf3, 0xff, 0xff, 0x85, 0xc0, 0x78, 0xcc, 0x48,
  0x8b, 0x9d, 0xf8, 0xfe, 0xff, 0xff, 0x48, 0x03, 0x9d, 0xe8, 0xfe, 0xff,
  0xff, 0x48, 0xc7, 0x04, 0x24, 0x00, 0x00, 0x00, 0x00, 0x45, 0x31, 0xe4,
  0xbf, 0xdd, 0x01, 0x00, 0x00, 0x31, 0xf6, 0x48, 0x89, 0xda, 0xb9, 0x03,
  0x00, 0x00, 0x00, 0x41, 0xb8, 0x02, 0x10, 0x00, 0x00, 0x41, 0xb9, 0xff,
  0xff, 0xff, 0xff, 0x31, 0xc0, 0x67, 0xe8, 0xb9, 0xc6, 0xff, 0xff, 0x48,
  0x83, 0xf8, 0xff, 0x74, 0x8d, 0x49, 0x89, 0xc7, 0x48, 0x8b, 0xbd, 0xe0,
  0xfe, 0xff, 0xff, 0x4c, 0x8b, 0xa5, 0xe8, 0xfe, 0xff, 0xff, 0x48, 0x89,
  0xc6, 0x4c, 0x89, 0xe2, 0xe8, 0x77, 0xf3, 0xff, 0xff, 0x85, 0xc0, 0x78,
  0x3c, 0x4d, 0x89, 0xfd, 0x4d, 0x01, 0xe5, 0x48, 0x8b, 0xbd, 0xf0, 0xfe,
  0xff, 0xff, 0x48, 0x8b, 0x95, 0xf8, 0xfe, 0xff, 0xff, 0x4c, 0x89, 0xee,
  0xe8, 0x57, 0xf3, 0xff, 0xff, 0x85, 0xc0, 0x78, 0x1c, 0x48, 0x8b, 0x95,
  0xe8, 0xfe, 0xff, 0xff, 0x48, 0xb8, 0xab, 0xaa, 0xaa, 0xaa, 0xaa, 0xaa,
  0xaa, 0xaa, 0xc4, 0xe2, 0xfb, 0xf6, 0xc0, 0x48, 0x83, 0xfa, 0x18, 0x73,
  0x1b, 0x45, 0x31, 0xe4, 0xbf, 0x49, 0x00, 0x00, 0x00, 0x4c, 0x89, 0xfe,
  0x48, 0x89, 0xda, 0x31, 0xc0, 0x67, 0xe8, 0x41, 0xc6, 0xff, 0xff, 0xe9,
  0x16, 0xff, 0xff, 0xff, 0x48, 0xc1, 0xe8, 0x04, 0x31, 0xc9, 0xeb, 0x12,
  0x41, 0x29, 0xf8, 0x44, 0x89, 0xc7, 0x85, 0xff, 0x74, 0x4e, 0x48, 0xff,
  0xc1, 0x48, 0x39, 0xc1, 0x74, 0xcb, 0x48, 0x8d, 0x14, 0xcd, 0x00, 0x00,
  0x00, 0x00, 0x48, 0x8d, 0x14, 0x52, 0x4d, 0x8b, 0x64, 0x17, 0x08, 0x4d,
  0x85, 0xe4, 0x74, 0xe2, 0x41, 0x8b, 0x14, 0x17, 0x4c, 0x01, 0xea, 0x31,
  0xf6, 0x0f, 0x1f, 0x00, 0x45, 0x0f, 0xb6, 0x04, 0x36, 0x0f, 0xb6, 0x3c,
  0x32, 0x41, 0x38, 0xf8, 0x75, 0xbe, 0x31, 0xff, 0x45, 0x85, 0xc0, 0x74,
  0xbd, 0x4c, 0x8d, 0x46, 0x01, 0x48, 0x83, 0xfe, 0x0a, 0x4c, 0x89, 0xc6,
  0x75, 0xde, 0xeb, 0xae, 0x4c, 0x03, 0xa5, 0x68, 0xfd, 0xff, 0xff, 0xe9,
  0x7c, 0xff, 0xff, 0xff, 0x55, 0x48, 0x89, 0xe5, 0x48, 0x83, 0xec, 0x10,
  0x48, 0xc7, 0x45, 0xf8, 0x00, 0x00, 0x00, 0x00, 0xe8, 0xfb, 0xf6, 0xff,
  0xff, 0x48, 0x85, 0xc0, 0x74, 0x1f, 0x48, 0x83, 0xc0, 0x40, 0x48, 0x8d,
  0x75, 0xf8, 0xba, 0x08, 0x00, 0x00, 0x00, 0x48, 0x89, 0xc7, 0xe8, 0x81,
  0xf2, 0xff, 0xff, 0x85, 0xc0, 0x75, 0x06, 0x48, 0x8b, 0x45, 0xf8, 0xeb,
  0x02, 0x31, 0xc0, 0x48, 0x83, 0xc4, 0x10, 0x5d, 0xc3, 0xcc, 0xcc, 0xcc,
  0xcc, 0xcc, 0xcc, 0xcc, 0xcc, 0xcc, 0xcc, 0xcc, 0xcc, 0xcc, 0xcc, 0xcc,
  0x55, 0x48, 0x89, 0xe5, 0x48, 0x83, 0xec, 0x10, 0x48, 0xc7, 0x45, 0xf8,
  0x00, 0x00, 0x00, 0x00, 0x48, 0xc7, 0x45, 0xf0, 0x00, 0x00, 0x00, 0x00,
  0xe8, 0xa3, 0xf6, 0xff, 0xff, 0x48, 0x85, 0xc0, 0x74, 0x24, 0x48, 0x83,
  0xc0, 0x40, 0x48, 0x8d, 0x75, 0xf0, 0xba, 0x08, 0x00, 0x00, 0x00, 0x48,
  0x89, 0xc7, 0xe8, 0x29, 0xf2, 0xff, 0xff, 0x85, 0xc0, 0x75, 0x0b, 0x48,
  0x8b, 0x7d, 0xf0, 0x48, 0x85, 0xff, 0x75, 0x09, 0xeb, 0x23, 0x31, 0xff,
  0x48, 0x85, 0xff, 0x74, 0x1c, 0x48, 0x83, 0xc7, 0x58, 0x48, 0x8d, 0x75,
  0xf8, 0xba, 0x08, 0x00, 0x00, 0x00, 0xe8, 0x01, 0xf2, 0xff, 0xff, 0x85,
  0xc0, 0x75, 0x06, 0x48, 0x8b, 0x45, 0xf8, 0xeb, 0x02, 0x31, 0xc0, 0x48,
  0x83, 0xc4, 0x10, 0x5d, 0xc3, 0xcc, 0xcc, 0xcc, 0xcc, 0xcc, 0xcc, 0xcc,
  0xcc, 0xcc, 0xcc, 0xcc, 0xcc, 0xcc, 0xcc, 0xcc, 0x55, 0x48, 0x89, 0xe5,
  0x48, 0x83, 0xec, 0x10, 0x48, 0x89, 0x75, 0xf0, 0x48, 0xc7, 0x45, 0xf8,
  0x00, 0x00, 0x00, 0x00, 0xe8, 0x27, 0xf6, 0xff, 0xff, 0x48, 0x85, 0xc0,
  0x74, 0x29, 0x48, 0x83, 0xc0, 0x40, 0x48, 0x8d, 0x75, 0xf8, 0xba, 0x08,
  0x00, 0x00, 0x00, 0x48, 0x89, 0xc7, 0xe8, 0xad, 0xf1, 0xff, 0xff, 0x85,
  0xc0, 0x75, 0x10, 0x48, 0x8b, 0x75, 0xf8, 0x48, 0x85, 0xf6, 0x75, 0x0e,
  0xb8, 0xff, 0xff, 0xff, 0xff, 0xeb, 0x1d, 0x31, 0xf6, 0x48, 0x85, 0xf6,
  0x74, 0xf2, 0x48, 0x83, 0xc6, 0x30, 0x48, 0x8d, 0x7d, 0xf0, 0xba, 0x08,
  0x00, 0x00, 0x00, 0xe8, 0x90, 0xef, 0xff, 0xff, 0xf7, 0xd8, 0x19, 0xc0,
  0x48, 0x83, 0xc4, 0x10, 0x5d, 0xc3, 0xcc, 0xcc, 0xcc, 0xcc, 0xcc, 0xcc,
  0x55, 0x48, 0x89, 0xe5, 0x48, 0x83, 0xec, 0x10, 0x48, 0x89, 0x75, 0xf0,
  0x48, 0xc7, 0x45, 0xf8, 0x00, 0x00, 0x00, 0x00, 0xe8, 0xb7, 0xf5, 0xff,
  0xff, 0x48, 0x85, 0xc0, 0x74, 0x29, 0x48, 0x83, 0xc0, 0x40, 0x48, 0x8d,
  0x75, 0xf8, 0xba, 0x08, 0x00, 0x00, 0x00, 0x48, 0x89, 0xc7, 0xe8, 0x3d,
  0xf1, 0xff, 0xff, 0x85, 0xc0, 0x75, 0x10, 0x48, 0x8b, 0x75, 0xf8, 0x48,
  0x85, 0xf6, 0x75, 0x0e, 0xb8, 0xff, 0xff, 0xff, 0xff, 0xeb, 0x1d, 0x31,
  0xf6, 0x48, 0x85, 0xf6, 0x74, 0xf2, 0x48, 0x83, 0xc6, 0x58, 0x48, 0x8d,
  0x7d, 0xf0, 0xba, 0x08, 0x00, 0x00, 0x00, 0xe8, 0x20, 0xef, 0xff, 0xff,
  0xf7, 0xd8, 0x19, 0xc0, 0x48, 0x83, 0xc4, 0x10, 0x5d, 0xc3, 0xcc, 0xcc,
  0xcc, 0xcc, 0xcc, 0xcc, 0x55, 0x48, 0x89, 0xe5, 0x53, 0x50, 0x48, 0x89,
  0xf3, 0x48, 0xc7, 0x45, 0xf0, 0x00, 0x00, 0x00, 0x00, 0xe8, 0x4a, 0xf5,
  0xff, 0xff, 0x48, 0x85, 0xc0, 0x74, 0x29, 0x48, 0x83, 0xc0, 0x40, 0x48,
  0x8d, 0x75, 0xf0, 0xba, 0x08, 0x00, 0x00, 0x00, 0x48, 0x89, 0xc7, 0xe8,
  0xd0, 0xf0, 0xff, 0xff, 0x85, 0xc0, 0x75, 0x10, 0x48, 0x8b, 0x7d, 0xf0,
  0x48, 0x85, 0xff, 0x75, 0x0e, 0xb8, 0xff, 0xff, 0xff, 0xff, 0xeb, 0x1c,
  0x31, 0xff, 0x48, 0x85, 0xff, 0x74, 0xf2, 0x48, 0x83, 0xc7, 0x60, 0xba,
  0x10, 0x00, 0x00, 0x00, 0x48, 0x89, 0xde, 0xe8, 0xa4, 0xf0, 0xff, 0xff,
  0xf7, 0xd8, 0x19, 0xc0, 0x48, 0x83, 0xc4, 0x08, 0x5b, 0x5d, 0xc3, 0xcc,
  0xcc, 0xcc, 0xcc, 0xcc, 0xcc, 0xcc, 0xcc, 0xcc, 0x55, 0x48, 0x89, 0xe5,
  0x53, 0x50, 0x48, 0x89, 0xf3, 0x48, 0xc7, 0x45, 0xf0, 0x00, 0x00, 0x00,
  0x00, 0xe8, 0xda, 0xf4, 0xff, 0xff, 0x48, 0x85, 0xc0, 0x74, 0x29, 0x48,
  0x83, 0xc0, 0x40, 0x48, 0x8d, 0x75, 0xf0, 0xba, 0x08, 0x00, 0x00, 0x00,
  0x48, 0x89, 0xc7, 0xe8, 0x60, 0xf0, 0xff, 0xff, 0x85, 0xc0, 0x75, 0x10,
  0x48, 0x8b, 0x75, 0xf0, 0x48, 0x85, 0xf6, 0x75, 0x0e, 0xb8, 0xff, 0xff,
  0xff, 0xff, 0xeb, 0x1c, 0x31, 0xf6, 0x48, 0x85, 0xf6, 0x74, 0xf2, 0x48,
  0x83, 0xc6, 0x60, 0xba, 0x10, 0x00, 0x00, 0x00, 0x48, 0x89, 0xdf, 0xe8,
  0x44, 0xee, 0xff, 0xff, 0xf7, 0xd8, 0x19, 0xc0, 0x48, 0x83, 0xc4, 0x08,
  0x5b, 0x5d, 0xc3, 0xcc, 0xcc, 0xcc, 0xcc, 0xcc, 0xcc, 0xcc, 0xcc, 0xcc,
  0x55, 0x48, 0x89, 0xe5, 0x53, 0x50, 0x48, 0x89, 0xf3, 0x48, 0xc7, 0x45,
  0xf0, 0x00, 0x00, 0x00, 0x00, 0xe8, 0x6a, 0xf4, 0xff, 0xff, 0x48, 0x85,
  0xc0, 0x74, 0x29, 0x48, 0x83, 0xc0, 0x40, 0x48, 0x8d, 0x75, 0xf0, 0xba,
  0x08, 0x00, 0x00, 0x00, 0x48, 0x89, 0xc7, 0xe8, 0xf0, 0xef, 0xff, 0xff,
  0x85, 0xc0, 0x75, 0x10, 0x48, 0x8b, 0x7d, 0xf0, 0x48, 0x85, 0xff, 0x75,
  0x0e, 0xb8, 0xff, 0xff, 0xff, 0xff, 0xeb, 0x1c, 0x31, 0xff, 0x48, 0x85,
  0xff, 0x74, 0xf2, 0x48, 0x83, 0xef, 0x80, 0xba, 0x20, 0x00, 0x00, 0x00,
  0x48, 0x89, 0xde, 0xe8, 0xc4, 0xef, 0xff, 0xff, 0xf7, 0xd8, 0x19, 0xc0,
  0x48, 0x83, 0xc4, 0x08, 0x5b, 0x5d, 0xc3, 0xcc, 0xcc, 0xcc, 0xcc, 0xcc,
  0xcc, 0xcc, 0xcc, 0xcc, 0x55, 0x48, 0x89, 0xe5, 0x53, 0x50, 0x48, 0x89,
  0xf3, 0x48, 0xc7, 0x45, 0xf0, 0x00, 0x00, 0x00, 0x00, 0xe8, 0xfa, 0xf3,
  0xff, 0xff, 0x48, 0x85, 0xc0, 0x74, 0x29, 0x48, 0x83, 0xc0, 0x40, 0x48,
  0x8d, 0x75, 0xf0, 0xba, 0x08, 0x00, 0x00, 0x00, 0x48, 0x89, 0xc7, 0xe8,
  0x80, 0xef, 0xff, 0xff, 0x85, 0xc0, 0x75, 0x10, 0x48, 0x8b, 0x75, 0xf0,
  0x48, 0x85, 0xf6, 0x75, 0x0e, 0xb8, 0xff, 0xff, 0xff, 0xff, 0xeb, 0x1c,
  0x31, 0xf6, 0x48, 0x85, 0xf6, 0x74, 0xf2, 0x48, 0x83, 0xee, 0x80, 0xba,
  0x20, 0x00, 0x00, 0x00, 0x48, 0x89, 0xdf, 0xe8, 0x64, 0xed, 0xff, 0xff,
  0xf7, 0xd8, 0x19, 0xc0, 0x48, 0x83, 0xc4, 0x08, 0x5b, 0x5d, 0xc3, 0xcc,
  0xcc, 0xcc, 0xcc, 0xcc, 0xcc, 0xcc, 0xcc, 0xcc, 0x55, 0x48, 0x89, 0xe5,
  0x48, 0x83, 0xec, 0x10, 0xc7, 0x45, 0xfc, 0xff, 0xff, 0xff, 0xff, 0x48,
  0xc7, 0x45, 0xf0, 0x00, 0x00, 0x00, 0x00, 0xe8, 0x84, 0xf3, 0xff, 0xff,
  0x48, 0x85, 0xc0, 0x74, 0x29, 0x48, 0x83, 0xc0, 0x40, 0x48, 0x8d, 0x75,
  0xf0, 0xba, 0x08, 0x00, 0x00, 0x00, 0x48, 0x89, 0xc7, 0xe8, 0x0a, 0xef,
  0xff, 0xff, 0x85, 0xc0, 0x75, 0x10, 0x48, 0x8b, 0x7d, 0xf0, 0x48, 0x85,
  0xff, 0x75, 0x0e, 0xb8, 0xff, 0xff, 0xff, 0xff, 0xeb, 0x20, 0x31, 0xff,
  0x48, 0x85, 0xff, 0x74, 0xf2, 0x48, 0x83, 0xc7, 0x04, 0x48, 0x8d, 0x75,
  0xfc, 0xba, 0x04, 0x00, 0x00, 0x00, 0xe8, 0xdd, 0xee, 0xff, 0xff, 0xf7,
  0xd8, 0x19, 0xc0, 0x0b, 0x45, 0xfc, 0x48, 0x83, 0xc4, 0x10, 0x5d, 0xc3,
  0x55, 0x48, 0x89, 0xe5, 0x48, 0x83, 0xec, 0x10, 0x89, 0x75, 0xfc, 0x48,
  0xc7, 0x45, 0xf0, 0x00, 0x00, 0x00, 0x00, 0xe8, 0x18, 0xf3, 0xff, 0xff,
  0x48, 0x85, 0xc0, 0x74, 0x29, 0x48, 0x83, 0xc0, 0x40, 0x48, 0x8d, 0x75,
  0xf0, 0xba, 0x08, 0x00, 0x00, 0x00, 0x48, 0x89, 0xc7, 0xe8, 0x9e, 0xee,
  0xff, 0xff, 0x85, 0xc0, 0x75, 0x10, 0x48, 0x8b, 0x75, 0xf0, 0x48, 0x85,
  0xf6, 0x75, 0x0e, 0xb8, 0xff, 0xff, 0xff, 0xff, 0xeb, 0x1d, 0x31, 0xf6,
  0x48, 0x85, 0xf6, 0x74, 0xf2, 0x48, 0x83, 0xc6, 0x04, 0x48, 0x8d, 0x7d,
  0xfc, 0xba, 0x04, 0x00, 0x00, 0x00, 0xe8, 0x81, 0xec, 0xff, 0xff, 0xf7,
  0xd8, 0x19, 0xc0, 0x48, 0x83, 0xc4, 0x10, 0x5d, 0xc3, 0xcc, 0xcc, 0xcc,
  0xcc, 0xcc, 0xcc, 0xcc, 0x55, 0x48, 0x89, 0xe5, 0x48, 0x83, 0xec, 0x10,
  0xc7, 0x45, 0xfc, 0xff, 0xff, 0xff, 0xff, 0x48, 0xc7, 0x45, 0xf0, 0x00,
  0x00, 0x00, 0x00, 0xe8, 0xa4, 0xf2, 0xff, 0xff, 0x48, 0x85, 0xc0, 0x74,
  0x29, 0x48, 0x83, 0xc0, 0x40, 0x48, 0x8d, 0x75, 0xf0, 0xba, 0x08, 0x00,
  0x00, 0x00, 0x48, 0x89, 0xc7, 0xe8, 0x2a, 0xee, 0xff, 0xff, 0x85, 0xc0,
  0x75, 0x10, 0x48, 0x8b, 0x7d, 0xf0, 0x48, 0x85, 0xff, 0x75, 0x0e, 0xb8,
  0xff, 0xff, 0xff, 0xff, 0xeb, 0x20, 0x31, 0xff, 0x48, 0x85, 0xff, 0x74,
  0xf2, 0x48, 0x83, 0xc7, 0x08, 0x48, 0x8d, 0x75, 0xfc, 0xba, 0x04, 0x00,
  0x00, 0x00, 0xe8, 0xfd, 0xed, 0xff, 0xff, 0xf7, 0xd8, 0x19, 0xc0, 0x0b,
  0x45, 0xfc, 0x48, 0x83, 0xc4, 0x10, 0x5d, 0xc3, 0x55, 0x48, 0x89, 0xe5,
  0x48, 0x83, 0xec, 0x10, 0x89, 0x75, 0xfc, 0x48, 0xc7, 0x45, 0xf0, 0x00,
  0x00, 0x00, 0x00, 0xe8, 0x38, 0xf2, 0xff, 0xff, 0x48, 0x85, 0xc0, 0x74,
  0x29, 0x48, 0x83, 0xc0, 0x40, 0x48, 0x8d, 0x75, 0xf0, 0xba, 0x08, 0x00,
  0x00, 0x00, 0x48, 0x89, 0xc7, 0xe8, 0xbe, 0xed, 0xff, 0xff, 0x85, 0xc0,
  0x75, 0x10, 0x48, 0x8b, 0x75, 0xf0, 0x48, 0x85, 0xf6, 0x75, 0x0e, 0xb8,
  0xff, 0xff, 0xff, 0xff, 0xeb, 0x1d, 0x31, 0xf6, 0x48, 0x85, 0xf6, 0x74,
  0xf2, 0x48, 0x83, 0xc6, 0x08, 0x48, 0x8d, 0x7d, 0xfc, 0xba, 0x04, 0x00,
  0x00, 0x00, 0xe8, 0xa1, 0xeb, 0xff, 0xff, 0xf7, 0xd8, 0x19, 0xc0, 0x48,
  0x83, 0xc4, 0x10, 0x5d, 0xc3, 0xcc, 0xcc, 0xcc, 0xcc, 0xcc, 0xcc, 0xcc,
  0x55, 0x48, 0x89, 0xe5, 0x48, 0x83, 0xec, 0x10, 0xc7, 0x45, 0xfc, 0xff,
  0xff, 0xff, 0xff, 0x48, 0xc7, 0x45, 0xf0, 0x00, 0x00, 0x00, 0x00, 0xe8,
  0xc4, 0xf1, 0xff, 0xff, 0x48, 0x85, 0xc0, 0x74, 0x29, 0x48, 0x83, 0xc0,
  0x40, 0x48, 0x8d, 0x75, 0xf0, 0xba, 0x08, 0x00, 0x00, 0x00, 0x48, 0x89,
  0xc7, 0xe8, 0x4a, 0xed, 0xff, 0xff, 0x85, 0xc0, 0x75, 0x10, 0x48, 0x8b,
  0x7d, 0xf0, 0x48, 0x85, 0xff, 0x75, 0x0e, 0xb8, 0xff, 0xff, 0xff, 0xff,
  0xeb, 0x20, 0x31, 0xff, 0x48, 0x85, 0xff, 0x74, 0xf2, 0x48, 0x83, 0xc7,
  0x0c, 0x48, 0x8d, 0x75, 0xfc, 0xba, 0x04, 0x00, 0x00, 0x00, 0xe8, 0x1d,
  0xed, 0xff, 0xff, 0xf7, 0xd8, 0x19, 0xc0, 0x0b, 0x45, 0xfc, 0x48, 0x83,
  0xc4, 0x10, 0x5d, 0xc3, 0x55, 0x48, 0x89, 0xe5, 0x48, 0x83, 0xec, 0x10,
  0x89, 0x75, 0xfc, 0x48, 0xc7, 0x45, 0xf0, 0x00, 0x00, 0x00, 0x00, 0xe8,
  0x58, 0xf1, 0xff, 0xff, 0x48, 0x85, 0xc0, 0x74, 0x29, 0x48, 0x83, 0xc0,
  0x40, 0x48, 0x8d, 0x75, 0xf0, 0xba, 0x08, 0x00, 0x00, 0x00, 0x48, 0x89,
  0xc7, 0xe8, 0xde, 0xec, 0xff, 0xff, 0x85, 0xc0, 0x75, 0x10, 0x48, 0x8b,
  0x75, 0xf0, 0x48, 0x85, 0xf6, 0x75, 0x0e, 0xb8, 0xff, 0xff, 0xff, 0xff,
  0xeb, 0x1d, 0x31, 0xf6, 0x48, 0x85, 0xf6, 0x74, 0xf2, 0x48, 0x83, 0xc6,
  0x0c, 0x48, 0x8d, 0x7d, 0xfc, 0xba, 0x04, 0x00, 0x00, 0x00, 0xe8, 0xc1,
  0xea, 0xff, 0xff, 0xf7, 0xd8, 0x19, 0xc0, 0x48, 0x83, 0xc4, 0x10, 0x5d,
  0xc3, 0xcc, 0xcc, 0xcc, 0xcc, 0xcc, 0xcc, 0xcc, 0x55, 0x48, 0x89, 0xe5,
  0x48, 0x83, 0xec, 0x10, 0xc7, 0x45, 0xfc, 0xff, 0xff, 0xff, 0xff, 0x48,
  0xc7, 0x45, 0xf0, 0x00, 0x00, 0x00, 0x00, 0xe8, 0xe4, 0xf0, 0xff, 0xff,
  0x48, 0x85, 0xc0, 0x74, 0x29, 0x48, 0x83, 0xc0, 0x40, 0x48, 0x8d, 0x75,
  0xf0, 0xba, 0x08, 0x00, 0x00, 0x00, 0x48, 0x89, 0xc7, 0xe8, 0x6a, 0xec,
  0xff, 0xff, 0x85, 0xc0, 0x75, 0x10, 0x48, 0x8b, 0x7d, 0xf0, 0x48, 0x85,
  0xff, 0x75, 0x0e, 0xb8, 0xff, 0xff, 0xff, 0xff, 0xeb, 0x20, 0x31, 0xff,
  0x48, 0x85, 0xff, 0x74, 0xf2, 0x48, 0x83, 0xc7, 0x14, 0x48, 0x8d, 0x75,
  0xfc, 0xba, 0x04, 0x00, 0x00, 0x00, 0xe8, 0x3d, 0xec, 0xff, 0xff, 0xf7,
  0xd8, 0x19, 0xc0, 0x0b, 0x45, 0xfc, 0x48, 0x83, 0xc4, 0x10, 0x5d, 0xc3,
  0x55, 0x48, 0x89, 0xe5, 0x48, 0x83, 0xec, 0x10, 0x89, 0x75, 0xfc, 0x48,
  0xc7, 0x45, 0xf0, 0x00, 0x00, 0x00, 0x00, 0xe8, 0x78, 0xf0, 0xff, 0xff,
  0x48, 0x85, 0xc0, 0x74, 0x29, 0x48, 0x83, 0xc0, 0x40, 0x48, 0x8d, 0x75,
  0xf0, 0xba, 0x08, 0x00, 0x00, 0x00, 0x48, 0x89, 0xc7, 0xe8, 0xfe, 0xeb,
  0xff, 0xff, 0x85, 0xc0, 0x75, 0x10, 0x48, 0x8b, 0x75, 0xf0, 0x48, 0x85,
  0xf6, 0x75, 0x0e, 0xb8, 0xff, 0xff, 0xff, 0xff, 0xeb, 0x1d, 0x31, 0xf6,
  0x48, 0x85, 0xf6, 0x74, 0xf2, 0x48, 0x83, 0xc6, 0x14, 0x48, 0x8d, 0x7d,
  0xfc, 0xba, 0x04, 0x00, 0x00, 0x00, 0xe8, 0xe1, 0xe9, 0xff, 0xff, 0xf7,
  0xd8, 0x19, 0xc0, 0x48, 0x83, 0xc4, 0x10, 0x5d, 0xc3, 0xcc, 0xcc, 0xcc,
  0xcc, 0xcc, 0xcc, 0xcc, 0x55, 0x48, 0x89, 0xe5, 0x48, 0x83, 0xec, 0x10,
  0xc7, 0x45, 0xfc, 0xff, 0xff, 0xff, 0xff, 0x48, 0xc7, 0x45, 0xf0, 0x00,
  0x00, 0x00, 0x00, 0xe8, 0x04, 0xf0, 0xff, 0xff, 0x48, 0x85, 0xc0, 0x74,
  0x29, 0x48, 0x83, 0xc0, 0x40, 0x48, 0x8d, 0x75, 0xf0, 0xba, 0x08, 0x00,
  0x00, 0x00, 0x48, 0x89, 0xc7, 0xe8, 0x8a, 0xeb, 0xff, 0xff, 0x85, 0xc0,
  0x75, 0x10, 0x48, 0x8b, 0x7d, 0xf0, 0x48, 0x85, 0xff, 0x75, 0x0e, 0xb8,
  0xff, 0xff, 0xff, 0xff, 0xeb, 0x20, 0x31, 0xff, 0x48, 0x85, 0xff, 0x74,
  0xf2, 0x48, 0x83, 0xc7, 0x18, 0x48, 0x8d, 0x75, 0xfc, 0xba, 0x04, 0x00,
  0x00, 0x00, 0xe8, 0x5d, 0xeb, 0xff, 0xff, 0xf7, 0xd8, 0x19, 0xc0, 0x0b,
  0x45, 0xfc, 0x48, 0x83, 0xc4, 0x10, 0x5d, 0xc3, 0x55, 0x48, 0x89, 0xe5,
  0x48, 0x83, 0xec, 0x10, 0x89, 0x75, 0xfc, 0x48, 0xc7, 0x45, 0xf0, 0x00,
  0x00, 0x00, 0x00, 0xe8, 0x98, 0xef, 0xff, 0xff, 0x48, 0x85, 0xc0, 0x74,
  0x29, 0x48, 0x83, 0xc0, 0x40, 0x48, 0x8d, 0x75, 0xf0, 0xba, 0x08, 0x00,
  0x00, 0x00, 0x48, 0x89, 0xc7, 0xe8, 0x1e, 0xeb, 0xff, 0xff, 0x85, 0xc0,
  0x75, 0x10, 0x48, 0x8b, 0x75, 0xf0, 0x48, 0x85, 0xf6, 0x75, 0x0e, 0xb8,
  0xff, 0xff, 0xff, 0xff, 0xeb, 0x1d, 0x31, 0xf6, 0x48, 0x85, 0xf6, 0x74,
  0xf2, 0x48, 0x83, 0xc6, 0x18, 0x48, 0x8d, 0x7d, 0xfc, 0xba, 0x04, 0x00,
  0x00, 0x00, 0xe8, 0x01, 0xe9, 0xff, 0xff, 0xf7, 0xd8, 0x19, 0xc0, 0x48,
  0x83, 0xc4, 0x10, 0x5d, 0xc3, 0xcc, 0xcc, 0xcc, 0xcc, 0xcc, 0xcc, 0xcc,
  0x55, 0x48, 0x89, 0xe5, 0x48, 0x83, 0xec, 0x10, 0x48, 0xc7, 0x45, 0xf8,
  0x00, 0x00, 0x00, 0x00, 0xe8, 0x2b, 0xef, 0xff, 0xff, 0x48, 0x85, 0xc0,
  0x74, 0x1f, 0x48, 0x83, 0xc0, 0x48, 0x48, 0x8d, 0x75, 0xf8, 0xba, 0x08,
  0x00, 0x00, 0x00, 0x48, 0x89, 0xc7, 0xe8, 0xb1, 0xea, 0xff, 0xff, 0x85,
  0xc0, 0x75, 0x06, 0x48, 0x8b, 0x45, 0xf8, 0xeb, 0x02, 0x31, 0xc0, 0x48,
  0x83, 0xc4, 0x10, 0x5d, 0xc3, 0xcc, 0xcc, 0xcc, 0xcc, 0xcc, 0xcc, 0xcc,
  0xcc, 0xcc, 0xcc, 0xcc, 0xcc, 0xcc, 0xcc, 0xcc, 0x55, 0x48, 0x89, 0xe5,
  0x41, 0x57, 0x41, 0x56, 0x41, 0x54, 0x53, 0x48, 0x83, 0xec, 0x20, 0x48,
  0x89, 0xf3, 0xe8, 0xd9, 0xee, 0xff, 0xff, 0x48, 0x85, 0xc0, 0x74, 0x3b,
  0x48, 0x05, 0x00, 0x02, 0x00, 0x00, 0x48, 0x8d, 0x75, 0xc0, 0xba, 0x08,
  0x00, 0x00, 0x00, 0x48, 0x89, 0xc7, 0xe8, 0x5d, 0xea, 0xff, 0xff, 0x85,
  0xc0, 0x75, 0x20, 0x48, 0x8d, 0x05, 0xa2, 0xd9, 0x00, 0x00, 0x48, 0x8b,
  0x38, 0x48, 0x03, 0x7d, 0xc0, 0x48, 0x8d, 0x75, 0xd8, 0xba, 0x08, 0x00,
  0x00, 0x00, 0xe8, 0x3d, 0xea, 0xff, 0xff, 0x85, 0xc0, 0x74, 0x0f, 0x31,
  0xc0, 0x48, 0x83, 0xc4, 0x20, 0x5b, 0x41, 0x5c, 0x41, 0x5e, 0x41, 0x5f,
  0x5d, 0xc3, 0x48, 0x8b, 0x7d, 0xd8, 0x48, 0x85, 0xff, 0x0f, 0x84, 0x7f,
  0x00, 0x00, 0x00, 0x4c, 0x8d, 0x75, 0xc8, 0x4c, 0x8d, 0x7d, 0xd0, 0x4c,
  0x8d, 0x65, 0xd8, 0x90, 0x48, 0x83, 0xc7, 0x20, 0xba, 0x08, 0x00, 0x00,
  0x00, 0x4c, 0x89, 0xf6, 0xe8, 0xff, 0xe9, 0xff, 0xff, 0x85, 0xc0, 0x75,
  0xc2, 0x48, 0x8b, 0x7d, 0xd8, 0x48, 0x83, 0xc7, 0x28, 0xba, 0x08, 0x00,
  0x00, 0x00, 0x4c, 0x89, 0xfe, 0xe8, 0xe6, 0xe9, 0xff, 0xff, 0x85, 0xc0,
  0x75, 0xa9, 0x48, 0x39, 0x5d, 0xc8, 0x76, 0x0f, 0x48, 0x8b, 0x7d, 0xd8,
  0x48, 0x83, 0xc7, 0x10, 0xba, 0x08, 0x00, 0x00, 0x00, 0xeb, 0x16, 0x48,
  0x8b, 0x45, 0xd8, 0x48, 0x39, 0x5d, 0xd0, 0x77, 0x8c, 0x48, 0x83, 0xc0,
  0x18, 0xba, 0x08, 0x00, 0x00, 0x00, 0x48, 0x89, 0xc7, 0x4c, 0x89, 0xe6,
  0xe8, 0xaf, 0xe9, 0xff, 0xff, 0x85, 0xc0, 0x0f, 0x85, 0x6e, 0xff, 0xff,
  0xff, 0x48, 0x8b, 0x7d, 0xd8, 0x48, 0x85, 0xff, 0x75, 0x8e, 0x48, 0x8b,
  0x05, 0x8f, 0xd8, 0x00, 0x00, 0x48, 0x85, 0xc0, 0x0f, 0x84, 0x55, 0xff,
  0xff, 0xff, 0xff, 0xd0, 0xc7, 0x00, 0x0e, 0x00, 0x00, 0x00, 0xe9, 0x48,
  0xff, 0xff, 0xff, 0xcc, 0x55, 0x48, 0x89, 0xe5, 0x41, 0x57, 0x41, 0x56,
  0x41, 0x55, 0x41, 0x54, 0x53, 0x48, 0x83, 0xec, 0x18, 0x48, 0x89, 0xd3,
  0x49, 0x89, 0xf6, 0xe8, 0xd4, 0xfe, 0xff, 0xff, 0x48, 0x89, 0x45, 0xc8,
  0x48, 0x85, 0xc0, 0x0f, 0x84, 0xcb, 0x00, 0x00, 0x00, 0x4c, 0x01, 0xf3,
  0x41, 0xbc, 0xff, 0xff, 0xff, 0xff, 0x41, 0xb7, 0x01, 0x41, 0xbd, 0xff,
  0xff, 0xff, 0xff, 0xeb, 0x27, 0x0f, 0x1f, 0x00, 0x41, 0x89, 0xc4, 0x48,
  0x8b, 0x7d, 0xc8, 0x48, 0x83, 0xc7, 0x08, 0xba, 0x08, 0x00, 0x00, 0x00,
  0x48, 0x8d, 0x75, 0xc8, 0xe8, 0x27, 0xe9, 0xff, 0xff, 0x45, 0x31, 0xff,
  0x85, 0xc0, 0x0f, 0x85, 0xb8, 0x00, 0x00, 0x00, 0x48, 0x8b, 0x7d, 0xc8,
  0x48, 0x85, 0xff, 0x0f, 0x84, 0x8b, 0x00, 0x00, 0x00, 0x48, 0x83, 0xc7,
  0x20, 0xba, 0x08, 0x00, 0x00, 0x00, 0x48, 0x8d, 0x75, 0xc0, 0xe8, 0xfd,
  0xe8, 0xff, 0xff, 0x85, 0xc0, 0x0f, 0x85, 0x91, 0x00, 0x00, 0x00, 0x48,
  0x8b, 0x4d, 0xc0, 0x4c, 0x39, 0xf1, 0x0f, 0x93, 0xc0, 0x48, 0x39, 0xd9,
  0x73, 0x62, 0x41, 0x08, 0xc7, 0x41, 0xf6, 0xc7, 0x01, 0x74, 0x59, 0x48,
  0x8b, 0x7d, 0xc8, 0x48, 0x83, 0xc7, 0x64, 0xba, 0x01, 0x00, 0x00, 0x00,
  0x48, 0x8d, 0x75, 0xd7, 0xe8, 0xc7, 0xe8, 0xff, 0xff, 0x85, 0xc0, 0x75,
  0x5f, 0x0f, 0xb6, 0x45, 0xd7, 0x45, 0x85, 0xe4, 0x0f, 0x88, 0x76, 0xff,
  0xff, 0xff, 0xc4, 0xc2, 0x78, 0xf2, 0xc4, 0x0f, 0x84, 0x6e, 0xff, 0xff,
  0xff, 0x48, 0x8b, 0x05, 0x9c, 0xd7, 0x00, 0x00, 0xbb, 0x16, 0x00, 0x00,
  0x00, 0x41, 0xbc, 0xff, 0xff, 0xff, 0xff, 0x41, 0xbd, 0xff, 0xff, 0xff,
  0xff, 0x48, 0x85, 0xc0, 0x75, 0x23, 0xeb, 0x28, 0x41, 0xbd, 0xff, 0xff,
  0xff, 0xff, 0xeb, 0x20, 0x45, 0x85, 0xe4, 0x79, 0x18, 0x48, 0x8b, 0x05,
  0x70, 0xd7, 0x00, 0x00, 0xbb, 0x0e, 0x00, 0x00, 0x00, 0x45, 0x89, 0xe5,
  0x48, 0x85, 0xc0, 0x74, 0x07, 0xff, 0xd0, 0x89, 0x18, 0x45, 0x89, 0xe5,
  0x44, 0x89, 0xe8, 0x48, 0x83, 0xc4, 0x18, 0x5b, 0x41, 0x5c, 0x41, 0x5d,
  0x41, 0x5e, 0x41, 0x5f, 0x5d, 0xc3, 0xcc, 0xcc, 0x55, 0x48, 0x89, 0xe5,
  0x41, 0x57, 0x41, 0x56, 0x41, 0x55, 0x41, 0x54, 0x53, 0x48, 0x83, 0xec,
  0x18, 0x88, 0x4d, 0xd7, 0x85, 0xc9, 0x0f, 0x88, 0xad, 0x00, 0x00, 0x00,
  0x48, 0x89, 0xd3, 0x49, 0x89, 0xf6, 0xe8, 0x99, 0xfd, 0xff, 0xff, 0x48,
  0x89, 0x45, 0xc8, 0x48, 0x85, 0xc0, 0x0f, 0x84, 0x8d, 0x00, 0x00, 0x00,
  0x4c, 0x01, 0xf3, 0x41, 0xb4, 0x01, 0x4c, 0x8d, 0x7d, 0xc0, 0x45, 0x31,
  0xed, 0x66, 0x66, 0x66, 0x66, 0x66, 0x66, 0x2e, 0x0f, 0x1f, 0x84, 0x00,
  0x00, 0x00, 0x00, 0x00, 0x48, 0x8b, 0x7d, 0xc8, 0x48, 0x85, 0xff, 0x0f,
  0x84, 0x86, 0x00, 0x00, 0x00, 0x48, 0x83, 0xc7, 0x20, 0xba, 0x08, 0x00,
  0x00, 0x00, 0x4c, 0x89, 0xfe, 0xe8, 0xe2, 0xe7, 0xff, 0xff, 0x85, 0xc0,
  0x75, 0x4f, 0x48, 0x8b, 0x4d, 0xc0, 0x4c, 0x39, 0xf1, 0x0f, 0x93, 0xc0,
  0x48, 0x39, 0xd9, 0x73, 0x62, 0x41, 0x08, 0xc4, 0x41, 0xf6, 0xc4, 0x01,
  0x74, 0x59, 0x48, 0x8b, 0x75, 0xc8, 0x48, 0x83, 0xc6, 0x64, 0xba, 0x01,
  0x00, 0x00, 0x00, 0x48, 0x8d, 0x7d, 0xd7, 0xe8, 0xc0, 0xe5, 0xff, 0xff,
  0x85, 0xc0, 0x75, 0x1d, 0x48, 0x8b, 0x7d, 0xc8, 0x48, 0x83, 0xc7, 0x08,
  0xba, 0x08, 0x00, 0x00, 0x00, 0x48, 0x8d, 0x75, 0xc8, 0xe8, 0x96, 0xe7,
  0xff, 0xff, 0x45, 0x31, 0xe4, 0x85, 0xc0, 0x74, 0x8f, 0x41, 0xbd, 0xff,
  0xff, 0xff, 0xff, 0xeb, 0x1a, 0x48, 0x8b, 0x05, 0x78, 0xd6, 0x00, 0x00,
  0x41, 0xbd, 0xff, 0xff, 0xff, 0xff, 0x48, 0x85, 0xc0, 0x74, 0x08, 0xff,
  0xd0, 0xc7, 0x00, 0x16, 0x00, 0x00, 0x00, 0x44, 0x89, 0xe8, 0x48, 0x83,
  0xc4, 0x18, 0x5b, 0x41, 0x5c, 0x41, 0x5d, 0x41, 0x5e, 0x41, 0x5f, 0x5d,
  0xc3, 0xcc, 0xcc, 0xcc, 0xcc, 0xcc, 0xcc, 0xcc, 0xcc, 0xcc, 0xcc, 0xcc,
  0xe9, 0xfb, 0xfe, 0xff, 0xff, 0xcc, 0xcc, 0xcc, 0xcc, 0xcc, 0xcc, 0xcc,
  0xcc, 0xcc, 0xcc, 0xcc, 0x55, 0x48, 0x89, 0xe5, 0x53, 0x48, 0x83, 0xec,
  0x28, 0x89, 0xf3, 0xe8, 0x90, 0xeb, 0xff, 0xff, 0x48, 0x85, 0xc0, 0x74,
  0x6b, 0x48, 0x83, 0xc0, 0x48, 0x48, 0x8d, 0x75, 0xf0, 0xba, 0x08, 0x00,
  0x00, 0x00, 0x48, 0x89, 0xc7, 0xe8, 0x16, 0xe7, 0xff, 0xff, 0x85, 0xc0,
  0x75, 0x52, 0x48, 0x8b, 0x7d, 0xf0, 0x48, 0x8d, 0x75, 0xd8, 0xba, 0x08,
  0x00, 0x00, 0x00, 0xe8, 0x00, 0xe7, 0xff, 0xff, 0x85, 0xc0, 0x75, 0x3c,
  0xc1, 0xe3, 0x04, 0x8d, 0x44, 0x5b, 0x08, 0x48, 0x63, 0xf8, 0x48, 0x03,
  0x7d, 0xd8, 0x48, 0x8d, 0x75, 0xe0, 0xba, 0x08, 0x00, 0x00, 0x00, 0xe8,
  0xe0, 0xe6, 0xff, 0xff, 0x85, 0xc0, 0x75, 0x1c, 0x48, 0x8b, 0x7d, 0xe0,
  0x48, 0x8d, 0x75, 0xe8, 0xba, 0x08, 0x00, 0x00, 0x00, 0xe8, 0xca, 0xe6,
  0xff, 0xff, 0x85, 0xc0, 0x75, 0x06, 0x48, 0x8b, 0x45, 0xe8, 0xeb, 0x02,
  0x31, 0xc0, 0x48, 0x83, 0xc4, 0x28, 0x5b, 0x5d, 0xc3, 0xcc, 0xcc, 0xcc,
  0xcc, 0xcc, 0xcc, 0xcc, 0x55, 0x48, 0x89, 0xe5, 0x41, 0x57, 0x41, 0x56,
  0x41, 0x54, 0x53, 0x48, 0x83, 0xec, 0x10, 0x41, 0x89, 0xd6, 0x89, 0xf3,
  0x41, 0x89, 0xff, 0xe8, 0x54, 0xff, 0xff, 0xff, 0x48, 0x85, 0xc0, 0x74,
  0x18, 0x49, 0x89, 0xc4, 0x48, 0x8d, 0x75, 0xd8, 0xba, 0x04, 0x00, 0x00,
  0x00, 0x48, 0x89, 0xc7, 0xe8, 0x7b, 0xe6, 0xff, 0xff, 0x85, 0xc0, 0x74,
  0x12, 0xb8, 0xff, 0xff, 0xff, 0xff, 0x48, 0x83, 0xc4, 0x10, 0x5b, 0x41,
  0x5c, 0x41, 0x5e, 0x41, 0x5f, 0x5d, 0xc3, 0xff, 0x45, 0xd8, 0x48, 0x8d,
  0x7d, 0xd8, 0xba, 0x04, 0x00, 0x00, 0x00, 0x4c, 0x89, 0xe6, 0xe8, 0x61,
  0xe4, 0xff, 0xff, 0x89, 0xc1, 0xb8, 0xff, 0xff, 0xff, 0xff, 0x85, 0xc9,
  0x75, 0xd4, 0x44, 0x89, 0xff, 0x89, 0xde, 0xe8, 0xfc, 0xfe, 0xff, 0xff,
  0x48, 0x85, 0xc0, 0x74, 0x3a, 0x48, 0x83, 0xc0, 0x18, 0x48, 0x8d, 0x75,
  0xd0, 0xba, 0x08, 0x00, 0x00, 0x00, 0x48, 0x89, 0xc7, 0xe8, 0x22, 0xe6,
  0xff, 0xff, 0x85, 0xc0, 0x75, 0x21, 0xbf, 0x20, 0x01, 0x00, 0x00, 0x48,
  0x03, 0x7d, 0xd0, 0x48, 0x8d, 0x75, 0xd8, 0xba, 0x08, 0x00, 0x00, 0x00,
  0xe8, 0x07, 0xe6, 0xff, 0xff, 0x85, 0xc0, 0x75, 0x06, 0x48, 0x8b, 0x5d,
  0xd8, 0xeb, 0x02, 0x31, 0xdb, 0xb8, 0xff, 0xff, 0xff, 0xff, 0x48, 0x85,
  0xdb, 0x0f, 0x84, 0x7b, 0xff, 0xff, 0xff, 0x44, 0x89, 0xff, 0x44, 0x89,
  0xf6, 0xe8, 0xa2, 0xfe, 0xff, 0xff, 0x48, 0x85, 0xc0, 0x0f, 0x84, 0x62,
  0xff, 0xff, 0xff, 0x49, 0x89, 0xc4, 0x48, 0x8d, 0x75, 0xd8, 0xba, 0x04,
  0x00, 0x00, 0x00, 0x48, 0x89, 0xc7, 0xe8, 0xc5, 0xe5, 0xff, 0xff, 0x85,
  0xc0, 0x0f, 0x85, 0x46, 0xff, 0xff, 0xff, 0xff, 0x45, 0xd8, 0x48, 0x8d,
  0x7d, 0xd8, 0xba, 0x04, 0x00, 0x00, 0x00, 0x4c, 0x89, 0xe6, 0xe8, 0xb9,
  0xe3, 0xff, 0xff, 0x85, 0xc0, 0x0f, 0x85, 0x2a, 0xff, 0xff, 0xff, 0x44,
  0x89, 0xff, 0x44, 0x89, 0xf6, 0xe8, 0x56, 0xfe, 0xff, 0xff, 0x48, 0x85,
  0xc0, 0x74, 0x3a, 0x48, 0x83, 0xc0, 0x18, 0x48, 0x8d, 0x75, 0xd0, 0xba,
  0x08, 0x00, 0x00, 0x00, 0x48, 0x89, 0xc7, 0xe8, 0x7c, 0xe5, 0xff, 0xff,
  0x85, 0xc0, 0x75, 0x21, 0xbf, 0x20, 0x01, 0x00, 0x00, 0x48, 0x03, 0x7d,
  0xd0, 0x48, 0x8d, 0x75, 0xd8, 0xba, 0x08, 0x00, 0x00, 0x00, 0xe8, 0x61,
  0xe5, 0xff, 0xff, 0x85, 0xc0, 0x75, 0x06, 0x48, 0x8b, 0x45, 0xd8, 0xeb,
  0x02, 0x31, 0xc0, 0x48, 0x85, 0xc0, 0x0f, 0x84, 0xd5, 0xfe, 0xff, 0xff,
  0x48, 0x83, 0xc0, 0x10, 0x48, 0x89, 0x45, 0xd8, 0x48, 0x8d, 0x73, 0x10,
  0x48, 0x8d, 0x7d, 0xd8, 0xba, 0x08, 0x00, 0x00, 0x00, 0xe8, 0x42, 0xe3,
  0xff, 0xff, 0x85, 0xc0, 0xb8, 0xff, 0xff, 0xff, 0xff, 0x0f, 0x85, 0xb3,
  0xfe, 0xff, 0xff, 0xc7, 0x45, 0xd0, 0x00, 0x00, 0x37, 0x13, 0x48, 0x81,
  0xc3, 0xc0, 0x00, 0x00, 0x00, 0x48, 0x8d, 0x7d, 0xd0, 0xba, 0x04, 0x00,
  0x00, 0x00, 0x48, 0x89, 0xde, 0xe8, 0x16, 0xe3, 0xff, 0xff, 0xf7, 0xd8,
  0x19, 0xc0, 0xe9, 0x8b, 0xfe, 0xff, 0xff, 0xcc, 0xcc, 0xcc, 0xcc, 0xcc,
  0xcc, 0xcc, 0xcc, 0xcc, 0xcc, 0xcc, 0xcc, 0xcc, 0x55, 0x48, 0x89, 0xe5,
  0x48, 0x83, 0xec, 0x10, 0x48, 0xc7, 0x45, 0xf8, 0x00, 0x00, 0x00, 0x00,
  0x48, 0xc7, 0x45, 0xf0, 0x00, 0x00, 0x00, 0x00, 0xe8, 0x33, 0xe9, 0xff,
  0xff, 0x48, 0x85, 0xc0, 0x74, 0x24, 0x48, 0x83, 0xc0, 0x48, 0x48, 0x8d,
  0x75, 0xf0, 0xba, 0x08, 0x00, 0x00, 0x00, 0x48, 0x89, 0xc7, 0xe8, 0xb9,
  0xe4, 0xff, 0xff, 0x85, 0xc0, 0x75, 0x0b, 0x48, 0x8b, 0x7d, 0xf0, 0x48,
  0x85, 0xff, 0x75, 0x09, 0xeb, 0x23, 0x31, 0xff, 0x48, 0x85, 0xff, 0x74,
  0x1c, 0x48, 0x83, 0xc7, 0x10, 0x48, 0x8d, 0x75, 0xf8, 0xba, 0x08, 0x00,
  0x00, 0x00, 0xe8, 0x91, 0xe4, 0xff, 0xff, 0x85, 0xc0, 0x75, 0x06, 0x48,
  0x8b, 0x45, 0xf8, 0xeb, 0x02, 0x31, 0xc0, 0x48, 0x83, 0xc4, 0x10, 0x5d,
  0xc3, 0xcc, 0xcc, 0xcc, 0xcc, 0xcc, 0xcc, 0xcc, 0xcc, 0xcc, 0xcc, 0xcc,
  0xcc, 0xcc, 0xcc, 0xcc, 0x55, 0x48, 0x89, 0xe5, 0x48, 0x83, 0xec, 0x10,
  0x48, 0xc7, 0x45, 0xf8, 0x00, 0x00, 0x00, 0x00, 0x48, 0xc7, 0x45, 0xf0,
  0x00, 0x00, 0x00, 0x00, 0xe8, 0xb3, 0xe8, 0xff, 0xff, 0x48, 0x85, 0xc0,
  0x74, 0x24, 0x48, 0x83, 0xc0, 0x48, 0x48, 0x8d, 0x75, 0xf0, 0xba, 0x08,
  0x00, 0x00, 0x00, 0x48, 0x89, 0xc7, 0xe8, 0x39, 0xe4, 0xff, 0xff, 0x85,
  0xc0, 0x75, 0x0b, 0x48, 0x8b, 0x7d, 0xf0, 0x48, 0x85, 0xff, 0x75, 0x09,
  0xeb, 0x23, 0x31, 0xff, 0x48, 0x85, 0xff, 0x74, 0x1c, 0x48, 0x83, 0xc7,
  0x18, 0x48, 0x8d, 0x75, 0xf8, 0xba, 0x08, 0x00, 0x00, 0x00, 0xe8, 0x11,
  0xe4, 0xff, 0xff, 0x85, 0xc0, 0x75, 0x06, 0x48, 0x8b, 0x45, 0xf8, 0xeb,
  0x02, 0x31, 0xc0, 0x48, 0x83, 0xc4, 0x10, 0x5d, 0xc3, 0xcc, 0xcc, 0xcc,
  0xcc, 0xcc, 0xcc, 0xcc, 0xcc, 0xcc, 0xcc, 0xcc, 0xcc, 0xcc, 0xcc, 0xcc,
  0x55, 0x48, 0x89, 0xe5, 0x53, 0x48, 0x83, 0xec, 0x18, 0x48, 0x89, 0x75,
  0xe8, 0x48, 0xc7, 0x45, 0xf0, 0x00, 0x00, 0x00, 0x00, 0xe8, 0x36, 0xe8,
  0xff, 0xff, 0x31, 0xdb, 0x48, 0x85, 0xc0, 0x74, 0x24, 0x48, 0x83, 0xc0,
  0x48, 0x48, 0x8d, 0x75, 0xf0, 0xba, 0x08, 0x00, 0x00, 0x00, 0x48, 0x89,
  0xc7, 0xe8, 0xba, 0xe3, 0xff, 0xff, 0x85, 0xc0, 0x75, 0x0b, 0x48, 0x8b,
  0x75, 0xf0, 0x48, 0x85, 0xf6, 0x75, 0x09, 0xeb, 0x1d, 0x31, 0xf6, 0x48,
  0x85, 0xf6, 0x74, 0x16, 0x48, 0x83, 0xc6, 0x10, 0x48, 0x8d, 0x7d, 0xe8,
  0xba, 0x08, 0x00, 0x00, 0x00, 0xe8, 0xa2, 0xe1, 0xff, 0xff, 0xf7, 0xd8,
  0x19, 0xdb, 0x89, 0xd8, 0x48, 0x83, 0xc4, 0x18, 0x5b, 0x5d, 0xc3, 0xcc,
  0xcc, 0xcc, 0xcc, 0xcc, 0x55, 0x48, 0x89, 0xe5, 0x53, 0x48, 0x83, 0xec,
  0x18, 0x48, 0x89, 0x75, 0xe8, 0x48, 0xc7, 0x45, 0xf0, 0x00, 0x00, 0x00,
  0x00, 0xe8, 0xc6, 0xe7, 0xff, 0xff, 0x31, 0xdb, 0x48, 0x85, 0xc0, 0x74,
  0x24, 0x48, 0x83, 0xc0, 0x48, 0x48, 0x8d, 0x75, 0xf0, 0xba, 0x08, 0x00,
  0x00, 0x00, 0x48, 0x89, 0xc7, 0xe8, 0x4a, 0xe3, 0xff, 0xff, 0x85, 0xc0,
  0x75, 0x0b, 0x48, 0x8b, 0x75, 0xf0, 0x48, 0x85, 0xf6, 0x75, 0x09, 0xeb,
  0x1d, 0x31, 0xf6, 0x48, 0x85, 0xf6, 0x74, 0x16, 0x48, 0x83, 0xc6, 0x18,
  0x48, 0x8d, 0x7d, 0xe8, 0xba, 0x08, 0x00, 0x00, 0x00, 0xe8, 0x32, 0xe1,
  0xff, 0xff, 0xf7, 0xd8, 0x19, 0xdb, 0x89, 0xd8, 0x48, 0x83, 0xc4, 0x18,
  0x5b, 0x5d, 0xc3, 0xcc, 0xcc, 0xcc, 0xcc, 0xcc, 0x55, 0x48, 0x89, 0xe5,
  0x41, 0x57, 0x41, 0x56, 0x41, 0x55, 0x41, 0x54, 0x53, 0x48, 0x81, 0xec,
  0x08, 0x06, 0x00, 0x00, 0x48, 0xc7, 0x45, 0xd0, 0xff, 0x00, 0x00, 0x00,
  0x41, 0xbf, 0xff, 0xff, 0xff, 0xff, 0x48, 0x85, 0xff, 0x0f, 0x84, 0x72,
  0x03, 0x00, 0x00, 0x48, 0x89, 0xf3, 0x48, 0x85, 0xf6, 0x0f, 0x84, 0x66,
  0x03, 0x00, 0x00, 0x49, 0x89, 0xfe, 0x80, 0x3f, 0x00, 0x0f, 0x84, 0x5a,
  0x03, 0x00, 0x00, 0xc6, 0x03, 0x00, 0x41, 0x80, 0x3e, 0x2f, 0x75, 0x34,
  0x48, 0x8d, 0x95, 0xd0, 0xfe, 0xff, 0xff, 0xbf, 0xbc, 0x00, 0x00, 0x00,
  0x4c, 0x89, 0xf6, 0x31, 0xc0, 0x67, 0xe8, 0xcd, 0xb5, 0xff, 0xff, 0x49,
  0x89, 0xc7, 0x45, 0x85, 0xff, 0x0f, 0x85, 0x2e, 0x03, 0x00, 0x00, 0x48,
  0x89, 0xdf, 0x4c, 0x89, 0xf6, 0xff, 0x15, 0x45, 0xd8, 0x00, 0x00, 0xe9,
  0x1d, 0x03, 0x00, 0x00, 0x48, 0x8d, 0x35, 0xc9, 0x7e, 0x00, 0x00, 0x45,
  0x31, 0xff, 0x48, 0x89, 0xdf, 0x4c, 0x89, 0xf2, 0x31, 0xc0, 0xff, 0x15,
  0x48, 0xd8, 0x00, 0x00, 0x48, 0x8d, 0x95, 0xd0, 0xfe, 0xff, 0xff, 0xbf,
  0xbc, 0x00, 0x00, 0x00, 0x48, 0x89, 0xde, 0x31, 0xc0, 0x67, 0xe8, 0x81,
  0xb5, 0xff, 0xff, 0x48, 0x85, 0xc0, 0x0f, 0x84, 0xe5, 0x02, 0x00, 0x00,
  0x48, 0x8d, 0x35, 0x19, 0x7b, 0x00, 0x00, 0x45, 0x31, 0xff, 0x48, 0x89,
  0xdf, 0x4c, 0x89, 0xf2, 0x31, 0xc0, 0xff, 0x15, 0x10, 0xd8, 0x00, 0x00,
  0x48, 0x8d, 0x95, 0xd0, 0xfe, 0xff, 0xff, 0xbf, 0xbc, 0x00, 0x00, 0x00,
  0x48, 0x89, 0xde, 0x31, 0xc0, 0x67, 0xe8, 0x49, 0xb5, 0xff, 0xff, 0x48,
  0x85, 0xc0, 0x0f, 0x84, 0xad, 0x02, 0x00, 0x00, 0x48, 0x8d, 0x35, 0xd7,
  0x75, 0x00, 0x00, 0x45, 0x31, 0xff, 0x48, 0x89, 0xdf, 0x4c, 0x89, 0xf2,
  0x31, 0xc0, 0xff, 0x15, 0xd8, 0xd7, 0x00, 0x00, 0x48, 0x8d, 0x95, 0xd0,
  0xfe, 0xff, 0xff, 0xbf, 0xbc, 0x00, 0x00, 0x00, 0x48, 0x89, 0xde, 0x31,
  0xc0, 0x67, 0xe8, 0x11, 0xb5, 0xff, 0xff, 0x48, 0x85, 0xc0, 0x0f, 0x84,
  0x75, 0x02, 0x00, 0x00, 0x48, 0x8d, 0x35, 0x03, 0x73, 0x00, 0x00, 0x45,
  0x31, 0xff, 0x48, 0x89, 0xdf, 0x4c, 0x89, 0xf2, 0x31, 0xc0, 0xff, 0x15,
  0xa0, 0xd7, 0x00, 0x00, 0x48, 0x8d, 0x95, 0xd0, 0xfe, 0xff, 0xff, 0xbf,
  0xbc, 0x00, 0x00, 0x00, 0x48, 0x89, 0xde, 0x31, 0xc0, 0x67, 0xe8, 0xd9,
  0xb4, 0xff, 0xff, 0x48, 0x85, 0xc0, 0x0f, 0x84, 0x3d, 0x02, 0x00, 0x00,
  0x45, 0x31, 0xff, 0x48, 0x8d, 0x95, 0xd0, 0xfd, 0xff, 0xff, 0x48, 0x8d,
  0x4d, 0xd0, 0xbf, 0x5a, 0x02, 0x00, 0x00, 0x31, 0xf6, 0x31, 0xc0, 0x67,
  0xe8, 0xb3, 0xb4, 0xff, 0xff, 0x48, 0x85, 0xc0, 0x0f, 0x84, 0x26, 0x01,
  0x00, 0x00, 0x48, 0x8d, 0x3d, 0xc6, 0x7e, 0x00, 0x00, 0xff, 0x15, 0x55,
  0xd7, 0x00, 0x00, 0x48, 0x85, 0xc0, 0x74, 0x71, 0x49, 0x89, 0xc4, 0x0f,
  0xb6, 0x00, 0x84, 0xc0, 0x74, 0x67, 0x49, 0xff, 0xc4, 0x45, 0x31, 0xff,
  0x4c, 0x8d, 0x2d, 0x81, 0xb4, 0xff, 0xff, 0xeb, 0x40, 0x66, 0x42, 0xc7,
  0x44, 0x3b, 0x01, 0x2f, 0x00, 0x48, 0x89, 0xdf, 0x4c, 0x89, 0xf6, 0xff,
  0x15, 0x2b, 0xd7, 0x00, 0x00, 0x45, 0x31, 0xff, 0xbf, 0xbc, 0x00, 0x00,
  0x00, 0x48, 0x89, 0xde, 0x48, 0x8d, 0x95, 0xd0, 0xfe, 0xff, 0xff, 0x31,
  0xc0, 0x41, 0xff, 0xd5, 0x48, 0x85, 0xc0, 0x0f, 0x84, 0xb8, 0x01, 0x00,
  0x00, 0x41, 0x0f, 0xb6, 0x04, 0x24, 0x49, 0xff, 0xc4, 0x84, 0xc0, 0x74,
  0x18, 0x42, 0x88, 0x04, 0x3b, 0x42, 0x80, 0x7c, 0x3b, 0x01, 0x3a, 0x74,
  0xb4, 0x41, 0x80, 0x3c, 0x24, 0x00, 0x74, 0xad, 0x49, 0xff, 0xc7, 0xeb,
  0xdc, 0x48, 0x8d, 0x35, 0xf3, 0x6c, 0x00, 0x00, 0x45, 0x31, 0xff, 0x48,
  0x89, 0xdf, 0x4c, 0x89, 0xf2, 0x31, 0xc0, 0xff, 0x15, 0xbf, 0xd6, 0x00,
  0x00, 0x48, 0x8d, 0x95, 0xd0, 0xfe, 0xff, 0xff, 0xbf, 0xbc, 0x00, 0x00,
  0x00, 0x48, 0x89, 0xde, 0x31, 0xc0, 0x67, 0xe8, 0xf8, 0xb3, 0xff, 0xff,
  0x48, 0x85, 0xc0, 0x0f, 0x84, 0x5c, 0x01, 0x00, 0x00, 0x45, 0x31, 0xff,
  0x48, 0x8d, 0xb5, 0xd0, 0xf9, 0xff, 0xff, 0xbf, 0x46, 0x01, 0x00, 0x00,
  0xba, 0x00, 0x04, 0x00, 0x00, 0x31, 0xc0, 0x67, 0xe8, 0xd3, 0xb3, 0xff,
  0xff, 0x48, 0x85, 0xc0, 0x75, 0x3c, 0x48, 0x8d, 0x35, 0x6e, 0x6e, 0x00,
  0x00, 0x48, 0x8d, 0x95, 0xd0, 0xf9, 0xff, 0xff, 0x48, 0x89, 0xdf, 0x4c,
  0x89, 0xf1, 0x31, 0xc0, 0xff, 0x15, 0x62, 0xd6, 0x00, 0x00, 0x48, 0x8d,
  0x95, 0xd0, 0xfe, 0xff, 0xff, 0xbf, 0xbc, 0x00, 0x00, 0x00, 0x48, 0x89,
  0xde, 0x31, 0xc0, 0x67, 0xe8, 0x9b, 0xb3, 0xff, 0xff, 0x48, 0x85, 0xc0,
  0x0f, 0x84, 0xff, 0x00, 0x00, 0x00, 0xc6, 0x03, 0x00, 0x41, 0xbf, 0xff,
  0xff, 0xff, 0xff, 0xe9, 0xf1, 0x00, 0x00, 0x00, 0x48, 0x8d, 0x35, 0xa0,
  0x74, 0x00, 0x00, 0x48, 0x8d, 0x95, 0xd0, 0xfd, 0xff, 0xff, 0x48, 0x89,
  0xdf, 0x4c, 0x89, 0xf1, 0x31, 0xc0, 0xff, 0x15, 0x18, 0xd6, 0x00, 0x00,
  0x48, 0x8d, 0x95, 0xd0, 0xfe, 0xff, 0xff, 0xbf, 0xbc, 0x00, 0x00, 0x00,
  0x48, 0x89, 0xde, 0x31, 0xc0, 0x67, 0xe8, 0x51, 0xb3, 0xff, 0xff, 0x48,
  0x85, 0xc0, 0x0f, 0x84, 0xb5, 0x00, 0x00, 0x00, 0x48, 0x8d, 0x35, 0x5f,
  0x71, 0x00, 0x00, 0x45, 0x31, 0xff, 0x48, 0x8d, 0x95, 0xd0, 0xfd, 0xff,
  0xff, 0x48, 0x89, 0xdf, 0x4c, 0x89, 0xf1, 0x31, 0xc0, 0xff, 0x15, 0xd9,
  0xd5, 0x00, 0x00, 0x48, 0x8d, 0x95, 0xd0, 0xfe, 0xff, 0xff, 0xbf, 0xbc,
  0x00, 0x00, 0x00, 0x48, 0x89, 0xde, 0x31, 0xc0, 0x67, 0xe8, 0x12, 0xb3,
  0xff, 0xff, 0x48, 0x85, 0xc0, 0x74, 0x7a, 0x48, 0x8d, 0x35, 0xcf, 0x77,
  0x00, 0x00, 0x45, 0x31, 0xff, 0x48, 0x8d, 0x95, 0xd0, 0xfd, 0xff, 0xff,
  0x48, 0x89, 0xdf, 0x4c, 0x89, 0xf1, 0x31, 0xc0, 0xff, 0x15, 0x9e, 0xd5,
  0x00, 0x00, 0x48, 0x8d, 0x95, 0xd0, 0xfe, 0xff, 0xff, 0xbf, 0xbc, 0x00,
  0x00, 0x00, 0x48, 0x89, 0xde, 0x31, 0xc0, 0x67, 0xe8, 0xd7, 0xb2, 0xff,
  0xff, 0x48, 0x85, 0xc0, 0x74, 0x3f, 0x48, 0x8d, 0x35, 0x0f, 0x76, 0x00,
  0x00, 0x45, 0x31, 0xff, 0x48, 0x8d, 0x95, 0xd0, 0xfd, 0xff, 0xff, 0x48,
  0x89, 0xdf, 0x4c, 0x89, 0xf1, 0x31, 0xc0, 0xff, 0x15, 0x63, 0xd5, 0x00,
  0x00, 0x48, 0x8d, 0x95, 0xd0, 0xfe, 0xff, 0xff, 0xbf, 0xbc, 0x00, 0x00,
  0x00, 0x48, 0x89, 0xde, 0x31, 0xc0, 0x67, 0xe8, 0x9c, 0xb2, 0xff, 0xff,
  0x48, 0x85, 0xc0, 0x0f, 0x85, 0xe9, 0xfd, 0xff, 0xff, 0x44, 0x89, 0xf8,
  0x48, 0x81, 0xc4, 0x08, 0x06, 0x00, 0x00, 0x5b, 0x41, 0x5c, 0x41, 0x5d,
  0x41, 0x5e, 0x41, 0x5f, 0x5d, 0xc3, 0xcc, 0xcc, 0xcc, 0xcc, 0xcc, 0xcc,
  0xcc, 0xcc, 0xcc, 0xcc, 0xcc, 0xcc, 0xcc, 0xcc, 0x55, 0x48, 0x89, 0xe5,
  0x41, 0x57, 0x41, 0x56, 0x53, 0x48, 0x81, 0xec, 0x08, 0x04, 0x00, 0x00,
  0x49, 0x89, 0xf6, 0x48, 0x89, 0xfb, 0x48, 0x89, 0xf8, 0x0f, 0x1f, 0x80,
  0x00, 0x00, 0x00, 0x00, 0x49, 0x89, 0xc7, 0x48, 0x85, 0xc0, 0x74, 0x0c,
  0x49, 0x8b, 0x87, 0x50, 0x04, 0x00, 0x00, 0x48, 0x85, 0xc0, 0x75, 0xec,
  0x48, 0x8d, 0xb5, 0xe0, 0xfb, 0xff, 0xff, 0x4c, 0x89, 0xf7, 0xe8, 0xfd,
  0xfb, 0xff, 0xff, 0x85, 0xc0, 0x74, 0x10, 0x48, 0x8d, 0xbd, 0xe0, 0xfb,
  0xff, 0xff, 0x4c, 0x89, 0xf6, 0xff, 0x15, 0xa9, 0xd4, 0x00, 0x00, 0x48,
  0x8d, 0xb5, 0xe0, 0xfb, 0xff, 0xff, 0x4c, 0x89, 0xff, 0xe8, 0x1a, 0x01,
  0x00, 0x00, 0x48, 0x85, 0xc0, 0x0f, 0x84, 0xad, 0x00, 0x00, 0x00, 0x49,
  0x89, 0xc7, 0xbf, 0x01, 0x00, 0x00, 0x00, 0xbe, 0x70, 0x04, 0x00, 0x00,
  0xff, 0x15, 0xb6, 0xd4, 0x00, 0x00, 0x49, 0x89, 0xc6, 0x48, 0x89, 0x98,
  0x50, 0x04, 0x00, 0x00, 0x4c, 0x89, 0xb8, 0x68, 0x04, 0x00, 0x00, 0x48,
  0x8d, 0x05, 0x56, 0x01, 0x00, 0x00, 0x49, 0x89, 0x06, 0x48, 0x8d, 0x05,
  0x7c, 0x01, 0x00, 0x00, 0x49, 0x89, 0x46, 0x08, 0x48, 0x8d, 0x05, 0x81,
  0x01, 0x00, 0x00, 0x49, 0x89, 0x46, 0x10, 0x48, 0x8d, 0x05, 0x96, 0x01,
  0x00, 0x00, 0x49, 0x89, 0x46, 0x18, 0x48, 0x8d, 0x05, 0xab, 0x01, 0x00,
  0x00, 0x49, 0x89, 0x46, 0x20, 0x48, 0x8d, 0x05, 0xb0, 0x01, 0x00, 0x00,
  0x49, 0x89, 0x46, 0x28, 0x48, 0x8d, 0x05, 0xb5, 0x01, 0x00, 0x00, 0x49,
  0x89, 0x46, 0x30, 0x41, 0xc7, 0x86, 0x48, 0x04, 0x00, 0x00, 0x00, 0x00,
  0x00, 0x00, 0x49, 0x8b, 0x87, 0x38, 0x04, 0x00, 0x00, 0x49, 0x89, 0x86,
  0x38, 0x04, 0x00, 0x00, 0x49, 0x8b, 0x87, 0x40, 0x04, 0x00, 0x00, 0x49,
  0x89, 0x86, 0x40, 0x04, 0x00, 0x00, 0x49, 0x8d, 0x7e, 0x38, 0x49, 0x83,
  0xc7, 0x38, 0x4c, 0x89, 0xfe, 0xff, 0x15, 0xe9, 0xd3, 0x00, 0x00, 0x4c,
  0x89, 0xf0, 0xeb, 0x47, 0x48, 0x8d, 0x3d, 0x48, 0x7c, 0x00, 0x00, 0xff,
  0x15, 0x8f, 0xd4, 0x00, 0x00, 0x49, 0x89, 0xc7, 0x4c, 0x89, 0xf7, 0xff,
  0x15, 0x83, 0xd4, 0x00, 0x00, 0x4c, 0x39, 0xf8, 0x72, 0x1d, 0x4c, 0x01,
  0xf0, 0x4c, 0x29, 0xf8, 0x48, 0x8d, 0x35, 0x24, 0x7c, 0x00, 0x00, 0x48,
  0x89, 0xc7, 0x4c, 0x89, 0xfa, 0xff, 0x15, 0x55, 0xd4, 0x00, 0x00, 0x85,
  0xc0, 0x74, 0x1a, 0x48, 0x89, 0xdf, 0x4c, 0x89, 0xf6, 0x67, 0xe8, 0xdd,
  0x06, 0x00, 0x00, 0x48, 0x81, 0xc4, 0x08, 0x04, 0x00, 0x00, 0x5b, 0x41,
  0x5e, 0x41, 0x5f, 0x5d, 0xc3, 0x48, 0x89, 0xdf, 0x4c, 0x89, 0xf6, 0x67,
  0xe8, 0x03, 0x16, 0x00, 0x00, 0xeb, 0xe4, 0xcc, 0x55, 0x48, 0x89, 0xe5,
  0x41, 0x57, 0x41, 0x56, 0x53, 0x50, 0x48, 0x85, 0xff, 0x74, 0x4c, 0x49,
  0x89, 0xf6, 0x48, 0x89, 0xfb, 0x48, 0x83, 0xc7, 0x38, 0xff, 0x15, 0xe9,
  0xd3, 0x00, 0x00, 0x85, 0xc0, 0x74, 0x3f, 0x4c, 0x8b, 0xbb, 0x58, 0x04,
  0x00, 0x00, 0x31, 0xdb, 0x4d, 0x85, 0xff, 0x74, 0x31, 0x66, 0x66, 0x66,
  0x66, 0x66, 0x66, 0x2e, 0x0f, 0x1f, 0x84, 0x00, 0x00, 0x00, 0x00, 0x00,
  0x49, 0x8b, 0x3f, 0x4c, 0x89, 0xf6, 0xe8, 0xb5, 0xff, 0xff, 0xff, 0x48,
  0x85, 0xc0, 0x75, 0x0f, 0x4d, 0x8b, 0x7f, 0x08, 0x4d, 0x85, 0xff, 0x75,
  0xe7, 0xeb, 0x07, 0x31, 0xdb, 0xeb, 0x03, 0x48, 0x89, 0xc3, 0x48, 0x89,
  0xd8, 0x48, 0x83, 0xc4, 0x08, 0x5b, 0x41, 0x5e, 0x41, 0x5f, 0x5d, 0xc3,
  0x48, 0x8b, 0xbf, 0x68, 0x04, 0x00, 0x00, 0x48, 0x85, 0xff, 0x74, 0x16,
  0x8b, 0x8f, 0x48, 0x04, 0x00, 0x00, 0x8d, 0x41, 0x01, 0x89, 0x87, 0x48,
  0x04, 0x00, 0x00, 0x31, 0xc0, 0x85, 0xc9, 0x74, 0x07, 0xc3, 0xb8, 0xff,
  0xff, 0xff, 0xff, 0xc3, 0xff, 0x27, 0xcc, 0xcc, 0xcc, 0xcc, 0xcc, 0xcc,
  0x31, 0xc0, 0xc3, 0xcc, 0xcc, 0xcc, 0xcc, 0xcc, 0xcc, 0xcc, 0xcc, 0xcc,
  0xcc, 0xcc, 0xcc, 0xcc, 0x48, 0x85, 0xf6, 0x74, 0x12, 0x48, 0x8b, 0xbf,
  0x68, 0x04, 0x00, 0x00, 0x48, 0x85, 0xff, 0x74, 0x06, 0x48, 0x8b, 0x47,
  0x10, 0xff, 0xe0, 0x31, 0xc0, 0xc3, 0xcc, 0xcc, 0xcc, 0xcc, 0xcc, 0xcc,
  0x48, 0x85, 0xf6, 0x74, 0x12, 0x48, 0x8b, 0xbf, 0x68, 0x04, 0x00, 0x00,
  0x48, 0x85, 0xff, 0x74, 0x06, 0x48, 0x8b, 0x47, 0x18, 0xff, 0xe0, 0x31,
  0xc0, 0xc3, 0xcc, 0xcc, 0xcc, 0xcc, 0xcc, 0xcc, 0x31, 0xc0, 0xc3, 0xcc,
  0xcc, 0xcc, 0xcc, 0xcc, 0xcc, 0xcc, 0xcc, 0xcc, 0xcc, 0xcc, 0xcc, 0xcc,
  0x48, 0x8b, 0xbf, 0x68, 0x04, 0x00, 0x00, 0xe9, 0x24, 0x03, 0x00, 0x00,
  0xcc, 0xcc, 0xcc, 0xcc, 0xff, 0x25, 0xca, 0xd2, 0x00, 0x00, 0xcc, 0xcc,
  0xcc, 0xcc, 0xcc, 0xcc, 0xcc, 0xcc, 0xcc, 0xcc, 0x48, 0x85, 0xff, 0x74,
  0x16, 0x8b, 0x8f, 0x48, 0x04, 0x00, 0x00, 0x8d, 0x41, 0x01, 0x89, 0x87,
  0x48, 0x04, 0x00, 0x00, 0x31, 0xc0, 0x85, 0xc9, 0x74, 0x07, 0xc3, 0xb8,
  0xff, 0xff, 0xff, 0xff, 0xc3, 0xff, 0x27, 0xcc, 0xcc, 0xcc, 0xcc, 0xcc,
  0xcc, 0xcc, 0xcc, 0xcc, 0xcc, 0xcc, 0xcc, 0xcc, 0x55, 0x48, 0x89, 0xe5,
  0x41, 0x57, 0x41, 0x56, 0x53, 0x50, 0x41, 0xbe, 0xff, 0xff, 0xff, 0xff,
  0x48, 0x85, 0xff, 0x74, 0x52, 0x49, 0x89, 0xf7, 0x48, 0x85, 0xf6, 0x74,
  0x4a, 0x48, 0x89, 0xfb, 0xbf, 0x01, 0x00, 0x00, 0x00, 0xbe, 0x18, 0x00,
  0x00, 0x00, 0xff, 0x15, 0x38, 0xd2, 0x00, 0x00, 0x48, 0x85, 0xc0, 0x74,
  0x32, 0x4c, 0x89, 0x38, 0x48, 0x83, 0xbb, 0x58, 0x04, 0x00, 0x00, 0x00,
  0x75, 0x07, 0x48, 0x89, 0x83, 0x58, 0x04, 0x00, 0x00, 0x48, 0x8b, 0x8b,
  0x60, 0x04, 0x00, 0x00, 0x48, 0x85, 0xc9, 0x74, 0x08, 0x48, 0x89, 0x48,
  0x10, 0x48, 0x89, 0x41, 0x08, 0x48, 0x89, 0x83, 0x60, 0x04, 0x00, 0x00,
  0x45, 0x31, 0xf6, 0x44, 0x89, 0xf0, 0x48, 0x83, 0xc4, 0x08, 0x5b, 0x41,
  0x5e, 0x41, 0x5f, 0x5d, 0xc3, 0xcc, 0xcc, 0xcc, 0xcc, 0xcc, 0xcc, 0xcc,
  0xcc, 0xcc, 0xcc, 0xcc, 0xb8, 0xff, 0xff, 0xff, 0xff, 0x48, 0x85, 0xff,
  0x74, 0x58, 0x48, 0x85, 0xf6, 0x74, 0x53, 0x55, 0x48, 0x89, 0xe5, 0x53,
  0x50, 0x48, 0x8b, 0xbf, 0x58, 0x04, 0x00, 0x00, 0x0f, 0x1f, 0x40, 0x00,
  0x48, 0x85, 0xff, 0x0f, 0x94, 0xc3, 0x74, 0x2f, 0x48, 0x39, 0x37, 0x74,
  0x06, 0x48, 0x8b, 0x7f, 0x08, 0xeb, 0xed, 0x48, 0x8b, 0x47, 0x10, 0x48,
  0x85, 0xc0, 0x74, 0x08, 0x48, 0x8b, 0x4f, 0x08, 0x48, 0x89, 0x48, 0x08,
  0x48, 0x8b, 0x4f, 0x08, 0x48, 0x85, 0xc9, 0x74, 0x04, 0x48, 0x89, 0x41,
  0x10, 0xff, 0x15, 0xb9, 0xd1, 0x00, 0x00, 0x0f, 0xb6, 0xc3, 0xf7, 0xd8,
  0x48, 0x83, 0xc4, 0x08, 0x5b, 0x5d, 0xc3, 0xcc, 0xcc, 0xcc, 0xcc, 0xcc,
  0xcc, 0xcc, 0xcc, 0xcc, 0xcc, 0xcc, 0xcc, 0xcc, 0x55, 0x48, 0x89, 0xe5,
  0x41, 0x57, 0x41, 0x56, 0x41, 0x55, 0x41, 0x54, 0x53, 0x50, 0x48, 0x85,
  0xff, 0x74, 0x48, 0x48, 0x89, 0xcb, 0x49, 0x89, 0xd6, 0x41, 0x89, 0xf7,
  0x48, 0x89, 0x7d, 0xd0, 0x4c, 0x8b, 0xa7, 0x60, 0x04, 0x00, 0x00, 0x4d,
  0x85, 0xe4, 0x41, 0x0f, 0x94, 0xc5, 0x74, 0x32, 0x49, 0x8b, 0x3c, 0x24,
  0x44, 0x89, 0xfe, 0x4c, 0x89, 0xf2, 0x48, 0x89, 0xd9, 0xe8, 0xbe, 0xff,
  0xff, 0xff, 0x85, 0xc0, 0x75, 0x0e, 0x4d, 0x8b, 0x64, 0x24, 0x10, 0x4d,
  0x85, 0xe4, 0x41, 0x0f, 0x94, 0xc5, 0x75, 0xdc, 0x45, 0x84, 0xed, 0x75,
  0x0e, 0xeb, 0x2d, 0xb8, 0xff, 0xff, 0xff, 0xff, 0xeb, 0x26, 0x45, 0x84,
  0xed, 0x74, 0x21, 0x48, 0x8b, 0x7d, 0xd0, 0x48, 0x8b, 0x47, 0x08, 0x44,
  0x89, 0xfe, 0x4c, 0x89, 0xf2, 0x48, 0x89, 0xd9, 0x48, 0x83, 0xc4, 0x08,
  0x5b, 0x41, 0x5c, 0x41, 0x5d, 0x41, 0x5e, 0x41, 0x5f, 0x5d, 0xff, 0xe0,
  0x48, 0x83, 0xc4, 0x08, 0x5b, 0x41, 0x5c, 0x41, 0x5d, 0x41, 0x5e, 0x41,
  0x5f, 0x5d, 0xc3, 0xcc, 0xcc, 0xcc, 0xcc, 0xcc, 0xcc, 0xcc, 0xcc, 0xcc,
  0x31, 0xc0, 0x48, 0x85, 0xff, 0x74, 0x58, 0x55, 0x48, 0x89, 0xe5, 0x41,
  0x56, 0x53, 0x48, 0x89, 0xf3, 0x48, 0x85, 0xf6, 0x74, 0x45, 0x49, 0x89,
  0xfe, 0x48, 0x89, 0xde, 0xff, 0x57, 0x10, 0x48, 0x85, 0xc0, 0x74, 0x05,
  0x4c, 0x89, 0xf0, 0xeb, 0x32, 0x4d, 0x8b, 0xb6, 0x58, 0x04, 0x00, 0x00,
  0x4d, 0x85, 0xf6, 0x74, 0x24, 0x66, 0x66, 0x2e, 0x0f, 0x1f, 0x84, 0x00,
  0x00, 0x00, 0x00, 0x00, 0x49, 0x8b, 0x3e, 0x48, 0x89, 0xde, 0xe8, 0xb5,
  0xff, 0xff, 0xff, 0x48, 0x85, 0xc0, 0x75, 0x0b, 0x4d, 0x8b, 0x76, 0x08,
  0x4d, 0x85, 0xf6, 0x75, 0xe7, 0x31, 0xc0, 0x5b, 0x41, 0x5e, 0x5d, 0xc3,
  0x31, 0xc0, 0x48, 0x85, 0xff, 0x74, 0x58, 0x55, 0x48, 0x89, 0xe5, 0x41,
  0x56, 0x53, 0x48, 0x89, 0xf3, 0x48, 0x85, 0xf6, 0x74, 0x45, 0x48, 0x8b,
  0x87, 0x38, 0x04, 0x00, 0x00, 0x48, 0x39, 0xd8, 0x77, 0x11, 0x48, 0x03,
  0x87, 0x40, 0x04, 0x00, 0x00, 0x48, 0x39, 0xd8, 0x76, 0x05, 0x48, 0x89,
  0xf8, 0xeb, 0x28, 0x4c, 0x8b, 0xb7, 0x58, 0x04, 0x00, 0x00, 0x4d, 0x85,
  0xf6, 0x74, 0x1a, 0x90, 0x49, 0x8b, 0x3e, 0x48, 0x89, 0xde, 0xe8, 0xb5,
  0xff, 0xff, 0xff, 0x48, 0x85, 0xc0, 0x75, 0x0b, 0x4d, 0x8b, 0x76, 0x08,
  0x4d, 0x85, 0xf6, 0x75, 0xe7, 0x31, 0xc0, 0x5b, 0x41, 0x5e, 0x5d, 0xc3,
  0x48, 0x85, 0xff, 0x74, 0x0b, 0x48, 0x85, 0xf6, 0x74, 0x06, 0x48, 0x8b,
  0x47, 0x10, 0xff, 0xe0, 0x31, 0xc0, 0xc3, 0xcc, 0xcc, 0xcc, 0xcc, 0xcc,
  0xcc, 0xcc, 0xcc, 0xcc, 0xcc, 0xcc, 0xcc, 0xcc, 0x48, 0x85, 0xff, 0x74,
  0x0b, 0x48, 0x85, 0xf6, 0x74, 0x06, 0x48, 0x8b, 0x47, 0x18, 0xff, 0xe0,
  0x31, 0xc0, 0xc3, 0xcc, 0xcc, 0xcc, 0xcc, 0xcc, 0xcc, 0xcc, 0xcc, 0xcc,
  0xcc, 0xcc, 0xcc, 0xcc, 0x48, 0x85, 0xff, 0x74, 0x17, 0x55, 0x48, 0x89,
  0xe5, 0x53, 0x50, 0x48, 0x89, 0xfb, 0xff, 0x57, 0x20, 0x85, 0xc0, 0x74,
  0x0d, 0x48, 0x83, 0xc4, 0x08, 0x5b, 0x5d, 0xc3, 0xb8, 0xff, 0xff, 0xff,
  0xff, 0xc3, 0x48, 0x8b, 0x9b, 0x58, 0x04, 0x00, 0x00, 0x31, 0xc0, 0x48,
  0x85, 0xdb, 0x74, 0xe5, 0x48, 0x8b, 0x3b, 0xe8, 0xc8, 0xff, 0xff, 0xff,
  0x85, 0xc0, 0x75, 0xd9, 0x48, 0x8b, 0x5b, 0x08, 0x48, 0x85, 0xdb, 0x75,
  0xeb, 0x31, 0xc0, 0xeb, 0xcc, 0xcc, 0xcc, 0xcc, 0xcc, 0xcc, 0xcc, 0xcc,
  0x48, 0x85, 0xff, 0x74, 0x56, 0x55, 0x48, 0x89, 0xe5, 0x41, 0x57, 0x41,
  0x56, 0x53, 0x50, 0x48, 0x89, 0xfb, 0x8b, 0x8f, 0x48, 0x04, 0x00, 0x00,
  0x8d, 0x41, 0xff, 0x89, 0x87, 0x48, 0x04, 0x00, 0x00, 0x31, 0xc0, 0x83,
  0xf9, 0x01, 0x0f, 0x8f, 0xa2, 0x00, 0x00, 0x00, 0x4c, 0x8b, 0xbb, 0x60,
  0x04, 0x00, 0x00, 0x4d, 0x85, 0xff, 0x41, 0x0f, 0x94, 0xc6, 0x74, 0x25,
  0x0f, 0x1f, 0x40, 0x00, 0x49, 0x8b, 0x3f, 0xe8, 0xb8, 0xff, 0xff, 0xff,
  0x85, 0xc0, 0x75, 0x15, 0x4d, 0x8b, 0x7f, 0x10, 0x4d, 0x85, 0xff, 0x41,
  0x0f, 0x94, 0xc6, 0x75, 0xe7, 0xeb, 0x06, 0xb8, 0xff, 0xff, 0xff, 0xff,
  0xc3, 0x45, 0x84, 0xf6, 0x74, 0x68, 0x48, 0x89, 0xdf, 0xff, 0x53, 0x28,
  0x85, 0xc0, 0x75, 0x5e, 0x48, 0x8b, 0x8b, 0x50, 0x04, 0x00, 0x00, 0xb8,
  0x00, 0x00, 0x00, 0x00, 0x48, 0x85, 0xc9, 0x74, 0x4d, 0x48, 0x8b, 0xb9,
  0x58, 0x04, 0x00, 0x00, 0x0f, 0x1f, 0x84, 0x00, 0x00, 0x00, 0x00, 0x00,
  0x48, 0x85, 0xff, 0x41, 0x0f, 0x94, 0xc6, 0x74, 0x2f, 0x48, 0x39, 0x1f,
  0x74, 0x06, 0x48, 0x8b, 0x7f, 0x08, 0xeb, 0xec, 0x48, 0x8b, 0x47, 0x10,
  0x48, 0x85, 0xc0, 0x74, 0x08, 0x48, 0x8b, 0x4f, 0x08, 0x48, 0x89, 0x48,
  0x08, 0x48, 0x8b, 0x4f, 0x08, 0x48, 0x85, 0xc9, 0x74, 0x04, 0x48, 0x89,
  0x41, 0x10, 0xff, 0x15, 0xe8, 0xce, 0x00, 0x00, 0x41, 0x0f, 0xb6, 0xc6,
  0xf7, 0xd8, 0x48, 0x83, 0xc4, 0x08, 0x5b, 0x41, 0x5e, 0x41, 0x5f, 0x5d,
  0xc3, 0xcc, 0xcc, 0xcc, 0xcc, 0xcc, 0xcc, 0xcc, 0x48, 0x85, 0xff, 0x74,
  0x03, 0xff, 0x67, 0x30, 0xc3, 0xcc, 0xcc, 0xcc, 0xcc, 0xcc, 0xcc, 0xcc,
  0x55, 0x48, 0x89, 0xe5, 0x53, 0x50, 0x48, 0x8d, 0x15, 0x86, 0x6b, 0x00,
  0x00, 0xbb, 0xff, 0xff, 0xff, 0xff, 0xbf, 0xff, 0xff, 0xff, 0xff, 0xbe,
  0x02, 0x00, 0x00, 0x00, 0x67, 0xe8, 0x5e, 0xd6, 0xff, 0xff, 0x48, 0x89,
  0x05, 0x37, 0xce, 0x00, 0x00, 0x48, 0x85, 0xc0, 0x0f, 0x84, 0x50, 0x01,
  0x00, 0x00, 0x48, 0x8d, 0x15, 0x3e, 0x74, 0x00, 0x00, 0xbf, 0xff, 0xff,
  0xff, 0xff, 0xbe, 0x02, 0x00, 0x00, 0x00, 0x67, 0xe8, 0x37, 0xd6, 0xff,
  0xff, 0x48, 0x89, 0x05, 0x40, 0xce, 0x00, 0x00, 0x48, 0x85, 0xc0, 0x0f,
  0x84, 0x29, 0x01, 0x00, 0x00, 0x48, 0x8d, 0x15, 0x87, 0x73, 0x00, 0x00,
  0xbf, 0xff, 0xff, 0xff, 0xff, 0xbe, 0x02, 0x00, 0x00, 0x00, 0x67, 0xe8,
  0x10, 0xd6, 0xff, 0xff, 0x48, 0x89, 0x05, 0x71, 0xce, 0x00, 0x00, 0x48,
  0x85, 0xc0, 0x0f, 0x84, 0x02, 0x01, 0x00, 0x00, 0x48, 0x8d, 0x15, 0x77,
  0x67, 0x00, 0x00, 0xbf, 0xff, 0xff, 0xff, 0xff, 0xbe, 0x02, 0x00, 0x00,
  0x00, 0x67, 0xe8, 0xe9, 0xd5, 0xff, 0xff, 0x48, 0x89, 0x05, 0x6a, 0xce,
  0x00, 0x00, 0x48, 0x85, 0xc0, 0x0f, 0x84, 0xdb, 0x00, 0x00, 0x00, 0x48,
  0x8d, 0x15, 0xda, 0x6b, 0x00, 0x00, 0xbf, 0xff, 0xff, 0xff, 0xff, 0xbe,
  0x02, 0x00, 0x00, 0x00, 0x67, 0xe8, 0xc2, 0xd5, 0xff, 0xff, 0x48, 0x89,
  0x05, 0x53, 0xce, 0x00, 0x00, 0x48, 0x85, 0xc0, 0x0f, 0x84, 0xb4, 0x00,
  0x00, 0x00, 0x48, 0x8d, 0x15, 0x95, 0x64, 0x00, 0x00, 0xbf, 0xff, 0xff,
  0xff, 0xff, 0xbe, 0x02, 0x00, 0x00, 0x00, 0x67, 0xe8, 0x9b, 0xd5, 0xff,
  0xff, 0x48, 0x89, 0x05, 0x94, 0xcd, 0x00, 0x00, 0x48, 0x85, 0xc0, 0x0f,
  0x84, 0x8d, 0x00, 0x00, 0x00, 0x48, 0x8d, 0x15, 0x76, 0x64, 0x00, 0x00,
  0xbf, 0xff, 0xff, 0xff, 0xff, 0xbe, 0x02, 0x00, 0x00, 0x00, 0x67, 0xe8,
  0x74, 0xd5, 0xff, 0xff, 0x48, 0x89, 0x05, 0x85, 0xcd, 0x00, 0x00, 0x48,
  0x85, 0xc0, 0x74, 0x6a, 0x48, 0x8d, 0x15, 0xe1, 0x68, 0x00, 0x00, 0xbf,
  0xff, 0xff, 0xff, 0xff, 0xbe, 0x02, 0x00, 0x00, 0x00, 0x67, 0xe8, 0x51,
  0xd5, 0xff, 0xff, 0x48, 0x89, 0x05, 0x8a, 0xcd, 0x00, 0x00, 0x48, 0x85,
  0xc0, 0x74, 0x47, 0x48, 0x8d, 0x15, 0x77, 0x63, 0x00, 0x00, 0xbf, 0xff,
  0xff, 0xff, 0xff, 0xbe, 0x02, 0x00, 0x00, 0x00, 0x67, 0xe8, 0x2e, 0xd5,
  0xff, 0xff, 0x48, 0x89, 0x05, 0x2f, 0xcd, 0x00, 0x00, 0x48, 0x85, 0xc0,
  0x74, 0x24, 0x67, 0xe8, 0xdc, 0x15, 0x00, 0x00, 0x89, 0xc3, 0x85, 0xc0,
  0x75, 0x18, 0x67, 0xe8, 0x70, 0x0d, 0x00, 0x00, 0x89, 0xc3, 0x85, 0xc0,
  0x75, 0x0c, 0x67, 0xe8, 0xd4, 0x1f, 0x00, 0x00, 0x89, 0xc3, 0x85, 0xc0,
  0x74, 0x09, 0x89, 0xd8, 0x48, 0x83, 0xc4, 0x08, 0x5b, 0x5d, 0xc3, 0x48,
  0x83, 0xc4, 0x08, 0x5b, 0x5d, 0xe9, 0xda, 0x22, 0x00, 0x00, 0x90, 0xcc,
  0xcc, 0xcc, 0xcc, 0xcc, 0xcc, 0xcc, 0xcc, 0xcc, 0x55, 0x48, 0x89, 0xe5,
  0x41, 0x57, 0x41, 0x56, 0x53, 0x50, 0x48, 0x89, 0xf3, 0x49, 0x89, 0xfe,
  0xbf, 0x01, 0x00, 0x00, 0x00, 0xbe, 0xd0, 0x04, 0x00, 0x00, 0xff, 0x15,
  0xe0, 0xcc, 0x00, 0x00, 0x49, 0x89, 0xc7, 0x4c, 0x89, 0xb0, 0x50, 0x04,
  0x00, 0x00, 0x48, 0x8d, 0x05, 0x6f, 0x00, 0x00, 0x00, 0x49, 0x89, 0x07,
  0x48, 0x8d, 0x05, 0xd5, 0x09, 0x00, 0x00, 0x49, 0x89, 0x47, 0x08, 0x48,
  0x8d, 0x05, 0x3a, 0x0a, 0x00, 0x00, 0x49, 0x89, 0x47, 0x10, 0x48, 0x8d,
  0x05, 0xff, 0x0a, 0x00, 0x00, 0x49, 0x89, 0x47, 0x18, 0x48, 0x8d, 0x05,
  0x94, 0x0b, 0x00, 0x00, 0x49, 0x89, 0x47, 0x20, 0x48, 0x8d, 0x05, 0xd9,
  0x0b, 0x00, 0x00, 0x49, 0x89, 0x47, 0x28, 0x48, 0x8d, 0x05, 0x4e, 0x0c,
  0x00, 0x00, 0x49, 0x89, 0x47, 0x30, 0x41, 0xc7, 0x87, 0x48, 0x04, 0x00,
  0x00, 0x00, 0x00, 0x00, 0x00, 0x49, 0x8d, 0x7f, 0x38, 0x48, 0x89, 0xde,
  0xff, 0x15, 0x3a, 0xcc, 0x00, 0x00, 0x4c, 0x89, 0xf8, 0x48, 0x83, 0xc4,
  0x08, 0x5b, 0x41, 0x5e, 0x41, 0x5f, 0x5d, 0xc3, 0xcc, 0xcc, 0xcc, 0xcc,
  0x55, 0x48, 0x89, 0xe5, 0x41, 0x57, 0x41, 0x56, 0x41, 0x55, 0x41, 0x54,
  0x53, 0x48, 0x81, 0xec, 0x58, 0x04, 0x00, 0x00, 0x49, 0x89, 0xfe, 0x48,
  0x8d, 0x5f, 0x38, 0x48, 0x8d, 0xb5, 0x90, 0xfb, 0xff, 0xff, 0x48, 0x89,
  0xdf, 0x67, 0xe8, 0x35, 0xf3, 0xff, 0xff, 0x85, 0xc0, 0x0f, 0x85, 0x21,
  0x09, 0x00, 0x00, 0x48, 0x89, 0x5d, 0xd0, 0x48, 0x8d, 0xb5, 0x90, 0xfb,
  0xff, 0xff, 0xbf, 0x05, 0x00, 0x00, 0x00, 0x31, 0xd2, 0x31, 0xc0, 0x67,
  0xe8, 0x43, 0xa9, 0xff, 0xff, 0x49, 0x89, 0xc7, 0x45, 0x85, 0xff, 0x0f,
  0x88, 0xbb, 0x00, 0x00, 0x00, 0xbf, 0xde, 0x01, 0x00, 0x00, 0x44, 0x89,
  0xfe, 0x31, 0xd2, 0xb9, 0x02, 0x00, 0x00, 0x00, 0x31, 0xc0, 0x67, 0xe8,
  0x20, 0xa9, 0xff, 0xff, 0x48, 0x85, 0xc0, 0x78, 0x7d, 0x48, 0x89, 0xc3,
  0xbf, 0xde, 0x01, 0x00, 0x00, 0x44, 0x89, 0xfe, 0x31, 0xd2, 0x31, 0xc9,
  0x31, 0xc0, 0x67, 0xe8, 0x04, 0xa9, 0xff, 0xff, 0x48, 0x85, 0xc0, 0x78,
  0x61, 0x48, 0x89, 0xdf, 0xff, 0x15, 0x46, 0xcc, 0x00, 0x00, 0x48, 0x85,
  0xc0, 0x0f, 0x84, 0xb5, 0x06, 0x00, 0x00, 0x49, 0x89, 0xc4, 0xbf, 0x03,
  0x00, 0x00, 0x00, 0x44, 0x89, 0xfe, 0x48, 0x89, 0xc2, 0x48, 0x89, 0xd9,
  0x31, 0xc0, 0x67, 0xe8, 0xd4, 0xa8, 0xff, 0xff, 0x48, 0x39, 0xd8, 0x0f,
  0x85, 0x9f, 0x06, 0x00, 0x00, 0xbf, 0x06, 0x00, 0x00, 0x00, 0x44, 0x89,
  0xfe, 0x31, 0xc0, 0x67, 0xe8, 0xbb, 0xa8, 0xff, 0xff, 0x48, 0x85, 0xc0,
  0x79, 0x4a, 0x48, 0x8d, 0x3d, 0x79, 0x68, 0x00, 0x00, 0x67, 0xe8, 0x09,
  0xac, 0xff, 0xff, 0x4c, 0x89, 0xe7, 0xff, 0x15, 0x98, 0xcb, 0x00, 0x00,
  0xeb, 0x2f, 0x48, 0x8d, 0x3d, 0x51, 0x6f, 0x00, 0x00, 0x67, 0xe8, 0xf1,
  0xab, 0xff, 0xff, 0x45, 0x31, 0xe4, 0xbf, 0x06, 0x00, 0x00, 0x00, 0x44,
  0x89, 0xfe, 0x31, 0xc0, 0x67, 0xe8, 0x7e, 0xa8, 0xff, 0xff, 0xeb, 0x10,
  0x48, 0x8d, 0x3d, 0x22, 0x63, 0x00, 0x00, 0x67, 0xe8, 0xcf, 0xab, 0xff,
  0xff, 0x45, 0x31, 0xe4, 0x48, 0x8b, 0x75, 0xd0, 0x4d, 0x89, 0xa6, 0x68,
  0x04, 0x00, 0x00, 0xb8, 0xff, 0xff, 0xff, 0xff, 0x4d, 0x85, 0xe4, 0x0f,
  0x84, 0x17, 0x08, 0x00, 0x00, 0x4d, 0x89, 0xa6, 0x70, 0x04, 0x00, 0x00,
  0x49, 0x8b, 0x44, 0x24, 0x20, 0x49, 0x8d, 0x0c, 0x04, 0x49, 0x89, 0x8e,
  0x78, 0x04, 0x00, 0x00, 0x49, 0x8b, 0x4c, 0x24, 0x28, 0x4c, 0x01, 0xe1,
  0x49, 0x89, 0x8e, 0x80, 0x04, 0x00, 0x00, 0x41, 0x0f, 0xb7, 0x4c, 0x24,
  0x38, 0x48, 0x85, 0xc9, 0x74, 0x5e, 0x48, 0x6b, 0xc9, 0x38, 0x4e, 0x8d,
  0x4c, 0x20, 0x28, 0x48, 0xc7, 0xc0, 0xff, 0xff, 0xff, 0xff, 0x31, 0xff,
  0x31, 0xd2, 0x66, 0x66, 0x66, 0x66, 0x66, 0x2e, 0x0f, 0x1f, 0x84, 0x00,
  0x00, 0x00, 0x00, 0x00, 0x49, 0x89, 0xd0, 0x49, 0x8b, 0x54, 0x39, 0xe8,
  0x48, 0x39, 0xc2, 0x48, 0x0f, 0x42, 0xc2, 0x49, 0x03, 0x14, 0x39, 0x49,
  0x39, 0xd0, 0x49, 0x0f, 0x47, 0xd0, 0x48, 0x83, 0xc7, 0x38, 0x48, 0x39,
  0xf9, 0x75, 0xdd, 0x48, 0x25, 0x00, 0xc0, 0xff, 0xff, 0x48, 0x81, 0xc2,
  0xff, 0x3f, 0x00, 0x00, 0x48, 0x81, 0xe2, 0x00, 0xc0, 0xff, 0xff, 0x48,
  0x29, 0xc2, 0xeb, 0x05, 0xba, 0x00, 0x40, 0x00, 0x00, 0x49, 0x89, 0x96,
  0x40, 0x04, 0x00, 0x00, 0x66, 0x41, 0x83, 0x7c, 0x24, 0x10, 0x03, 0x0f,
  0x85, 0x5f, 0x05, 0x00, 0x00, 0x48, 0xc7, 0x04, 0x24, 0x00, 0x00, 0x00,
  0x00, 0xbf, 0xdd, 0x01, 0x00, 0x00, 0x31, 0xf6, 0xb9, 0x03, 0x00, 0x00,
  0x00, 0x41, 0xb8, 0x02, 0x10, 0x00, 0x00, 0x41, 0xb9, 0xff, 0xff, 0xff,
  0xff, 0x31, 0xc0, 0x67, 0xe8, 0x83, 0xa7, 0xff, 0xff, 0x49, 0x89, 0x86,
  0x38, 0x04, 0x00, 0x00, 0x48, 0x83, 0xf8, 0xff, 0x0f, 0x84, 0x31, 0x07,
  0x00, 0x00, 0x49, 0x8b, 0x86, 0x70, 0x04, 0x00, 0x00, 0x66, 0x83, 0x78,
  0x38, 0x00, 0x4c, 0x89, 0x75, 0xc0, 0xbf, 0x00, 0x00, 0x00, 0x00, 0x0f,
  0x84, 0xb3, 0x02, 0x00, 0x00, 0x4c, 0x8d, 0x3d, 0xd0, 0x74, 0x00, 0x00,
  0x31, 0xdb, 0x31, 0xff, 0x66, 0x66, 0x66, 0x2e, 0x0f, 0x1f, 0x84, 0x00,
  0x00, 0x00, 0x00, 0x00, 0x4d, 0x8b, 0x86, 0x78, 0x04, 0x00, 0x00, 0x48,
  0x6b, 0xcb, 0x38, 0x41, 0x8b, 0x04, 0x08, 0x83, 0xf8, 0x02, 0x74, 0x4c,
  0x83, 0xf8, 0x01, 0x0f, 0x85, 0x64, 0x02, 0x00, 0x00, 0x31, 0xff, 0x49,
  0x83, 0x7c, 0x08, 0x28, 0x00, 0x0f, 0x84, 0x56, 0x02, 0x00, 0x00, 0x49,
  0x8b, 0x54, 0x08, 0x20, 0x48, 0x85, 0xd2, 0x0f, 0x84, 0x48, 0x02, 0x00,
  0x00, 0x49, 0x8b, 0xbe, 0x38, 0x04, 0x00, 0x00, 0x49, 0x8b, 0xb6, 0x68,
  0x04, 0x00, 0x00, 0x49, 0x03, 0x7c, 0x08, 0x10, 0x49, 0x03, 0x74, 0x08,
  0x08, 0xff, 0x15, 0x49, 0xca, 0x00, 0x00, 0x31, 0xff, 0xe9, 0x23, 0x02,
  0x00, 0x00, 0x66, 0x90, 0x49, 0x8b, 0x86, 0x68, 0x04, 0x00, 0x00, 0x49,
  0x8b, 0x4c, 0x08, 0x08, 0x48, 0x8d, 0x74, 0x08, 0x08, 0x31, 0xd2, 0xeb,
  0x0e, 0x48, 0x8b, 0x3e, 0x49, 0x89, 0xbe, 0xc8, 0x04, 0x00, 0x00, 0x48,
  0x83, 0xc6, 0x10, 0x48, 0x8b, 0x7e, 0xf8, 0x48, 0x83, 0xff, 0x1c, 0x77,
  0x19, 0x49, 0x63, 0x3c, 0xbf, 0x4c, 0x01, 0xff, 0xff, 0xe7, 0x48, 0x8b,
  0x3e, 0x49, 0x89, 0xbe, 0xa8, 0x04, 0x00, 0x00, 0x48, 0x83, 0xc6, 0x10,
  0xeb, 0xdd, 0x48, 0x81, 0xff, 0xf5, 0xfe, 0xff, 0x6f, 0x75, 0xd0, 0x49,
  0x8b, 0x50, 0x08, 0x48, 0x01, 0xc2, 0x48, 0x03, 0x16, 0x48, 0x83, 0xc6,
  0x10, 0xeb, 0xc4, 0x49, 0x8b, 0xbe, 0x38, 0x04, 0x00, 0x00, 0x48, 0x03,
  0x3e, 0x49, 0x89, 0xbe, 0xb0, 0x04, 0x00, 0x00, 0x48, 0x83, 0xc6, 0x10,
  0xeb, 0xad, 0x48, 0x8b, 0x3e, 0x49, 0x89, 0xbe, 0xb8, 0x04, 0x00, 0x00,
  0x48, 0x83, 0xc6, 0x10, 0xeb, 0x9d, 0x49, 0x8b, 0x78, 0x08, 0x48, 0x01,
  0xc7, 0x48, 0x03, 0x3e, 0x49, 0x89, 0xbe, 0xa0, 0x04, 0x00, 0x00, 0x48,
  0x83, 0xc6, 0x10, 0xeb, 0x86, 0x49, 0x8b, 0xbe, 0x38, 0x04, 0x00, 0x00,
  0x48, 0x03, 0x3e, 0x49, 0x89, 0xbe, 0xc0, 0x04, 0x00, 0x00, 0x48, 0x83,
  0xc6, 0x10, 0xe9, 0x6c, 0xff, 0xff, 0xff, 0x49, 0x8b, 0x78, 0x08, 0x48,
  0x01, 0xc7, 0x48, 0x03, 0x3e, 0x49, 0x89, 0xbe, 0x90, 0x04, 0x00, 0x00,
  0x48, 0x83, 0xc6, 0x10, 0xe9, 0x52, 0xff, 0xff, 0xff, 0x49, 0x8b, 0x78,
  0x08, 0x48, 0x01, 0xc7, 0x48, 0x03, 0x3e, 0x49, 0x89, 0xbe, 0x88, 0x04,
  0x00, 0x00, 0x48, 0x83, 0xc6, 0x10, 0xe9, 0x38, 0xff, 0xff, 0xff, 0x0f,
  0x1f, 0x44, 0x00, 0x00, 0x48, 0x89, 0x5d, 0xb8, 0x48, 0x85, 0xd2, 0x74,
  0x7d, 0x8b, 0x32, 0x48, 0x85, 0xf6, 0x74, 0x6a, 0x8b, 0x7a, 0x04, 0x44,
  0x8b, 0x42, 0x08, 0x4a, 0x8d, 0x14, 0xc2, 0x4c, 0x8d, 0x44, 0xb2, 0x10,
  0xf7, 0xdf, 0x45, 0x31, 0xd2, 0x45, 0x31, 0xc9, 0xeb, 0x0e, 0x66, 0x0f,
  0x1f, 0x44, 0x00, 0x00, 0x49, 0xff, 0xc2, 0x49, 0x39, 0xf2, 0x74, 0x35,
  0x46, 0x8b, 0x5c, 0x92, 0x10, 0x45, 0x85, 0xdb, 0x74, 0xee, 0x66, 0x66,
  0x66, 0x66, 0x66, 0x2e, 0x0f, 0x1f, 0x84, 0x00, 0x00, 0x00, 0x00, 0x00,
  0x42, 0x8d, 0x1c, 0x1f, 0x41, 0xff, 0xc3, 0x41, 0xf6, 0x04, 0x98, 0x01,
  0x74, 0xf2, 0x41, 0xff, 0xcb, 0x45, 0x39, 0xcb, 0x45, 0x0f, 0x46, 0xd9,
  0x45, 0x89, 0xd9, 0xeb, 0xc3, 0x41, 0xff, 0xc1, 0x49, 0xc1, 0xe1, 0x03,
  0x4b, 0x8d, 0x14, 0x49, 0xeb, 0x05, 0xba, 0x18, 0x00, 0x00, 0x00, 0x49,
  0x89, 0x96, 0x98, 0x04, 0x00, 0x00, 0x48, 0x8b, 0x14, 0x08, 0x48, 0x85,
  0xd2, 0x41, 0x0f, 0x95, 0xc6, 0x0f, 0x84, 0x89, 0x00, 0x00, 0x00, 0x48,
  0x8d, 0x5c, 0x08, 0x10, 0x41, 0xb6, 0x01, 0xeb, 0x38, 0x48, 0x8d, 0x3d,
  0x49, 0x70, 0x00, 0x00, 0x48, 0x8b, 0x75, 0xd0, 0x4c, 0x89, 0xea, 0x31,
  0xc0, 0x67, 0xe8, 0xf9, 0xa5, 0xff, 0xff, 0x4c, 0x89, 0xe7, 0x67, 0xe8,
  0x50, 0xf9, 0xff, 0xff, 0xb8, 0xff, 0xff, 0xff, 0xff, 0x85, 0xc0, 0x75,
  0x57, 0x48, 0x8b, 0x13, 0x48, 0x83, 0xc3, 0x10, 0x48, 0x85, 0xd2, 0x41,
  0x0f, 0x95, 0xc6, 0x74, 0x47, 0x48, 0x83, 0xfa, 0x01, 0x75, 0xea, 0x48,
  0x8b, 0x7d, 0xc0, 0x4c, 0x8b, 0xaf, 0x88, 0x04, 0x00, 0x00, 0x4c, 0x03,
  0x6b, 0xf8, 0x4c, 0x89, 0xee, 0x67, 0xe8, 0x89, 0xf2, 0xff, 0xff, 0x49,
  0x89, 0xc4, 0xb8, 0xff, 0xff, 0xff, 0xff, 0x4d, 0x85, 0xe4, 0x74, 0xc1,
  0x4c, 0x89, 0xe7, 0x67, 0xe8, 0x13, 0xf5, 0xff, 0xff, 0x85, 0xc0, 0x75,
  0x90, 0x48, 0x8b, 0x7d, 0xc0, 0x4c, 0x89, 0xe6, 0x67, 0xe8, 0x32, 0xf5,
  0xff, 0xff, 0xeb, 0xa5, 0x41, 0x0f, 0xb6, 0xfe, 0x83, 0xe7, 0x01, 0xf7,
  0xdf, 0x4c, 0x8b, 0x75, 0xc0, 0x48, 0x8b, 0x5d, 0xb8, 0x48, 0xff, 0xc3,
  0x49, 0x8b, 0x86, 0x70, 0x04, 0x00, 0x00, 0x0f, 0xb7, 0x40, 0x38, 0x48,
  0x39, 0xc3, 0x73, 0x08, 0x85, 0xff, 0x0f, 0x84, 0x64, 0xfd, 0xff, 0xff,
  0x49, 0x8b, 0x86, 0x70, 0x04, 0x00, 0x00, 0x66, 0x83, 0x78, 0x3c, 0x00,
  0x0f, 0x94, 0xc0, 0x85, 0xff, 0x0f, 0x95, 0xc1, 0x08, 0xc1, 0x0f, 0x85,
  0x9d, 0x02, 0x00, 0x00, 0x31, 0xc9, 0x48, 0x8d, 0x1d, 0x73, 0x72, 0x00,
  0x00, 0x31, 0xd2, 0xeb, 0x33, 0x66, 0x66, 0x2e, 0x0f, 0x1f, 0x84, 0x00,
  0x00, 0x00, 0x00, 0x00, 0x48, 0x8b, 0x55, 0xb0, 0x48, 0xff, 0xc2, 0x49,
  0x8b, 0x86, 0x70, 0x04, 0x00, 0x00, 0x0f, 0xb7, 0x40, 0x3c, 0x48, 0x39,
  0xc2, 0x0f, 0x93, 0xc0, 0x85, 0xff, 0x0f, 0x95, 0xc1, 0x08, 0xc1, 0x80,
  0xf9, 0x01, 0x0f, 0x84, 0x5d, 0x02, 0x00, 0x00, 0x49, 0x8b, 0x86, 0x80,
  0x04, 0x00, 0x00, 0x48, 0x89, 0xd6, 0x48, 0xc1, 0xe6, 0x06, 0x83, 0x7c,
  0x30, 0x04, 0x04, 0x48, 0x89, 0x55, 0xb0, 0x75, 0xbf, 0x48, 0x83, 0x7c,
  0x30, 0x20, 0x18, 0x72, 0xb7, 0x85, 0xff, 0x75, 0xb3, 0x48, 0x89, 0x4d,
  0xa0, 0x4d, 0x8b, 0xbe, 0x68, 0x04, 0x00, 0x00, 0x4c, 0x03, 0x7c, 0x30,
  0x18, 0x45, 0x31, 0xed, 0x48, 0x89, 0x75, 0xb8, 0x66, 0x66, 0x66, 0x2e,
  0x0f, 0x1f, 0x84, 0x00, 0x00, 0x00, 0x00, 0x00, 0x4f, 0x8d, 0x64, 0x6d,
  0x00, 0x4b, 0x8b, 0x44, 0xe7, 0x08, 0x8d, 0x48, 0xff, 0x83, 0xf9, 0x07,
  0x0f, 0x87, 0xd9, 0x01, 0x00, 0x00, 0x4b, 0x8d, 0x34, 0xe7, 0x48, 0x63,
  0x0c, 0x8b, 0x48, 0x01, 0xd9, 0xff, 0xe1, 0x4c, 0x89, 0xf7, 0xe8, 0xd5,
  0x07, 0x00, 0x00, 0x89, 0xc7, 0xe9, 0x49, 0x01, 0x00, 0x00, 0x66, 0x66,
  0x66, 0x66, 0x66, 0x2e, 0x0f, 0x1f, 0x84, 0x00, 0x00, 0x00, 0x00, 0x00,
  0x49, 0x8b, 0x8e, 0x90, 0x04, 0x00, 0x00, 0x48, 0xc1, 0xe8, 0x20, 0x4c,
  0x89, 0xf2, 0x4c, 0x8d, 0x34, 0x40, 0x4c, 0x8b, 0x82, 0x38, 0x04, 0x00,
  0x00, 0x48, 0x8b, 0x9a, 0x88, 0x04, 0x00, 0x00, 0x48, 0x89, 0x4d, 0x98,
  0x42, 0x8b, 0x04, 0xf1, 0x48, 0x8b, 0x0e, 0x48, 0xc7, 0x45, 0xc8, 0x00,
  0x00, 0x00, 0x00, 0x66, 0x66, 0x66, 0x66, 0x2e, 0x0f, 0x1f, 0x84, 0x00,
  0x00, 0x00, 0x00, 0x00, 0x48, 0x89, 0xd7, 0x48, 0x8b, 0x92, 0x50, 0x04,
  0x00, 0x00, 0x48, 0x85, 0xd2, 0x75, 0xf1, 0x48, 0x01, 0xc3, 0x49, 0x01,
  0xc8, 0x4c, 0x89, 0x45, 0xa8, 0x48, 0x89, 0xde, 0x67, 0xe8, 0x4e, 0xf5,
  0xff, 0xff, 0x48, 0x85, 0xc0, 0x74, 0x15, 0x48, 0x89, 0xc7, 0x48, 0x89,
  0xde, 0x67, 0xe8, 0xfd, 0xf5, 0xff, 0xff, 0x48, 0x89, 0x45, 0xc8, 0x48,
  0x85, 0xc0, 0x75, 0x27, 0x48, 0x8b, 0x7d, 0xc0, 0x48, 0x89, 0xde, 0x67,
  0xe8, 0x27, 0xf5, 0xff, 0xff, 0x48, 0x85, 0xc0, 0x74, 0x6b, 0x48, 0x89,
  0xc7, 0x48, 0x89, 0xde, 0x67, 0xe8, 0xd6, 0xf5, 0xff, 0xff, 0x48, 0x89,
  0x45, 0xc8, 0x48, 0x85, 0xc0, 0x74, 0x56, 0x4b, 0x03, 0x44, 0xe7, 0x10,
  0x48, 0x89, 0x45, 0xc8, 0xba, 0x08, 0x00, 0x00, 0x00, 0x48, 0x8b, 0x7d,
  0xa8, 0x48, 0x8d, 0x75, 0xc8, 0xff, 0x15, 0x61, 0xc6, 0x00, 0x00, 0x31,
  0xff, 0xeb, 0x6d, 0x66, 0x66, 0x66, 0x66, 0x2e, 0x0f, 0x1f, 0x84, 0x00,
  0x00, 0x00, 0x00, 0x00, 0x49, 0x8b, 0x86, 0x38, 0x04, 0x00, 0x00, 0x48,
  0x8b, 0x3e, 0x48, 0x01, 0xc7, 0x4b, 0x03, 0x44, 0xe7, 0x10, 0x48, 0x89,
  0x45, 0xc8, 0xba, 0x08, 0x00, 0x00, 0x00, 0x48, 0x8d, 0x75, 0xc8, 0xff,
  0x15, 0x2b, 0xc6, 0x00, 0x00, 0x31, 0xff, 0xeb, 0x42, 0x48, 0x8b, 0x45,
  0x98, 0x42, 0x0f, 0xb6, 0x44, 0xf0, 0x04, 0x24, 0xf0, 0x31, 0xff, 0x3c,
  0x20, 0x74, 0x25, 0x48, 0x8d, 0x3d, 0xe2, 0x6b, 0x00, 0x00, 0x48, 0x8b,
  0x75, 0xd0, 0x48, 0x89, 0xda, 0x31, 0xc0, 0x67, 0xe8, 0x5f, 0xa3, 0xff,
  0xff, 0xbf, 0xff, 0xff, 0xff, 0xff, 0x66, 0x2e, 0x0f, 0x1f, 0x84, 0x00,
  0x00, 0x00, 0x00, 0x00, 0x4c, 0x8b, 0x75, 0xc0, 0x48, 0x8d, 0x1d, 0x79,
  0x70, 0x00, 0x00, 0x49, 0x8b, 0x86, 0x80, 0x04, 0x00, 0x00, 0x48, 0xba,
  0xab, 0xaa, 0xaa, 0xaa, 0xaa, 0xaa, 0xaa, 0xaa, 0x48, 0x8b, 0x4d, 0xb8,
  0xc4, 0xe2, 0xfb, 0xf6, 0x44, 0x08, 0x20, 0x85, 0xff, 0x0f, 0x85, 0xf1,
  0xfd, 0xff, 0xff, 0x49, 0xff, 0xc5, 0x48, 0xc1, 0xe8, 0x04, 0x4c, 0x39,
  0xe8, 0x0f, 0x87, 0x51, 0xfe, 0xff, 0xff, 0xe9, 0xdc, 0xfd, 0xff, 0xff,
  0x48, 0x8d, 0x3d, 0xf1, 0x5e, 0x00, 0x00, 0x31, 0xc0, 0x67, 0xe8, 0xfd,
  0xa2, 0xff, 0xff, 0xe9, 0xf7, 0x01, 0x00, 0x00, 0x48, 0x8d, 0x3d, 0x95,
  0x64, 0x00, 0x00, 0xe9, 0x95, 0xf9, 0xff, 0xff, 0x48, 0x8d, 0x3d, 0x04,
  0x61, 0x00, 0x00, 0x67, 0xe8, 0x7f, 0xa5, 0xff, 0xff, 0x4c, 0x89, 0xe7,
  0xff, 0x15, 0x0e, 0xc5, 0x00, 0x00, 0xe9, 0x80, 0xf9, 0xff, 0xff, 0x48,
  0x8b, 0x45, 0xb0, 0x48, 0x8d, 0x04, 0x40, 0x49, 0x8b, 0x74, 0xc7, 0x08,
  0x48, 0x89, 0xfb, 0x48, 0x8d, 0x3d, 0xca, 0x6d, 0x00, 0x00, 0x31, 0xc0,
  0x67, 0xe8, 0xb2, 0xa2, 0xff, 0xff, 0x48, 0x89, 0xdf, 0x48, 0x8b, 0x4d,
  0xa0, 0xf6, 0xc1, 0x01, 0x0f, 0x84, 0xa1, 0x01, 0x00, 0x00, 0x48, 0x89,
  0x7d, 0xc0, 0x49, 0x83, 0xbe, 0xa8, 0x04, 0x00, 0x00, 0x18, 0x0f, 0x83,
  0x27, 0x01, 0x00, 0x00, 0x49, 0x8b, 0x8e, 0x70, 0x04, 0x00, 0x00, 0x4c,
  0x8b, 0x65, 0xc0, 0x45, 0x85, 0xe4, 0x0f, 0x94, 0xc0, 0x66, 0x83, 0x79,
  0x38, 0x00, 0x0f, 0x84, 0xed, 0x00, 0x00, 0x00, 0x45, 0x85, 0xe4, 0x0f,
  0x85, 0xe4, 0x00, 0x00, 0x00, 0xbb, 0x01, 0x00, 0x00, 0x00, 0x4c, 0x8d,
  0x2d, 0x8f, 0x5a, 0x00, 0x00, 0x45, 0x31, 0xff, 0x66, 0x66, 0x66, 0x2e,
  0x0f, 0x1f, 0x84, 0x00, 0x00, 0x00, 0x00, 0x00, 0x49, 0x8b, 0x86, 0x78,
  0x04, 0x00, 0x00, 0x42, 0x83, 0x3c, 0x38, 0x01, 0x0f, 0x85, 0x7e, 0x00,
  0x00, 0x00, 0x4a, 0x8b, 0x54, 0x38, 0x28, 0x48, 0x85, 0xd2, 0x74, 0x74,
  0x49, 0x8b, 0xb6, 0x38, 0x04, 0x00, 0x00, 0x4a, 0x03, 0x74, 0x38, 0x10,
  0x48, 0x81, 0xc2, 0xff, 0x3f, 0x00, 0x00, 0x48, 0x81, 0xe2, 0x00, 0xc0,
  0xff, 0xff, 0x42, 0x0f, 0xb6, 0x44, 0x38, 0x04, 0xc0, 0xc0, 0x04, 0x89,
  0xc1, 0x80, 0xe1, 0x33, 0xc0, 0xe1, 0x02, 0xc0, 0xe8, 0x02, 0x24, 0x33,
  0x08, 0xc8, 0x89, 0xc1, 0x80, 0xe1, 0x55, 0x00, 0xc9, 0xd0, 0xe8, 0x24,
  0x55, 0x08, 0xc8, 0x89, 0xc7, 0x40, 0xc0, 0xff, 0x05, 0xc0, 0xe8, 0x05,
  0x0f, 0xb6, 0xc8, 0x40, 0x84, 0xff, 0x78, 0x4c, 0xbf, 0x4a, 0x00, 0x00,
  0x00, 0x31, 0xc0, 0x67, 0xe8, 0x17, 0xa1, 0xff, 0xff, 0x85, 0xc0, 0x74,
  0x13, 0x4c, 0x89, 0xef, 0x67, 0xe8, 0x6a, 0xa4, 0xff, 0xff, 0x41, 0xbc,
  0x01, 0x00, 0x00, 0x00, 0x0f, 0x1f, 0x40, 0x00, 0x49, 0x8b, 0x86, 0x70,
  0x04, 0x00, 0x00, 0x0f, 0xb7, 0x48, 0x38, 0x45, 0x85, 0xe4, 0x0f, 0x94,
  0xc0, 0x48, 0x39, 0xcb, 0x73, 0x23, 0x49, 0x83, 0xc7, 0x38, 0x48, 0xff,
  0xc3, 0x45, 0x85, 0xe4, 0x0f, 0x84, 0x4a, 0xff, 0xff, 0xff, 0xeb, 0x11,
  0xbf, 0xff, 0xff, 0xff, 0xff, 0x67, 0xe8, 0x5d, 0xe6, 0xff, 0xff, 0x85,
  0xc0, 0x75, 0xb6, 0xeb, 0xc7, 0x84, 0xc0, 0x48, 0x8b, 0x7d, 0xd0, 0xb8,
  0xff, 0xff, 0xff, 0xff, 0x74, 0x7e, 0x48, 0x8d, 0xb5, 0x90, 0xfb, 0xff,
  0xff, 0xff, 0x15, 0x45, 0xc3, 0x00, 0x00, 0x31, 0xc0, 0xeb, 0x6d, 0x48,
  0xbb, 0xab, 0xaa, 0xaa, 0xaa, 0xaa, 0xaa, 0xaa, 0xaa, 0x4c, 0x8d, 0x2d,
  0x58, 0xa1, 0xff, 0xff, 0x45, 0x31, 0xff, 0x45, 0x31, 0xe4, 0xeb, 0x2f,
  0x48, 0x8d, 0x3d, 0xb0, 0x66, 0x00, 0x00, 0x48, 0x89, 0xc6, 0x31, 0xc0,
  0x41, 0xff, 0xd5, 0x49, 0xff, 0xc4, 0x48, 0x89, 0xda, 0xc4, 0xc2, 0xfb,
  0xf6, 0x86, 0xa8, 0x04, 0x00, 0x00, 0x48, 0xc1, 0xe8, 0x04, 0x49, 0x83,
  0xc7, 0x18, 0x4c, 0x39, 0xe0, 0x0f, 0x86, 0x91, 0xfe, 0xff, 0xff, 0x49,
  0x8b, 0xb6, 0xa0, 0x04, 0x00, 0x00, 0x4a, 0x8b, 0x44, 0x3e, 0x08, 0x83,
  0xf8, 0x07, 0x75, 0xc0, 0x4c, 0x01, 0xfe, 0x4c, 0x89, 0xf7, 0xe8, 0x45,
  0x04, 0x00, 0x00, 0x85, 0xc0, 0x74, 0xc0, 0xb8, 0xff, 0xff, 0xff, 0xff,
  0x48, 0x81, 0xc4, 0x58, 0x04, 0x00, 0x00, 0x5b, 0x41, 0x5c, 0x41, 0x5d,
  0x41, 0x5e, 0x41, 0x5f, 0x5d, 0xc3, 0xcc, 0xcc, 0xcc, 0xcc, 0xcc, 0xcc,
  0xcc, 0xcc, 0xcc, 0xcc, 0x48, 0x83, 0xbf, 0xb8, 0x04, 0x00, 0x00, 0x08,
  0x72, 0x5d, 0x55, 0x48, 0x89, 0xe5, 0x41, 0x57, 0x41, 0x56, 0x41, 0x55,
  0x41, 0x54, 0x53, 0x50, 0x48, 0x89, 0xcb, 0x49, 0x89, 0xd6, 0x41, 0x89,
  0xf7, 0x49, 0x89, 0xfc, 0x45, 0x31, 0xed, 0x66, 0x0f, 0x1f, 0x84, 0x00,
  0x00, 0x00, 0x00, 0x00, 0x49, 0x8b, 0x84, 0x24, 0xb0, 0x04, 0x00, 0x00,
  0x44, 0x89, 0xff, 0x4c, 0x89, 0xf6, 0x48, 0x89, 0xda, 0x42, 0xff, 0x14,
  0xe8, 0x49, 0xff, 0xc5, 0x49, 0x8b, 0x84, 0x24, 0xb8, 0x04, 0x00, 0x00,
  0x48, 0xc1, 0xe8, 0x03, 0x49, 0x39, 0xc5, 0x72, 0xd7, 0x48, 0x83, 0xc4,
  0x08, 0x5b, 0x41, 0x5c, 0x41, 0x5d, 0x41, 0x5e, 0x41, 0x5f, 0x5d, 0x31,
  0xc0, 0xc3, 0xcc, 0xcc, 0xcc, 0xcc, 0xcc, 0xcc, 0x55, 0x48, 0x89, 0xe5,
  0x41, 0x57, 0x41, 0x56, 0x41, 0x55, 0x41, 0x54, 0x53, 0x50, 0x48, 0x83,
  0xbf, 0x90, 0x04, 0x00, 0x00, 0x00, 0x74, 0x21, 0x49, 0x89, 0xfe, 0x48,
  0x83, 0xbf, 0x88, 0x04, 0x00, 0x00, 0x00, 0x74, 0x14, 0x49, 0x83, 0xbe,
  0x38, 0x04, 0x00, 0x00, 0x00, 0x74, 0x0a, 0x49, 0x83, 0xbe, 0x98, 0x04,
  0x00, 0x00, 0x18, 0x73, 0x14, 0x31, 0xdb, 0x48, 0x89, 0xd8, 0x48, 0x83,
  0xc4, 0x08, 0x5b, 0x41, 0x5c, 0x41, 0x5d, 0x41, 0x5e, 0x41, 0x5f, 0x5d,
  0xc3, 0x49, 0x89, 0xf7, 0x31, 0xdb, 0x45, 0x31, 0xed, 0x45, 0x31, 0xe4,
  0xeb, 0x29, 0x66, 0x0f, 0x1f, 0x44, 0x00, 0x00, 0x49, 0xff, 0xc4, 0x48,
  0xba, 0xab, 0xaa, 0xaa, 0xaa, 0xaa, 0xaa, 0xaa, 0xaa, 0xc4, 0xc2, 0xfb,
  0xf6, 0x86, 0x98, 0x04, 0x00, 0x00, 0x48, 0xc1, 0xe8, 0x04, 0x49, 0x83,
  0xc5, 0x18, 0x49, 0x39, 0xc4, 0x73, 0xb8, 0x49, 0x8b, 0x86, 0x90, 0x04,
  0x00, 0x00, 0x4a, 0x83, 0x7c, 0x28, 0x10, 0x00, 0x74, 0xce, 0x42, 0x8b,
  0x34, 0x28, 0x49, 0x03, 0xb6, 0x88, 0x04, 0x00, 0x00, 0x4c, 0x89, 0xff,
  0xff, 0x15, 0x2a, 0xc2, 0x00, 0x00, 0x85, 0xc0, 0x75, 0xb6, 0x49, 0x8b,
  0x9e, 0x38, 0x04, 0x00, 0x00, 0x49, 0x8b, 0x86, 0x90, 0x04, 0x00, 0x00,
  0x4a, 0x03, 0x5c, 0x28, 0x08, 0xe9, 0x79, 0xff, 0xff, 0xff, 0xcc, 0xcc,
  0xcc, 0xcc, 0xcc, 0xcc, 0xcc, 0xcc, 0xcc, 0xcc, 0xcc, 0xcc, 0xcc, 0xcc,
  0x48, 0x8b, 0x8f, 0x90, 0x04, 0x00, 0x00, 0x48, 0x85, 0xc9, 0x74, 0x4a,
  0x4c, 0x8b, 0x87, 0x88, 0x04, 0x00, 0x00, 0x4d, 0x85, 0xc0, 0x74, 0x3e,
  0x4c, 0x8b, 0x8f, 0x38, 0x04, 0x00, 0x00, 0x31, 0xc0, 0x4d, 0x85, 0xc9,
  0x74, 0x32, 0x49, 0x39, 0xf1, 0x77, 0x2d, 0x48, 0x8b, 0x87, 0x40, 0x04,
  0x00, 0x00, 0x4c, 0x01, 0xc8, 0x48, 0x39, 0xf0, 0x72, 0x1c, 0x48, 0x8b,
  0x97, 0x98, 0x04, 0x00, 0x00, 0x48, 0xb8, 0xab, 0xaa, 0xaa, 0xaa, 0xaa,
  0xaa, 0xaa, 0xaa, 0xc4, 0xe2, 0xc3, 0xf6, 0xf8, 0x48, 0x83, 0xfa, 0x18,
  0x73, 0x03, 0x31, 0xc0, 0xc3, 0x48, 0xc1, 0xef, 0x04, 0x48, 0x83, 0xc1,
  0x10, 0x31, 0xc0, 0xeb, 0x14, 0x66, 0x66, 0x2e, 0x0f, 0x1f, 0x84, 0x00,
  0x00, 0x00, 0x00, 0x00, 0x48, 0x83, 0xc1, 0x18, 0x48, 0xff, 0xcf, 0x74,
  0xdf, 0x48, 0x8b, 0x11, 0x48, 0x85, 0xd2, 0x74, 0xef, 0x4c, 0x8b, 0x51,
  0xf8, 0x4d, 0x01, 0xca, 0x49, 0x39, 0xf2, 0x77, 0xe3, 0x49, 0x01, 0xd2,
  0x49, 0x39, 0xf2, 0x72, 0xdb, 0x8b, 0x41, 0xf0, 0x49, 0x01, 0xc0, 0x4c,
  0x89, 0xc0, 0xc3, 0xcc, 0x48, 0x83, 0xbf, 0xc8, 0x04, 0x00, 0x00, 0x08,
  0x72, 0x38, 0x55, 0x48, 0x89, 0xe5, 0x41, 0x56, 0x53, 0x48, 0x89, 0xfb,
  0x45, 0x31, 0xf6, 0x66, 0x0f, 0x1f, 0x84, 0x00, 0x00, 0x00, 0x00, 0x00,
  0x48, 0x8b, 0x83, 0xc0, 0x04, 0x00, 0x00, 0x42, 0xff, 0x14, 0xf0, 0x49,
  0xff, 0xc6, 0x48, 0x8b, 0x83, 0xc8, 0x04, 0x00, 0x00, 0x48, 0xc1, 0xe8,
  0x03, 0x49, 0x39, 0xc6, 0x72, 0xe2, 0x5b, 0x41, 0x5e, 0x5d, 0x31, 0xc0,
  0xc3, 0xcc, 0xcc, 0xcc, 0xcc, 0xcc, 0xcc, 0xcc, 0xcc, 0xcc, 0xcc, 0xcc,
  0x55, 0x48, 0x89, 0xe5, 0x53, 0x50, 0x48, 0x89, 0xfb, 0x48, 0x8b, 0xbf,
  0x68, 0x04, 0x00, 0x00, 0x48, 0x85, 0xff, 0x74, 0x06, 0xff, 0x15, 0xcd,
  0xc0, 0x00, 0x00, 0x48, 0x8b, 0xb3, 0x38, 0x04, 0x00, 0x00, 0x48, 0x85,
  0xf6, 0x74, 0x14, 0x48, 0x8b, 0x93, 0x40, 0x04, 0x00, 0x00, 0xbf, 0x49,
  0x00, 0x00, 0x00, 0x31, 0xc0, 0x67, 0xe8, 0xb5, 0x9d, 0xff, 0xff, 0xc5,
  0xf8, 0x57, 0xc0, 0xc5, 0xfc, 0x11, 0x83, 0x68, 0x04, 0x00, 0x00, 0xc5,
  0xf8, 0x57, 0xc0, 0xc5, 0xf8, 0x11, 0x83, 0x88, 0x04, 0x00, 0x00, 0x48,
  0xc7, 0x83, 0x98, 0x04, 0x00, 0x00, 0x00, 0x00, 0x00, 0x00, 0xc5, 0xf8,
  0x11, 0x83, 0x38, 0x04, 0x00, 0x00, 0x31, 0xc0, 0x48, 0x83, 0xc4, 0x08,
  0x5b, 0x5d, 0xc5, 0xf8, 0x77, 0xc3, 0xcc, 0xcc, 0xcc, 0xcc, 0xcc, 0xcc,
  0xcc, 0xcc, 0xcc, 0xcc, 0xcc, 0xcc, 0xcc, 0xcc, 0x55, 0x48, 0x89, 0xe5,
  0x53, 0x50, 0x48, 0x89, 0xfb, 0x48, 0x8b, 0xbf, 0x68, 0x04, 0x00, 0x00,
  0x48, 0x85, 0xff, 0x74, 0x06, 0xff, 0x15, 0x4d, 0xc0, 0x00, 0x00, 0x48,
  0x8b, 0xb3, 0x38, 0x04, 0x00, 0x00, 0x48, 0x85, 0xf6, 0x74, 0x14, 0x48,
  0x8b, 0x93, 0x40, 0x04, 0x00, 0x00, 0xbf, 0x49, 0x00, 0x00, 0x00, 0x31,
  0xc0, 0x67, 0xe8, 0x35, 0x9d, 0xff, 0xff, 0xc5, 0xf8, 0x57, 0xc0, 0xc5,
  0xfc, 0x11, 0x83, 0x68, 0x04, 0x00, 0x00, 0xc5, 0xf8, 0x57, 0xc0, 0xc5,
  0xf8, 0x11, 0x83, 0x88, 0x04, 0x00, 0x00, 0x48, 0xc7, 0x83, 0x98, 0x04,
  0x00, 0x00, 0x00, 0x00, 0x00, 0x00, 0xc5, 0xf8, 0x11, 0x83, 0x38, 0x04,
  0x00, 0x00, 0x48, 0x89, 0xdf, 0x48, 0x83, 0xc4, 0x08, 0x5b, 0x5d, 0xc5,
  0xf8, 0x77, 0xff, 0x25, 0xf0, 0xbf, 0x00, 0x00, 0xcc, 0xcc, 0xcc, 0xcc,
  0xcc, 0xcc, 0xcc, 0xcc, 0x55, 0x48, 0x89, 0xe5, 0x53, 0x50, 0x48, 0x8d,
  0x15, 0xfa, 0x64, 0x00, 0x00, 0xbb, 0xff, 0xff, 0xff, 0xff, 0xbf, 0xff,
  0xff, 0xff, 0xff, 0xbe, 0x02, 0x00, 0x00, 0x00, 0x67, 0xe8, 0x7e, 0xc7,
  0xff, 0xff, 0x48, 0x89, 0x05, 0xe7, 0xbf, 0x00, 0x00, 0x48, 0x85, 0xc0,
  0x0f, 0x84, 0xb4, 0x00, 0x00, 0x00, 0x48, 0x8d, 0x15, 0x7a, 0x5c, 0x00,
  0x00, 0xbf, 0xff, 0xff, 0xff, 0xff, 0xbe, 0x02, 0x00, 0x00, 0x00, 0x67,
  0xe8, 0x57, 0xc7, 0xff, 0xff, 0x48, 0x89, 0x05, 0x38, 0xbf, 0x00, 0x00,
  0x48, 0x85, 0xc0, 0x0f, 0x84, 0x8d, 0x00, 0x00, 0x00, 0x48, 0x8d, 0x15,
  0xf4, 0x5e, 0x00, 0x00, 0xbf, 0xff, 0xff, 0xff, 0xff, 0xbe, 0x02, 0x00,
  0x00, 0x00, 0x67, 0xe8, 0x30, 0xc7, 0xff, 0xff, 0x48, 0x89, 0x05, 0xc9,
  0xbf, 0x00, 0x00, 0x48, 0x85, 0xc0, 0x74, 0x6a, 0x48, 0x8d, 0x15, 0x0f,
  0x56, 0x00, 0x00, 0xbf, 0xff, 0xff, 0xff, 0xff, 0xbe, 0x02, 0x00, 0x00,
  0x00, 0x67, 0xe8, 0x0d, 0xc7, 0xff, 0xff, 0x48, 0x89, 0x05, 0x26, 0xbf,
  0x00, 0x00, 0x48, 0x85, 0xc0, 0x74, 0x47, 0x48, 0x8d, 0x15, 0xeb, 0x59,
  0x00, 0x00, 0xbf, 0xff, 0xff, 0xff, 0xff, 0xbe, 0x02, 0x00, 0x00, 0x00,
  0x67, 0xe8, 0xea, 0xc6, 0xff, 0xff, 0x48, 0x89, 0x05, 0x93, 0xbf, 0x00,
  0x00, 0x48, 0x85, 0xc0, 0x74, 0x24, 0x48, 0x8d, 0x15, 0x57, 0x5a, 0x00,
  0x00, 0xbf, 0xff, 0xff, 0xff, 0xff, 0xbe, 0x02, 0x00, 0x00, 0x00, 0x67,
  0xe8, 0xc7, 0xc6, 0xff, 0xff, 0x48, 0x89, 0x05, 0x08, 0xbf, 0x00, 0x00,
  0x48, 0x83, 0xf8, 0x01, 0x19, 0xdb, 0x89, 0xd8, 0x48, 0x83, 0xc4, 0x08,
  0x5b, 0x5d, 0xc3, 0xcc, 0x55, 0x48, 0x89, 0xe5, 0x41, 0x57, 0x41, 0x56,
  0x41, 0x55, 0x41, 0x54, 0x53, 0x50, 0x48, 0x89, 0xfb, 0x4c, 0x8b, 0xa7,
  0x90, 0x04, 0x00, 0x00, 0x48, 0x8b, 0x06, 0x48, 0x8b, 0x4e, 0x08, 0x48,
  0xc1, 0xe9, 0x20, 0x4c, 0x8d, 0x2c, 0x49, 0x4c, 0x8b, 0xbf, 0x38, 0x04,
  0x00, 0x00, 0x4c, 0x8b, 0xb7, 0x88, 0x04, 0x00, 0x00, 0x43, 0x8b, 0x0c,
  0xec, 0x48, 0xc7, 0x45, 0xd0, 0x00, 0x00, 0x00, 0x00, 0x48, 0x89, 0xfa,
  0x66, 0x66, 0x66, 0x2e, 0x0f, 0x1f, 0x84, 0x00, 0x00, 0x00, 0x00, 0x00,
  0x48, 0x89, 0xd7, 0x48, 0x8b, 0x92, 0x50, 0x04, 0x00, 0x00, 0x48, 0x85,
  0xd2, 0x75, 0xf1, 0x49, 0x01, 0xce, 0x49, 0x01, 0xc7, 0x4c, 0x89, 0xf6,
  0x67, 0xe8, 0x82, 0xed, 0xff, 0xff, 0x48, 0x85, 0xc0, 0x74, 0x15, 0x48,
  0x89, 0xc7, 0x4c, 0x89, 0xf6, 0x67, 0xe8, 0x31, 0xee, 0xff, 0xff, 0x48,
  0x89, 0x45, 0xd0, 0x48, 0x85, 0xc0, 0x75, 0x26, 0x48, 0x89, 0xdf, 0x4c,
  0x89, 0xf6, 0x67, 0xe8, 0x5c, 0xed, 0xff, 0xff, 0x48, 0x85, 0xc0, 0x74,
  0x2b, 0x48, 0x89, 0xc7, 0x4c, 0x89, 0xf6, 0x67, 0xe8, 0x0b, 0xee, 0xff,
  0xff, 0x48, 0x89, 0x45, 0xd0, 0x48, 0x85, 0xc0, 0x74, 0x16, 0x48, 0x8d,
  0x75, 0xd0, 0xba, 0x08, 0x00, 0x00, 0x00, 0x4c, 0x89, 0xff, 0xff, 0x15,
  0xa0, 0xbe, 0x00, 0x00, 0x31, 0xc0, 0xeb, 0x2e, 0x43, 0x0f, 0xb6, 0x4c,
  0xec, 0x04, 0x80, 0xe1, 0xf0, 0x31, 0xc0, 0x80, 0xf9, 0x20, 0x74, 0x1e,
  0x48, 0x83, 0xc3, 0x38, 0x48, 0x8d, 0x3d, 0x55, 0x64, 0x00, 0x00, 0x48,
  0x89, 0xde, 0x4c, 0x89, 0xf2, 0x31, 0xc0, 0x67, 0xe8, 0xd3, 0x9b, 0xff,
  0xff, 0xb8, 0xff, 0xff, 0xff, 0xff, 0x48, 0x83, 0xc4, 0x08, 0x5b, 0x41,
  0x5c, 0x41, 0x5d, 0x41, 0x5e, 0x41, 0x5f, 0x5d, 0xc3, 0xcc, 0xcc, 0xcc,
  0xcc, 0xcc, 0xcc, 0xcc, 0xcc, 0xcc, 0xcc, 0xcc, 0xcc, 0xcc, 0xcc, 0xcc,
  0x55, 0x48, 0x89, 0xe5, 0x41, 0x57, 0x41, 0x56, 0x53, 0x50, 0x48, 0x89,
  0xf3, 0x49, 0x89, 0xfe, 0xbf, 0x01, 0x00, 0x00, 0x00, 0xbe, 0x90, 0x04,
  0x00, 0x00, 0xff, 0x15, 0xa8, 0xbd, 0x00, 0x00, 0x49, 0x89, 0xc7, 0x4c,
  0x89, 0xb0, 0x50, 0x04, 0x00, 0x00, 0x48, 0x8d, 0x05, 0x6f, 0x00, 0x00,
  0x00, 0x49, 0x89, 0x07, 0x48, 0x8d, 0x05, 0x25, 0x03, 0x00, 0x00, 0x49,
  0x89, 0x47, 0x08, 0x48, 0x8d, 0x05, 0x2a, 0x03, 0x00, 0x00, 0x49, 0x89,
  0x47, 0x10, 0x48, 0x8d, 0x05, 0x2f, 0x04, 0x00, 0x00, 0x49, 0x89, 0x47,
  0x18, 0x48, 0x8d, 0x05, 0xc4, 0x04, 0x00, 0x00, 0x49, 0x89, 0x47, 0x20,
  0x48, 0x8d, 0x05, 0xc9, 0x04, 0x00, 0x00, 0x49, 0x89, 0x47, 0x28, 0x48,
  0x8d, 0x05, 0x4e, 0x05, 0x00, 0x00, 0x49, 0x89, 0x47, 0x30, 0x41, 0xc7,
  0x87, 0x48, 0x04, 0x00, 0x00, 0x00, 0x00, 0x00, 0x00, 0x49, 0x8d, 0x7f,
  0x38, 0x48, 0x89, 0xde, 0xff, 0x15, 0x02, 0xbd, 0x00, 0x00, 0x4c, 0x89,
  0xf8, 0x48, 0x83, 0xc4, 0x08, 0x5b, 0x41, 0x5e, 0x41, 0x5f, 0x5d, 0xc3,
  0xcc, 0xcc, 0xcc, 0xcc, 0x55, 0x48, 0x89, 0xe5, 0x41, 0x57, 0x41, 0x56,
  0x41, 0x55, 0x41, 0x54, 0x53, 0x48, 0x81, 0xec, 0xb8, 0x06, 0x00, 0x00,
  0x48, 0x89, 0xfb, 0xc7, 0x45, 0xd4, 0x00, 0x00, 0x00, 0x00, 0x4c, 0x8d,
  0x7f, 0x38, 0x48, 0x8d, 0x35, 0x90, 0x63, 0x00, 0x00, 0x4c, 0x89, 0xff,
  0xff, 0x15, 0x46, 0xbd, 0x00, 0x00, 0x85, 0xc0, 0x0f, 0x84, 0x06, 0x01,
  0x00, 0x00, 0x48, 0x8d, 0x35, 0xeb, 0x5e, 0x00, 0x00, 0x4c, 0x89, 0xff,
  0xff, 0x15, 0x2e, 0xbd, 0x00, 0x00, 0x85, 0xc0, 0x0f, 0x84, 0xee, 0x00,
  0x00, 0x00, 0x48, 0x8d, 0x35, 0x8f, 0x60, 0x00, 0x00, 0x4c, 0x89, 0xff,
  0xff, 0x15, 0x16, 0xbd, 0x00, 0x00, 0x85, 0xc0, 0x0f, 0x84, 0xd6, 0x00,
  0x00, 0x00, 0x41, 0xbe, 0xff, 0xff, 0xff, 0xff, 0x48, 0x8d, 0x55, 0xd4,
  0xbf, 0xff, 0xff, 0xff, 0xff, 0x4c, 0x89, 0xfe, 0x67, 0xe8, 0x6e, 0xcf,
  0xff, 0xff, 0x85, 0xc0, 0x0f, 0x89, 0xe2, 0x00, 0x00, 0x00, 0x48, 0x8d,
  0xb5, 0x20, 0xf9, 0xff, 0xff, 0x4c, 0x89, 0xff, 0x67, 0xe8, 0x86, 0xe3,
  0xff, 0xff, 0x85, 0xc0, 0x0f, 0x85, 0xf3, 0x01, 0x00, 0x00, 0x48, 0x89,
  0x5d, 0xc8, 0x4c, 0x8d, 0x2d, 0xfb, 0x46, 0x00, 0x00, 0x31, 0xdb, 0x45,
  0x31, 0xe4, 0xeb, 0x2a, 0x66, 0x66, 0x66, 0x2e, 0x0f, 0x1f, 0x84, 0x00,
  0x00, 0x00, 0x00, 0x00, 0x48, 0x81, 0xfb, 0x88, 0x00, 0x00, 0x00, 0x48,
  0x8d, 0x43, 0x01, 0x41, 0x0f, 0x93, 0xc4, 0x49, 0x83, 0xc5, 0x10, 0x48,
  0x89, 0xc3, 0x48, 0x3d, 0x89, 0x00, 0x00, 0x00, 0x74, 0x3a, 0x49, 0x8b,
  0x75, 0xf8, 0x4c, 0x89, 0xff, 0xff, 0x15, 0x8d, 0xbc, 0x00, 0x00, 0x85,
  0xc0, 0x75, 0xd1, 0x41, 0x8b, 0x7d, 0x00, 0xff, 0x15, 0xd7, 0xbc, 0x00,
  0x00, 0x85, 0xc0, 0x74, 0xc3, 0x48, 0x8d, 0x3d, 0x45, 0x52, 0x00, 0x00,
  0x89, 0xc6, 0x31, 0xc0, 0x67, 0xe8, 0x02, 0x9a, 0xff, 0xff, 0x41, 0xf6,
  0xc4, 0x01, 0x0f, 0x84, 0x7d, 0x01, 0x00, 0x00, 0x48, 0x8d, 0xbd, 0x20,
  0xf9, 0xff, 0xff, 0x31, 0xf6, 0x31, 0xd2, 0x31, 0xc9, 0x45, 0x31, 0xc0,
  0x45, 0x31, 0xc9, 0xff, 0x15, 0x8f, 0xbc, 0x00, 0x00, 0x89, 0x45, 0xd4,
  0x41, 0xbd, 0x01, 0x00, 0x00, 0x00, 0x48, 0x8b, 0x5d, 0xc8, 0xeb, 0x32,
  0x48, 0x8d, 0x15, 0xa1, 0x61, 0x00, 0x00, 0xbf, 0xff, 0xff, 0xff, 0xff,
  0xbe, 0x01, 0x00, 0x00, 0x00, 0x67, 0xe8, 0xa9, 0xc3, 0xff, 0xff, 0x48,
  0x85, 0xc0, 0x74, 0x09, 0xc7, 0x45, 0xd4, 0x01, 0x00, 0x00, 0x00, 0xeb,
  0x07, 0xc7, 0x45, 0xd4, 0x01, 0x20, 0x00, 0x00, 0x41, 0xb4, 0x01, 0x45,
  0x31, 0xed, 0x8b, 0x75, 0xd4, 0x41, 0xbe, 0xff, 0xff, 0xff, 0xff, 0x48,
  0x8d, 0x95, 0x28, 0xfd, 0xff, 0xff, 0xbf, 0xff, 0xff, 0xff, 0xff, 0x67,
  0xe8, 0x63, 0xcc, 0xff, 0xff, 0x85, 0xc0, 0x0f, 0x88, 0xf3, 0x00, 0x00,
  0x00, 0x48, 0x8b, 0xbd, 0x30, 0xfd, 0xff, 0xff, 0xba, 0x00, 0x04, 0x00,
  0x00, 0x4c, 0x89, 0xfe, 0x67, 0xe8, 0x86, 0xc5, 0xff, 0xff, 0x85, 0xc0,
  0x0f, 0x88, 0xd6, 0x00, 0x00, 0x00, 0x48, 0x8b, 0xbd, 0x70, 0xfe, 0xff,
  0xff, 0x48, 0x8d, 0xb5, 0xa8, 0xfe, 0xff, 0xff, 0xba, 0x20, 0x01, 0x00,
  0x00, 0x67, 0xe8, 0x65, 0xc5, 0xff, 0xff, 0x85, 0xc0, 0x0f, 0x88, 0xb5,
  0x00, 0x00, 0x00, 0x48, 0x8b, 0xbd, 0xe8, 0xfe, 0xff, 0xff, 0xff, 0x15,
  0xc8, 0xbb, 0x00, 0x00, 0x48, 0x89, 0x83, 0x70, 0x04, 0x00, 0x00, 0x48,
  0x85, 0xc0, 0x0f, 0x84, 0xba, 0x00, 0x00, 0x00, 0x48, 0x8b, 0xbd, 0xe0,
  0xfe, 0xff, 0xff, 0x48, 0x8b, 0x95, 0xe8, 0xfe, 0xff, 0xff, 0x48, 0x89,
  0xc6, 0x67, 0xe8, 0x29, 0xc5, 0xff, 0xff, 0x85, 0xc0, 0x78, 0x7d, 0x48,
  0x8b, 0xbd, 0xd8, 0xfe, 0xff, 0xff, 0xff, 0x15, 0x90, 0xbb, 0x00, 0x00,
  0x48, 0x89, 0x83, 0x78, 0x04, 0x00, 0x00, 0x48, 0x85, 0xc0, 0x0f, 0x84,
  0x82, 0x00, 0x00, 0x00, 0x48, 0x8b, 0xbd, 0xd0, 0xfe, 0xff, 0xff, 0x48,
  0x8b, 0x95, 0xd8, 0xfe, 0xff, 0xff, 0x48, 0x89, 0xc6, 0x67, 0xe8, 0xf1,
  0xc4, 0xff, 0xff, 0x85, 0xc0, 0x0f, 0x99, 0xc0, 0x41, 0x84, 0xc4, 0x74,
  0x3f, 0x8b, 0x45, 0xd4, 0x89, 0x83, 0x68, 0x04, 0x00, 0x00, 0x44, 0x89,
  0xab, 0x88, 0x04, 0x00, 0x00, 0x48, 0x8b, 0x85, 0x58, 0xfd, 0xff, 0xff,
  0x48, 0x89, 0x83, 0x38, 0x04, 0x00, 0x00, 0x48, 0x8b, 0x85, 0x60, 0xfd,
  0xff, 0xff, 0x48, 0x89, 0x83, 0x40, 0x04, 0x00, 0x00, 0x48, 0x8b, 0x85,
  0xd8, 0xfe, 0xff, 0xff, 0x48, 0x89, 0x83, 0x80, 0x04, 0x00, 0x00, 0x45,
  0x31, 0xf6, 0xeb, 0x0d, 0x48, 0x8d, 0x3d, 0x75, 0x5a, 0x00, 0x00, 0x67,
  0xe8, 0x5b, 0x9a, 0xff, 0xff, 0x44, 0x89, 0xf0, 0x48, 0x81, 0xc4, 0xb8,
  0x06, 0x00, 0x00, 0x5b, 0x41, 0x5c, 0x41, 0x5d, 0x41, 0x5e, 0x41, 0x5f,
  0x5d, 0xc3, 0x48, 0x8d, 0x3d, 0x03, 0x5a, 0x00, 0x00, 0x67, 0xe8, 0xf9,
  0x9a, 0xff, 0xff, 0xeb, 0xdc, 0xcc, 0xcc, 0xcc, 0xcc, 0xcc, 0xcc, 0xcc,
  0x31, 0xc0, 0xc3, 0xcc, 0xcc, 0xcc, 0xcc, 0xcc, 0xcc, 0xcc, 0xcc, 0xcc,
  0xcc, 0xcc, 0xcc, 0xcc, 0x48, 0x83, 0xbf, 0x78, 0x04, 0x00, 0x00, 0x00,
  0x74, 0x53, 0x55, 0x48, 0x89, 0xe5, 0x41, 0x57, 0x41, 0x56, 0x41, 0x55,
  0x41, 0x54, 0x53, 0x48, 0x83, 0xec, 0x18, 0x48, 0x89, 0xfb, 0x48, 0x83,
  0xbf, 0x70, 0x04, 0x00, 0x00, 0x00, 0x74, 0x24, 0x48, 0x83, 0xbb, 0x38,
  0x04, 0x00, 0x00, 0x00, 0x74, 0x1a, 0x49, 0x89, 0xf6, 0x48, 0x8d, 0x75,
  0xcc, 0x4c, 0x89, 0xf7, 0x67, 0xe8, 0x3e, 0x9c, 0xff, 0xff, 0x48, 0x83,
  0xbb, 0x80, 0x04, 0x00, 0x00, 0x18, 0x73, 0x14, 0x31, 0xc0, 0x48, 0x83,
  0xc4, 0x18, 0x5b, 0x41, 0x5c, 0x41, 0x5d, 0x41, 0x5e, 0x41, 0x5f, 0x5d,
  0xc3, 0x31, 0xc0, 0xc3, 0x49, 0xbf, 0xab, 0xaa, 0xaa, 0xaa, 0xaa, 0xaa,
  0xaa, 0xaa, 0x45, 0x31, 0xed, 0x45, 0x31, 0xe4, 0xeb, 0x2a, 0x66, 0x66,
  0x66, 0x66, 0x66, 0x2e, 0x0f, 0x1f, 0x84, 0x00, 0x00, 0x00, 0x00, 0x00,
  0x49, 0xff, 0xc4, 0x4c, 0x89, 0xfa, 0xc4, 0xe2, 0xfb, 0xf6, 0x83, 0x80,
  0x04, 0x00, 0x00, 0x48, 0xc1, 0xe8, 0x04, 0x49, 0x83, 0xc5, 0x18, 0x49,
  0x39, 0xc4, 0x73, 0xb0, 0x48, 0x8b, 0x83, 0x78, 0x04, 0x00, 0x00, 0x4a,
  0x83, 0x7c, 0x28, 0x10, 0x00, 0x74, 0xd5, 0x42, 0x8b, 0x34, 0x28, 0x48,
  0x03, 0xb3, 0x70, 0x04, 0x00, 0x00, 0xba, 0x0b, 0x00, 0x00, 0x00, 0x48,
  0x8d, 0x7d, 0xcc, 0xff, 0x15, 0xfb, 0xb9, 0x00, 0x00, 0x85, 0xc0, 0x74,
  0x24, 0x48, 0x8b, 0x83, 0x78, 0x04, 0x00, 0x00, 0x42, 0x8b, 0x34, 0x28,
  0x48, 0x03, 0xb3, 0x70, 0x04, 0x00, 0x00, 0xba, 0x0b, 0x00, 0x00, 0x00,
  0x4c, 0x89, 0xf7, 0xff, 0x15, 0xd7, 0xb9, 0x00, 0x00, 0x85, 0xc0, 0x75,
  0x93, 0x48, 0x8b, 0x83, 0x38, 0x04, 0x00, 0x00, 0x48, 0x8b, 0x8b, 0x78,
  0x04, 0x00, 0x00, 0x4a, 0x03, 0x44, 0x29, 0x08, 0xe9, 0x49, 0xff, 0xff,
  0xff, 0xcc, 0xcc, 0xcc, 0xcc, 0xcc, 0xcc, 0xcc, 0xcc, 0xcc, 0xcc, 0xcc,
  0x48, 0x8b, 0x8f, 0x78, 0x04, 0x00, 0x00, 0x48, 0x85, 0xc9, 0x74, 0x4a,
  0x4c, 0x8b, 0x87, 0x70, 0x04, 0x00, 0x00, 0x4d, 0x85, 0xc0, 0x74, 0x3e,
  0x4c, 0x8b, 0x8f, 0x38, 0x04, 0x00, 0x00, 0x31, 0xc0, 0x4d, 0x85, 0xc9,
  0x74, 0x32, 0x49, 0x39, 0xf1, 0x77, 0x2d, 0x48, 0x8b, 0x87, 0x40, 0x04,
  0x00, 0x00, 0x4c, 0x01, 0xc8, 0x48, 0x39, 0xf0, 0x72, 0x1c, 0x48, 0x8b,
  0x97, 0x80, 0x04, 0x00, 0x00, 0x48, 0xb8, 0xab, 0xaa, 0xaa, 0xaa, 0xaa,
  0xaa, 0xaa, 0xaa, 0xc4, 0xe2, 0xc3, 0xf6, 0xf8, 0x48, 0x83, 0xfa, 0x18,
  0x73, 0x03, 0x31, 0xc0, 0xc3, 0x48, 0xc1, 0xef, 0x04, 0x48, 0x83, 0xc1,
  0x10, 0x31, 0xc0, 0xeb, 0x14, 0x66, 0x66, 0x2e, 0x0f, 0x1f, 0x84, 0x00,
  0x00, 0x00, 0x00, 0x00, 0x48, 0x83, 0xc1, 0x18, 0x48, 0xff, 0xcf, 0x74,
  0xdf, 0x48, 0x8b, 0x11, 0x48, 0x85, 0xd2, 0x74, 0xef, 0x4c, 0x8b, 0x51,
  0xf8, 0x4d, 0x01, 0xca, 0x49, 0x39, 0xf2, 0x77, 0xe3, 0x49, 0x01, 0xd2,
  0x49, 0x39, 0xf2, 0x72, 0xdb, 0x8b, 0x41, 0xf0, 0x49, 0x01, 0xc0, 0x4c,
  0x89, 0xc0, 0xc3, 0xcc, 0x31, 0xc0, 0xc3, 0xcc, 0xcc, 0xcc, 0xcc, 0xcc,
  0xcc, 0xcc, 0xcc, 0xcc, 0xcc, 0xcc, 0xcc, 0xcc, 0x55, 0x48, 0x89, 0xe5,
  0x53, 0x50, 0x48, 0x89, 0xfb, 0x83, 0xbf, 0x88, 0x04, 0x00, 0x00, 0x00,
  0x74, 0x1c, 0x8b, 0xbb, 0x68, 0x04, 0x00, 0x00, 0x31, 0xf6, 0x31, 0xd2,
  0x31, 0xc9, 0x45, 0x31, 0xc0, 0x45, 0x31, 0xc9, 0xff, 0x15, 0x0e, 0xb9,
  0x00, 0x00, 0x85, 0xc0, 0x75, 0x59, 0x48, 0x8b, 0xbb, 0x70, 0x04, 0x00,
  0x00, 0x48, 0x85, 0xff, 0x74, 0x06, 0xff, 0x15, 0x80, 0xb8, 0x00, 0x00,
  0x48, 0x8b, 0xbb, 0x78, 0x04, 0x00, 0x00, 0x48, 0x85, 0xff, 0x74, 0x06,
  0xff, 0x15, 0x6e, 0xb8, 0x00, 0x00, 0xc7, 0x83, 0x68, 0x04, 0x00, 0x00,
  0xff, 0xff, 0xff, 0xff, 0xc5, 0xf8, 0x57, 0xc0, 0xc5, 0xf8, 0x11, 0x83,
  0x70, 0x04, 0x00, 0x00, 0x48, 0xc7, 0x83, 0x80, 0x04, 0x00, 0x00, 0x00,
  0x00, 0x00, 0x00, 0xc5, 0xf8, 0x11, 0x83, 0x38, 0x04, 0x00, 0x00, 0xc7,
  0x83, 0x88, 0x04, 0x00, 0x00, 0x00, 0x00, 0x00, 0x00, 0x31, 0xc0, 0x48,
  0x83, 0xc4, 0x08, 0x5b, 0x5d, 0xc3, 0xcc, 0xcc, 0x55, 0x48, 0x89, 0xe5,
  0x53, 0x50, 0x48, 0x89, 0xfb, 0x83, 0xbf, 0x88, 0x04, 0x00, 0x00, 0x00,
  0x74, 0x26, 0x8b, 0xbb, 0x68, 0x04, 0x00, 0x00, 0x31, 0xf6, 0x31, 0xd2,
  0x31, 0xc9, 0x45, 0x31, 0xc0, 0x45, 0x31, 0xc9, 0xff, 0x15, 0x7e, 0xb8,
  0x00, 0x00, 0x85, 0xc0, 0x74, 0x0a, 0xc7, 0x83, 0x88, 0x04, 0x00, 0x00,
  0x00, 0x00, 0x00, 0x00, 0x48, 0x8b, 0xbb, 0x70, 0x04, 0x00, 0x00, 0x48,
  0x85, 0xff, 0x74, 0x06, 0xff, 0x15, 0xe6, 0xb7, 0x00, 0x00, 0x48, 0x8b,
  0xbb, 0x78, 0x04, 0x00, 0x00, 0x48, 0x85, 0xff, 0x74, 0x06, 0xff, 0x15,
  0xd4, 0xb7, 0x00, 0x00, 0xc7, 0x83, 0x68, 0x04, 0x00, 0x00, 0xff, 0xff,
  0xff, 0xff, 0xc5, 0xf8, 0x57, 0xc0, 0xc5, 0xf8, 0x11, 0x83, 0x70, 0x04,
  0x00, 0x00, 0x48, 0xc7, 0x83, 0x80, 0x04, 0x00, 0x00, 0x00, 0x00, 0x00,
  0x00, 0xc5, 0xf8, 0x11, 0x83, 0x38, 0x04, 0x00, 0x00, 0xc7, 0x83, 0x88,
  0x04, 0x00, 0x00, 0x00, 0x00, 0x00, 0x00, 0x48, 0x89, 0xdf, 0x48, 0x83,
  0xc4, 0x08, 0x5b, 0x5d, 0xff, 0x25, 0x92, 0xb7, 0x00, 0x00, 0xcc, 0xcc,
  0x55, 0x48, 0x89, 0xe5, 0x41, 0x57, 0x41, 0x56, 0x53, 0x50, 0x48, 0x8d,
  0x15, 0x17, 0x5d, 0x00, 0x00, 0x4c, 0x8d, 0x3d, 0x28, 0xbf, 0xff, 0xff,
  0xbb, 0xff, 0xff, 0xff, 0xff, 0xbf, 0xff, 0xff, 0xff, 0xff, 0xbe, 0x01,
  0x00, 0x00, 0x00, 0x41, 0xff, 0xd7, 0x45, 0x31, 0xf6, 0x48, 0x85, 0xc0,
  0x41, 0x0f, 0x94, 0xc6, 0x41, 0xc1, 0xe6, 0x0d, 0x41, 0x83, 0xce, 0x01,
  0x48, 0x8d, 0x15, 0x9d, 0x5d, 0x00, 0x00, 0xbf, 0xff, 0xff, 0xff, 0xff,
  0x44, 0x89, 0xf6, 0x41, 0xff, 0xd7, 0x48, 0x89, 0x05, 0xab, 0xb7, 0x00,
  0x00, 0x48, 0x85, 0xc0, 0x0f, 0x84, 0x63, 0x01, 0x00, 0x00, 0x48, 0x8d,
  0x15, 0xf0, 0x50, 0x00, 0x00, 0xbf, 0xff, 0xff, 0xff, 0xff, 0x44, 0x89,
  0xf6, 0x67, 0xe8, 0xcd, 0xbe, 0xff, 0xff, 0x48, 0x89, 0x05, 0x8e, 0xb7,
  0x00, 0x00, 0x48, 0x85, 0xc0, 0x0f, 0x84, 0x3e, 0x01, 0x00, 0x00, 0x48,
  0x8d, 0x15, 0xc9, 0x53, 0x00, 0x00, 0xbf, 0xff, 0xff, 0xff, 0xff, 0xbe,
  0x02, 0x00, 0x00, 0x00, 0x67, 0xe8, 0xa6, 0xbe, 0xff, 0xff, 0x48, 0x89,
  0x05, 0x8f, 0xb6, 0x00, 0x00, 0x48, 0x85, 0xc0, 0x0f, 0x84, 0x17, 0x01,
  0x00, 0x00, 0x48, 0x8d, 0x15, 0xf6, 0x5b, 0x00, 0x00, 0xbf, 0xff, 0xff,
  0xff, 0xff, 0xbe, 0x02, 0x00, 0x00, 0x00, 0x67, 0xe8, 0x7f, 0xbe, 0xff,
  0xff, 0x48, 0x89, 0x05, 0xf0, 0xb6, 0x00, 0x00, 0x48, 0x85, 0xc0, 0x0f,
  0x84, 0xf0, 0x00, 0x00, 0x00, 0x48, 0x8d, 0x15, 0xe6, 0x4f, 0x00, 0x00,
  0xbf, 0xff, 0xff, 0xff, 0xff, 0xbe, 0x02, 0x00, 0x00, 0x00, 0x67, 0xe8,
  0x58, 0xbe, 0xff, 0xff, 0x48, 0x89, 0x05, 0xe1, 0xb6, 0x00, 0x00, 0x48,
  0x85, 0xc0, 0x0f, 0x84, 0xc9, 0x00, 0x00, 0x00, 0x48, 0x8d, 0x15, 0x33,
  0x4d, 0x00, 0x00, 0xbf, 0xff, 0xff, 0xff, 0xff, 0xbe, 0x02, 0x00, 0x00,
  0x00, 0x67, 0xe8, 0x31, 0xbe, 0xff, 0xff, 0x48, 0x89, 0x05, 0x52, 0xb6,
  0x00, 0x00, 0x48, 0x85, 0xc0, 0x0f, 0x84, 0xa2, 0x00, 0x00, 0x00, 0x48,
  0x8d, 0x15, 0xce, 0x55, 0x00, 0x00, 0xbf, 0xff, 0xff, 0xff, 0xff, 0xbe,
  0x02, 0x00, 0x00, 0x00, 0x67, 0xe8, 0x0a, 0xbe, 0xff, 0xff, 0x48, 0x89,
  0x05, 0xab, 0xb6, 0x00, 0x00, 0x48, 0x85, 0xc0, 0x74, 0x7f, 0x48, 0x8d,
  0x15, 0x77, 0x51, 0x00, 0x00, 0xbf, 0xff, 0xff, 0xff, 0xff, 0xbe, 0x02,
  0x00, 0x00, 0x00, 0x67, 0xe8, 0xe7, 0xbd, 0xff, 0xff, 0x48, 0x89, 0x05,
  0x30, 0xb6, 0x00, 0x00, 0x48, 0x85, 0xc0, 0x74, 0x5c, 0x48, 0x8d, 0x35,
  0x3f, 0x4d, 0x00, 0x00, 0x48, 0x8d, 0x55, 0xe4, 0xbf, 0xff, 0xff, 0xff,
  0xff, 0x67, 0xe8, 0xb5, 0xc8, 0xff, 0xff, 0x85, 0xc0, 0x74, 0x20, 0x48,
  0x8d, 0x3d, 0x69, 0x4e, 0x00, 0x00, 0x31, 0xf6, 0x31, 0xd2, 0x31, 0xc9,
  0x45, 0x31, 0xc0, 0x45, 0x31, 0xc9, 0xff, 0x15, 0x68, 0xb6, 0x00, 0x00,
  0x89, 0x45, 0xe4, 0x85, 0xc0, 0x74, 0x22, 0x8b, 0x75, 0xe4, 0x48, 0x8d,
  0x15, 0x8d, 0x5d, 0x00, 0x00, 0xbf, 0xff, 0xff, 0xff, 0xff, 0x67, 0xe8,
  0x8c, 0xbd, 0xff, 0xff, 0x48, 0x89, 0x05, 0x55, 0xb6, 0x00, 0x00, 0x48,
  0x83, 0xf8, 0x01, 0x19, 0xdb, 0x89, 0xd8, 0x48, 0x83, 0xc4, 0x08, 0x5b,
  0x41, 0x5e, 0x41, 0x5f, 0x5d, 0xc3, 0xcc, 0xcc, 0x55, 0x48, 0x89, 0xe5,
  0x41, 0x57, 0x41, 0x56, 0x41, 0x55, 0x41, 0x54, 0x53, 0x50, 0x49, 0x89,
  0xfe, 0xbf, 0x01, 0x00, 0x00, 0x00, 0xbe, 0x80, 0x04, 0x00, 0x00, 0xff,
  0x15, 0x7f, 0xb5, 0x00, 0x00, 0x48, 0x89, 0xc3, 0x4c, 0x8d, 0x2d, 0x95,
  0x92, 0xff, 0xff, 0xbf, 0x14, 0x00, 0x00, 0x00, 0x31, 0xc0, 0x41, 0xff,
  0xd5, 0x49, 0x89, 0xc7, 0x48, 0x8d, 0x05, 0xb1, 0x00, 0x00, 0x00, 0x48,
  0x89, 0x03, 0x48, 0x8d, 0x05, 0xb7, 0x05, 0x00, 0x00, 0x48, 0x89, 0x43,
  0x08, 0x48, 0x8d, 0x05, 0x1c, 0x06, 0x00, 0x00, 0x48, 0x89, 0x43, 0x10,
  0x48, 0x8d, 0x05, 0xd1, 0x06, 0x00, 0x00, 0x48, 0x89, 0x43, 0x18, 0x48,
  0x8d, 0x05, 0x56, 0x07, 0x00, 0x00, 0x48, 0x89, 0x43, 0x20, 0x48, 0x8d,
  0x05, 0xab, 0x07, 0x00, 0x00, 0x48, 0x89, 0x43, 0x28, 0x48, 0x8d, 0x05,
  0xb0, 0x07, 0x00, 0x00, 0x48, 0x89, 0x43, 0x30, 0xc7, 0x83, 0x48, 0x04,
  0x00, 0x00, 0x00, 0x00, 0x00, 0x00, 0x48, 0x8d, 0x05, 0x9b, 0x6b, 0xff,
  0xff, 0x48, 0x89, 0x83, 0x38, 0x04, 0x00, 0x00, 0x48, 0x8d, 0x0d, 0xd5,
  0xb5, 0x00, 0x00, 0x48, 0x29, 0xc1, 0x48, 0x89, 0x8b, 0x40, 0x04, 0x00,
  0x00, 0x4c, 0x8d, 0x63, 0x38, 0x4c, 0x89, 0xe7, 0x4c, 0x89, 0xf6, 0xff,
  0x15, 0xab, 0xb4, 0x00, 0x00, 0xbf, 0x68, 0x02, 0x00, 0x00, 0x44, 0x89,
  0xfe, 0x4c, 0x89, 0xe2, 0xb9, 0x00, 0x04, 0x00, 0x00, 0x31, 0xc0, 0x41,
  0xff, 0xd5, 0x48, 0x89, 0xd8, 0x48, 0x83, 0xc4, 0x08, 0x5b, 0x41, 0x5c,
  0x41, 0x5d, 0x41, 0x5e, 0x41, 0x5f, 0x5d, 0xc3, 0xcc, 0xcc, 0xcc, 0xcc,
  0xcc, 0xcc, 0xcc, 0xcc, 0xcc, 0xcc, 0xcc, 0xcc, 0x55, 0x48, 0x89, 0xe5,
  0x41, 0x57, 0x41, 0x56, 0x41, 0x55, 0x41, 0x54, 0x53, 0x48, 0x83, 0xec,
  0x38, 0x48, 0x89, 0xfb, 0x4c, 0x8d, 0x25, 0x25, 0x6b, 0x00, 0x00, 0x49,
  0x8d, 0x4c, 0x24, 0x08, 0x31, 0xc0, 0x48, 0x8d, 0x3d, 0xbb, 0x5f, 0x00,
  0x00, 0x31, 0xd2, 0x31, 0xf6, 0x48, 0x89, 0x75, 0xa8, 0x45, 0x31, 0xff,
  0x31, 0xf6, 0x48, 0x89, 0x75, 0xb0, 0xeb, 0x0b, 0x48, 0x8b, 0x31, 0x48,
  0x89, 0x75, 0xa8, 0x48, 0x83, 0xc1, 0x10, 0x48, 0x8b, 0x71, 0xf8, 0x48,
  0x83, 0xfe, 0x17, 0x77, 0x20, 0x48, 0x63, 0x34, 0xb7, 0x48, 0x01, 0xfe,
  0xff, 0xe6, 0x48, 0x8b, 0xb3, 0x38, 0x04, 0x00, 0x00, 0x48, 0x03, 0x31,
  0x48, 0x89, 0xb3, 0x70, 0x04, 0x00, 0x00, 0x48, 0x83, 0xc1, 0x10, 0xeb,
  0xd6, 0x48, 0x81, 0xfe, 0xf5, 0xfe, 0xff, 0x6f, 0x75, 0xc9, 0x48, 0x8b,
  0x83, 0x38, 0x04, 0x00, 0x00, 0x48, 0x03, 0x01, 0x48, 0x83, 0xc1, 0x10,
  0xeb, 0xbd, 0x48, 0x8b, 0x11, 0x48, 0x83, 0xc1, 0x10, 0xeb, 0xb4, 0x48,
  0x8b, 0xb3, 0x38, 0x04, 0x00, 0x00, 0x48, 0x03, 0x31, 0x48, 0x89, 0xb3,
  0x68, 0x04, 0x00, 0x00, 0x48, 0x83, 0xc1, 0x10, 0xeb, 0x9d, 0x4c, 0x8b,
  0xbb, 0x38, 0x04, 0x00, 0x00, 0x4c, 0x03, 0x39, 0x48, 0x83, 0xc1, 0x10,
  0xeb, 0x8d, 0x48, 0x8b, 0xb3, 0x38, 0x04, 0x00, 0x00, 0x48, 0x03, 0x31,
  0x48, 0x89, 0x75, 0xb0, 0x48, 0x83, 0xc1, 0x10, 0xe9, 0x76, 0xff, 0xff,
  0xff, 0x48, 0x85, 0xc0, 0x74, 0x7f, 0x8b, 0x08, 0x48, 0x85, 0xc9, 0x74,
  0x6c, 0x44, 0x8b, 0x58, 0x04, 0x8b, 0x70, 0x08, 0x48, 0x8d, 0x04, 0xf0,
  0x48, 0x8d, 0x74, 0x88, 0x10, 0x41, 0xf7, 0xdb, 0x45, 0x31, 0xc0, 0x31,
  0xff, 0xeb, 0x11, 0x66, 0x0f, 0x1f, 0x84, 0x00, 0x00, 0x00, 0x00, 0x00,
  0x49, 0xff, 0xc0, 0x49, 0x39, 0xc8, 0x74, 0x35, 0x46, 0x8b, 0x4c, 0x80,
  0x10, 0x45, 0x85, 0xc9, 0x74, 0xee, 0x66, 0x66, 0x66, 0x66, 0x66, 0x2e,
  0x0f, 0x1f, 0x84, 0x00, 0x00, 0x00, 0x00, 0x00, 0x47, 0x8d, 0x14, 0x0b,
  0x41, 0xff, 0xc1, 0x42, 0xf6, 0x04, 0x96, 0x01, 0x74, 0xf2, 0x41, 0xff,
  0xc9, 0x41, 0x39, 0xf9, 0x44, 0x0f, 0x46, 0xcf, 0x44, 0x89, 0xcf, 0xeb,
  0xc3, 0xff, 0xc7, 0x48, 0xc1, 0xe7, 0x03, 0x48, 0x8d, 0x04, 0x7f, 0xeb,
  0x05, 0xb8, 0x18, 0x00, 0x00, 0x00, 0x48, 0x89, 0x83, 0x78, 0x04, 0x00,
  0x00, 0x49, 0x83, 0xc4, 0x08, 0x4c, 0x89, 0x7d, 0xc0, 0xeb, 0x0e, 0x90,
  0x48, 0x85, 0xc0, 0x0f, 0x84, 0x9f, 0x00, 0x00, 0x00, 0x49, 0x83, 0xc4,
  0x10, 0x49, 0x8b, 0x44, 0x24, 0xf8, 0x48, 0x83, 0xf8, 0x01, 0x75, 0xe8,
  0x49, 0x89, 0xd7, 0x4c, 0x8b, 0xab, 0x70, 0x04, 0x00, 0x00, 0x4d, 0x89,
  0xe6, 0x4d, 0x03, 0x2c, 0x24, 0x48, 0x89, 0xdf, 0x4c, 0x89, 0xee, 0x67,
  0xe8, 0xcb, 0xdd, 0xff, 0xff, 0x48, 0x85, 0xc0, 0x74, 0x1e, 0x49, 0x89,
  0xc4, 0x48, 0x89, 0xc7, 0x67, 0xe8, 0x5a, 0xe0, 0xff, 0xff, 0x85, 0xc0,
  0x78, 0x22, 0x48, 0x89, 0xdf, 0x4c, 0x89, 0xe6, 0x67, 0xe8, 0x7a, 0xe0,
  0xff, 0xff, 0xeb, 0x34, 0x48, 0x8d, 0x3d, 0x7b, 0x49, 0x00, 0x00, 0x4c,
  0x89, 0xee, 0x31, 0xc0, 0x67, 0xe8, 0xc6, 0x90, 0xff, 0xff, 0xeb, 0x1b,
  0x48, 0x8d, 0x3d, 0xe3, 0x5a, 0x00, 0x00, 0x4c, 0x89, 0xee, 0x31, 0xc0,
  0x67, 0xe8, 0xb2, 0x90, 0xff, 0xff, 0x4c, 0x89, 0xe7, 0x67, 0xe8, 0x09,
  0xe4, 0xff, 0xff, 0xb8, 0xff, 0xff, 0xff, 0xff, 0x85, 0xc0, 0x4c, 0x89,
  0xfa, 0x4c, 0x8b, 0x7d, 0xc0, 0x4d, 0x89, 0xf4, 0x0f, 0x84, 0x6b, 0xff,
  0xff, 0xff, 0xb8, 0xff, 0xff, 0xff, 0xff, 0xe9, 0xdb, 0x02, 0x00, 0x00,
  0x48, 0xb8, 0xab, 0xaa, 0xaa, 0xaa, 0xaa, 0xaa, 0xaa, 0xaa, 0xc4, 0x62,
  0x8b, 0xf6, 0xf0, 0x48, 0x83, 0xfa, 0x18, 0x0f, 0x83, 0x33, 0x01, 0x00,
  0x00, 0x48, 0x8b, 0x55, 0xa8, 0x48, 0xb8, 0xab, 0xaa, 0xaa, 0xaa, 0xaa,
  0xaa, 0xaa, 0xaa, 0xc4, 0x62, 0x9b, 0xf6, 0xe0, 0x48, 0x83, 0xfa, 0x18,
  0x0f, 0x93, 0xc2, 0x0f, 0x82, 0x9a, 0x02, 0x00, 0x00, 0x49, 0xc1, 0xec,
  0x04, 0x48, 0x8b, 0x4d, 0xb0, 0x48, 0x83, 0xc1, 0x08, 0x4d, 0x89, 0xe5,
  0x49, 0xf7, 0xdd, 0x41, 0xbe, 0x01, 0x00, 0x00, 0x00, 0x4c, 0x89, 0x65,
  0xb8, 0x4c, 0x89, 0x6d, 0xc0, 0xeb, 0x3e, 0x66, 0x66, 0x66, 0x66, 0x2e,
  0x0f, 0x1f, 0x84, 0x00, 0x00, 0x00, 0x00, 0x00, 0x49, 0x89, 0xcf, 0x48,
  0x8d, 0x3d, 0xa2, 0x54, 0x00, 0x00, 0x31, 0xc0, 0x67, 0xe8, 0x0e, 0x90,
  0xff, 0xff, 0x4d, 0x39, 0xf4, 0x0f, 0x97, 0xc2, 0x4c, 0x89, 0xf9, 0x48,
  0x83, 0xc1, 0x18, 0x4b, 0x8d, 0x44, 0x35, 0x01, 0x49, 0xff, 0xc6, 0x48,
  0x83, 0xf8, 0x01, 0x0f, 0x84, 0x3a, 0x02, 0x00, 0x00, 0x48, 0x8b, 0x31,
  0x83, 0xfe, 0x07, 0x75, 0xc7, 0x88, 0x55, 0xd7, 0x48, 0x8b, 0x93, 0x68,
  0x04, 0x00, 0x00, 0x48, 0x8b, 0x01, 0x48, 0xc1, 0xe8, 0x20, 0x48, 0x8d,
  0x04, 0x40, 0x48, 0x89, 0x55, 0xa8, 0x48, 0x89, 0x45, 0xb0, 0x44, 0x8b,
  0x24, 0xc2, 0x4c, 0x03, 0xa3, 0x70, 0x04, 0x00, 0x00, 0x4c, 0x8b, 0xab,
  0x38, 0x04, 0x00, 0x00, 0x49, 0x89, 0xcf, 0x4c, 0x03, 0x69, 0xf8, 0x48,
  0xc7, 0x45, 0xc8, 0x00, 0x00, 0x00, 0x00, 0x48, 0x89, 0xdf, 0x4c, 0x89,
  0xe6, 0x67, 0xe8, 0xcd, 0xe0, 0xff, 0xff, 0x48, 0x85, 0xc0, 0x74, 0x38,
  0x48, 0x89, 0xc7, 0x4c, 0x89, 0xe6, 0x67, 0xe8, 0x7c, 0xe1, 0xff, 0xff,
  0x48, 0x89, 0x45, 0xc8, 0x48, 0x85, 0xc0, 0x74, 0x23, 0xba, 0x08, 0x00,
  0x00, 0x00, 0x4c, 0x89, 0xef, 0x48, 0x8d, 0x75, 0xc8, 0xff, 0x15, 0x19,
  0xb2, 0x00, 0x00, 0x4c, 0x8b, 0x6d, 0xc0, 0xeb, 0x26, 0x66, 0x66, 0x2e,
  0x0f, 0x1f, 0x84, 0x00, 0x00, 0x00, 0x00, 0x00, 0x48, 0x8b, 0x45, 0xa8,
  0x48, 0x8b, 0x4d, 0xb0, 0x0f, 0xb6, 0x44, 0xc8, 0x04, 0x24, 0xf0, 0x3c,
  0x20, 0x4c, 0x8b, 0x6d, 0xc0, 0x0f, 0x85, 0x7a, 0x01, 0x00, 0x00, 0x4c,
  0x8b, 0x65, 0xb8, 0xe9, 0x2e, 0xff, 0xff, 0xff, 0x49, 0xc1, 0xee, 0x04,
  0xeb, 0x2a, 0x66, 0x0f, 0x1f, 0x44, 0x00, 0x00, 0x48, 0x8b, 0x45, 0xc0,
  0x48, 0x8b, 0x4d, 0xb8, 0x0f, 0xb6, 0x44, 0xc8, 0x04, 0x24, 0xf0, 0x3c,
  0x20, 0x0f, 0x85, 0x42, 0x01, 0x00, 0x00, 0x49, 0x83, 0xc7, 0x18, 0x49,
  0xff, 0xce, 0x0f, 0x84, 0x9d, 0xfe, 0xff, 0xff, 0x49, 0x8b, 0x77, 0x08,
  0x8d, 0x46, 0xff, 0x83, 0xf8, 0x07, 0x0f, 0x87, 0x5e, 0x01, 0x00, 0x00,
  0x48, 0x8d, 0x0d, 0xa9, 0x5c, 0x00, 0x00, 0x48, 0x63, 0x04, 0x81, 0x48,
  0x01, 0xc8, 0xff, 0xe0, 0x48, 0x8b, 0x8b, 0x68, 0x04, 0x00, 0x00, 0x49,
  0x8b, 0x47, 0x08, 0x48, 0xc1, 0xe8, 0x20, 0x48, 0x8d, 0x04, 0x40, 0x48,
  0x89, 0x4d, 0xc0, 0x48, 0x89, 0x45, 0xb8, 0x44, 0x8b, 0x24, 0xc1, 0x4c,
  0x03, 0xa3, 0x70, 0x04, 0x00, 0x00, 0x4c, 0x8b, 0xab, 0x38, 0x04, 0x00,
  0x00, 0x4d, 0x03, 0x2f, 0x48, 0xc7, 0x45, 0xc8, 0x00, 0x00, 0x00, 0x00,
  0x48, 0x89, 0xdf, 0x4c, 0x89, 0xe6, 0x67, 0xe8, 0xd8, 0xdf, 0xff, 0xff,
  0x48, 0x85, 0xc0, 0x0f, 0x84, 0x6f, 0xff, 0xff, 0xff, 0x48, 0x89, 0xc7,
  0x4c, 0x89, 0xe6, 0x67, 0xe8, 0x83, 0xe0, 0xff, 0xff, 0x48, 0x89, 0x45,
  0xc8, 0x48, 0x85, 0xc0, 0x75, 0x78, 0xe9, 0x55, 0xff, 0xff, 0xff, 0x0f,
  0x1f, 0x44, 0x00, 0x00, 0x48, 0x8b, 0x8b, 0x68, 0x04, 0x00, 0x00, 0x49,
  0x8b, 0x47, 0x08, 0x48, 0xc1, 0xe8, 0x20, 0x48, 0x8d, 0x04, 0x40, 0x48,
  0x89, 0x4d, 0xc0, 0x48, 0x89, 0x45, 0xb8, 0x44, 0x8b, 0x24, 0xc1, 0x4c,
  0x03, 0xa3, 0x70, 0x04, 0x00, 0x00, 0x4c, 0x8b, 0xab, 0x38, 0x04, 0x00,
  0x00, 0x4d, 0x03, 0x2f, 0x48, 0xc7, 0x45, 0xc8, 0x00, 0x00, 0x00, 0x00,
  0x48, 0x89, 0xdf, 0x4c, 0x89, 0xe6, 0x67, 0xe8, 0x6c, 0xdf, 0xff, 0xff,
  0x48, 0x85, 0xc0, 0x0f, 0x84, 0x03, 0xff, 0xff, 0xff, 0x48, 0x89, 0xc7,
  0x4c, 0x89, 0xe6, 0x67, 0xe8, 0x17, 0xe0, 0xff, 0xff, 0x48, 0x89, 0x45,
  0xc8, 0x48, 0x85, 0xc0, 0x0f, 0x84, 0xea, 0xfe, 0xff, 0xff, 0x49, 0x03,
  0x47, 0x10, 0x48, 0x89, 0x45, 0xc8, 0xba, 0x08, 0x00, 0x00, 0x00, 0x4c,
  0x89, 0xef, 0xeb, 0x22, 0x0f, 0x1f, 0x84, 0x00, 0x00, 0x00, 0x00, 0x00,
  0x48, 0x8b, 0x83, 0x38, 0x04, 0x00, 0x00, 0x49, 0x8b, 0x3f, 0x48, 0x01,
  0xc7, 0x49, 0x03, 0x47, 0x10, 0x48, 0x89, 0x45, 0xc8, 0xba, 0x08, 0x00,
  0x00, 0x00, 0x48, 0x8d, 0x75, 0xc8, 0xff, 0x15, 0x84, 0xb0, 0x00, 0x00,
  0xe9, 0xbe, 0xfe, 0xff, 0xff, 0x48, 0x8d, 0x3d, 0x33, 0x4f, 0x00, 0x00,
  0x4c, 0x89, 0xe6, 0xeb, 0x34, 0x48, 0x8d, 0x3d, 0x27, 0x4f, 0x00, 0x00,
  0x4c, 0x89, 0xe6, 0x31, 0xc0, 0x67, 0xe8, 0xb9, 0x8d, 0xff, 0xff, 0x0f,
  0xb6, 0x55, 0xd7, 0x0f, 0xb6, 0xc2, 0x83, 0xe0, 0x01, 0xf7, 0xd8, 0x48,
  0x83, 0xc4, 0x38, 0x5b, 0x41, 0x5c, 0x41, 0x5d, 0x41, 0x5e, 0x41, 0x5f,
  0x5d, 0xc3, 0x48, 0x8d, 0x3d, 0xa7, 0x58, 0x00, 0x00, 0x31, 0xc0, 0x67,
  0xe8, 0x8f, 0x8d, 0xff, 0xff, 0xe9, 0xf8, 0xfc, 0xff, 0xff, 0xcc, 0xcc,
  0xcc, 0xcc, 0xcc, 0xcc, 0xcc, 0xcc, 0xcc, 0xcc, 0x55, 0x48, 0x89, 0xe5,
  0x41, 0x57, 0x41, 0x56, 0x41, 0x55, 0x41, 0x54, 0x53, 0x50, 0x4c, 0x8d,
  0x25, 0x5b, 0x5b, 0x00, 0x00, 0x4c, 0x2b, 0x25, 0x2c, 0x43, 0x00, 0x00,
  0x74, 0x3e, 0x48, 0x89, 0xcb, 0x49, 0x89, 0xd6, 0x41, 0x89, 0xf7, 0x49,
  0xc1, 0xfc, 0x03, 0x49, 0x83, 0xfc, 0x01, 0x49, 0x83, 0xd4, 0x00, 0x45,
  0x31, 0xed, 0x66, 0x2e, 0x0f, 0x1f, 0x84, 0x00, 0x00, 0x00, 0x00, 0x00,
  0x44, 0x89, 0xff, 0x4c, 0x89, 0xf6, 0x48, 0x89, 0xda, 0x48, 0x8d, 0x05,
  0x20, 0x5b, 0x00, 0x00, 0x42, 0xff, 0x14, 0xe8, 0x49, 0xff, 0xc5, 0x4d,
  0x39, 0xec, 0x75, 0xe4, 0x31, 0xc0, 0x48, 0x83, 0xc4, 0x08, 0x5b, 0x41,
  0x5c, 0x41, 0x5d, 0x41, 0x5e, 0x41, 0x5f, 0x5d, 0xc3, 0xcc, 0xcc, 0xcc,
  0x48, 0x83, 0xbf, 0x68, 0x04, 0x00, 0x00, 0x00, 0x74, 0x36, 0x55, 0x48,
  0x89, 0xe5, 0x41, 0x57, 0x41, 0x56, 0x41, 0x55, 0x41, 0x54, 0x53, 0x50,
  0x49, 0x89, 0xfe, 0x48, 0x83, 0xbf, 0x70, 0x04, 0x00, 0x00, 0x00, 0x74,
  0x0a, 0x49, 0x83, 0xbe, 0x78, 0x04, 0x00, 0x00, 0x18, 0x73, 0x14, 0x31,
  0xc0, 0x48, 0x83, 0xc4, 0x08, 0x5b, 0x41, 0x5c, 0x41, 0x5d, 0x41, 0x5e,
  0x41, 0x5f, 0x5d, 0xc3, 0x31, 0xc0, 0xc3, 0x49, 0x89, 0xf7, 0x49, 0xbc,
  0xab, 0xaa, 0xaa, 0xaa, 0xaa, 0xaa, 0xaa, 0xaa, 0x45, 0x31, 0xed, 0x31,
  0xdb, 0xeb, 0x25, 0x66, 0x0f, 0x1f, 0x84, 0x00, 0x00, 0x00, 0x00, 0x00,
  0x48, 0xff, 0xc3, 0x4c, 0x89, 0xe2, 0xc4, 0xc2, 0xfb, 0xf6, 0x86, 0x78,
  0x04, 0x00, 0x00, 0x48, 0xc1, 0xe8, 0x04, 0x49, 0x83, 0xc5, 0x18, 0x48,
  0x39, 0xc3, 0x73, 0xb3, 0x49, 0x8b, 0x86, 0x68, 0x04, 0x00, 0x00, 0x4a,
  0x83, 0x7c, 0x28, 0x10, 0x00, 0x74, 0xd5, 0x42, 0x8b, 0x34, 0x28, 0x49,
  0x03, 0xb6, 0x70, 0x04, 0x00, 0x00, 0x4c, 0x89, 0xff, 0xff, 0x15, 0xe1,
  0xae, 0x00, 0x00, 0x85, 0xc0, 0x75, 0xbd, 0x49, 0x8b, 0x86, 0x38, 0x04,
  0x00, 0x00, 0x49, 0x8b, 0x8e, 0x68, 0x04, 0x00, 0x00, 0x4a, 0x03, 0x44,
  0x29, 0x08, 0xe9, 0x76, 0xff, 0xff, 0xff, 0xcc, 0xcc, 0xcc, 0xcc, 0xcc,
  0x48, 0x8b, 0x8f, 0x68, 0x04, 0x00, 0x00, 0x48, 0x85, 0xc9, 0x74, 0x43,
  0x4c, 0x8b, 0x87, 0x70, 0x04, 0x00, 0x00, 0x4d, 0x85, 0xc0, 0x74, 0x37,
  0x4c, 0x8b, 0x8f, 0x38, 0x04, 0x00, 0x00, 0x49, 0x39, 0xf1, 0x77, 0x2b,
  0x48, 0x8b, 0x87, 0x40, 0x04, 0x00, 0x00, 0x4c, 0x01, 0xc8, 0x48, 0x39,
  0xf0, 0x72, 0x1c, 0x48, 0x8b, 0x97, 0x78, 0x04, 0x00, 0x00, 0x48, 0xb8,
  0xab, 0xaa, 0xaa, 0xaa, 0xaa, 0xaa, 0xaa, 0xaa, 0xc4, 0xe2, 0xc3, 0xf6,
  0xf8, 0x48, 0x83, 0xfa, 0x18, 0x73, 0x03, 0x31, 0xc0, 0xc3, 0x48, 0xc1,
  0xef, 0x04, 0x48, 0x83, 0xc1, 0x10, 0x31, 0xc0, 0xeb, 0x0b, 0x66, 0x90,
  0x48, 0x83, 0xc1, 0x18, 0x48, 0xff, 0xcf, 0x74, 0xe8, 0x48, 0x8b, 0x11,
  0x48, 0x85, 0xd2, 0x74, 0xef, 0x4c, 0x8b, 0x51, 0xf8, 0x4d, 0x01, 0xca,
  0x49, 0x39, 0xf2, 0x77, 0xe3, 0x49, 0x01, 0xd2, 0x49, 0x39, 0xf2, 0x72,
  0xdb, 0x8b, 0x41, 0xf0, 0x49, 0x01, 0xc0, 0x4c, 0x89, 0xc0, 0xc3, 0xcc,
  0x55, 0x48, 0x89, 0xe5, 0x41, 0x57, 0x41, 0x56, 0x53, 0x50, 0x48, 0x8d,
  0x05, 0x9f, 0x59, 0x00, 0x00, 0x48, 0x2b, 0x05, 0x78, 0x41, 0x00, 0x00,
  0x74, 0x32, 0x48, 0xc1, 0xf8, 0x03, 0x31, 0xdb, 0x48, 0x83, 0xf8, 0x01,
  0x41, 0xbe, 0x00, 0x00, 0x00, 0x00, 0x49, 0x19, 0xc6, 0x48, 0x8d, 0x0d,
  0x7c, 0x59, 0x00, 0x00, 0x4c, 0x8d, 0x7c, 0xc1, 0xf8, 0x0f, 0x1f, 0x80,
  0x00, 0x00, 0x00, 0x00, 0x41, 0xff, 0x14, 0xdf, 0x48, 0xff, 0xcb, 0x49,
  0x39, 0xde, 0x75, 0xf4, 0x31, 0xc0, 0x48, 0x83, 0xc4, 0x08, 0x5b, 0x41,
  0x5e, 0x41, 0x5f, 0x5d, 0xc3, 0xcc, 0xcc, 0xcc, 0xcc, 0xcc, 0xcc, 0xcc,
  0x31, 0xc0, 0xc3, 0xcc, 0xcc, 0xcc, 0xcc, 0xcc, 0xcc, 0xcc, 0xcc, 0xcc,
  0xcc, 0xcc, 0xcc, 0xcc, 0xff, 0x25, 0x92, 0xad, 0x00, 0x00, 0xcc, 0xcc,
  0xcc, 0xcc, 0xcc, 0xcc, 0xcc, 0xcc, 0xcc, 0xcc, 0x55, 0x48, 0x89, 0xe5,
  0x53, 0x50, 0x48, 0x8d, 0x15, 0x15, 0x44, 0x00, 0x00, 0xbb, 0xff, 0xff,
  0xff, 0xff, 0xbf, 0xff, 0xff, 0xff, 0xff, 0xbe, 0x02, 0x00, 0x00, 0x00,
  0x67, 0xe8, 0x0e, 0xb5, 0xff, 0xff, 0x48, 0x89, 0x05, 0x37, 0xad, 0x00,
  0x00, 0x48, 0x85, 0xc0, 0x0f, 0x84, 0x8d, 0x00, 0x00, 0x00, 0x48, 0x8d,
  0x15, 0xe8, 0x47, 0x00, 0x00, 0xbf, 0xff, 0xff, 0xff, 0xff, 0xbe, 0x02,
  0x00, 0x00, 0x00, 0x67, 0xe8, 0xe7, 0xb4, 0xff, 0xff, 0x48, 0x89, 0x05,
  0x98, 0xad, 0x00, 0x00, 0x48, 0x85, 0xc0, 0x74, 0x6a, 0x48, 0x8d, 0x15,
  0x54, 0x48, 0x00, 0x00, 0xbf, 0xff, 0xff, 0xff, 0xff, 0xbe, 0x02, 0x00,
  0x00, 0x00, 0x67, 0xe8, 0xc4, 0xb4, 0xff, 0xff, 0x48, 0x89, 0x05, 0x15,
  0xad, 0x00, 0x00, 0x48, 0x85, 0xc0, 0x74, 0x47, 0x48, 0x8d, 0x15, 0xc4,
  0x49, 0x00, 0x00, 0xbf, 0xff, 0xff, 0xff, 0xff, 0xbe, 0x02, 0x00, 0x00,
  0x00, 0x67, 0xe8, 0xa1, 0xb4, 0xff, 0xff, 0x48, 0x89, 0x05, 0x92, 0xac,
  0x00, 0x00, 0x48, 0x85, 0xc0, 0x74, 0x24, 0x48, 0x8d, 0x15, 0xf5, 0x51,
  0x00, 0x00, 0xbf, 0xff, 0xff, 0xff, 0xff, 0xbe, 0x02, 0x00, 0x00, 0x00,
  0x67, 0xe8, 0x7e, 0xb4, 0xff, 0xff, 0x48, 0x89, 0x05, 0xf7, 0xac, 0x00,
  0x00, 0x48, 0x83, 0xf8, 0x01, 0x19, 0xdb, 0x89, 0xd8, 0x48, 0x83, 0xc4,
  0x08, 0x5b, 0x5d, 0xc3, 0xcc, 0xcc, 0xcc, 0xcc, 0xcc, 0xcc, 0xcc, 0xcc,
  0x40, 0xf6, 0xc6, 0x03, 0x74, 0x66, 0xf7, 0xc6, 0x00, 0x02, 0x00, 0x00,
  0x75, 0x52, 0xf7, 0xc6, 0x00, 0x20, 0x00, 0x00, 0x75, 0x4a, 0x48, 0x8b,
  0x05, 0x23, 0xad, 0x00, 0x00, 0x48, 0x85, 0xff, 0x74, 0x56, 0x55, 0x48,
  0x89, 0xe5, 0x41, 0x56, 0x53, 0x41, 0x89, 0xf6, 0x48, 0x89, 0xfe, 0x48,
  0x89, 0xc7, 0x67, 0xe8, 0x08, 0xd7, 0xff, 0xff, 0x48, 0x85, 0xc0, 0x74,
  0x3c, 0x48, 0x89, 0xc3, 0x48, 0x89, 0xc7, 0x67, 0xe8, 0x97, 0xd9, 0xff,
  0xff, 0x89, 0x05, 0xe9, 0xac, 0x00, 0x00, 0x85, 0xc0, 0x74, 0x34, 0x48,
  0x89, 0xdf, 0x67, 0xe8, 0x74, 0xdd, 0xff, 0xff, 0x31, 0xc0, 0xeb, 0x72,
  0xc7, 0x05, 0xce, 0xac, 0x00, 0x00, 0x4e, 0x00, 0x00, 0x00, 0xeb, 0x0a,
  0xc7, 0x05, 0xc2, 0xac, 0x00, 0x00, 0x16, 0x00, 0x00, 0x00, 0x31, 0xc0,
  0xc3, 0xc7, 0x05, 0xb5, 0xac, 0x00, 0x00, 0x0c, 0x00, 0x00, 0x00, 0x31,
  0xc0, 0xeb, 0x4b, 0x41, 0xf7, 0xc6, 0x00, 0x01, 0x00, 0x00, 0x74, 0x10,
  0x48, 0x8b, 0x3d, 0xa9, 0xac, 0x00, 0x00, 0x48, 0x89, 0xde, 0x67, 0xe8,
  0x70, 0xd9, 0xff, 0xff, 0xff, 0x15, 0xa2, 0xac, 0x00, 0x00, 0x41, 0x89,
  0xc6, 0xff, 0x15, 0xa1, 0xac, 0x00, 0x00, 0x48, 0x8b, 0x0d, 0xa2, 0xac,
  0x00, 0x00, 0x48, 0x89, 0xdf, 0x44, 0x89, 0xf6, 0x48, 0x89, 0xc2, 0x67,
  0xe8, 0x3b, 0xda, 0xff, 0xff, 0x48, 0x89, 0xd8, 0xc7, 0x05, 0x66, 0xac,
  0x00, 0x00, 0x00, 0x00, 0x00, 0x00, 0x5b, 0x41, 0x5e, 0x5d, 0xc3, 0xcc,
  0xcc, 0xcc, 0xcc, 0xcc, 0xcc, 0xcc, 0xcc, 0xcc, 0x55, 0x48, 0x89, 0xe5,
  0x41, 0x57, 0x41, 0x56, 0x53, 0x50, 0x48, 0x89, 0xf3, 0x49, 0x89, 0xfe,
  0x48, 0x8b, 0x3d, 0x49, 0xac, 0x00, 0x00, 0x4c, 0x89, 0xf6, 0x67, 0xe8,
  0x00, 0xdb, 0xff, 0xff, 0x48, 0x85, 0xc0, 0x74, 0x3c, 0x49, 0x89, 0xc7,
  0x48, 0x83, 0xc0, 0x38, 0x48, 0x89, 0x03, 0x49, 0x8b, 0x87, 0x38, 0x04,
  0x00, 0x00, 0x48, 0x89, 0x43, 0x08, 0x4c, 0x89, 0xff, 0x4c, 0x89, 0xf6,
  0x67, 0xe8, 0x5a, 0xdb, 0xff, 0xff, 0x48, 0x89, 0x43, 0x10, 0x4c, 0x89,
  0xff, 0x48, 0x89, 0xc6, 0x67, 0xe8, 0x2a, 0xdb, 0xff, 0xff, 0x48, 0x89,
  0x43, 0x18, 0xb8, 0x01, 0x00, 0x00, 0x00, 0xeb, 0x0c, 0xc7, 0x05, 0xed,
  0xab, 0x00, 0x00, 0x16, 0x00, 0x00, 0x00, 0x31, 0xc0, 0x48, 0x83, 0xc4,
  0x08, 0x5b, 0x41, 0x5e, 0x41, 0x5f, 0x5d, 0xc3, 0xcc, 0xcc, 0xcc, 0xcc,
  0xcc, 0xcc, 0xcc, 0xcc, 0x55, 0x48, 0x89, 0xe5, 0x41, 0x56, 0x53, 0x41,
  0xbe, 0x4e, 0x00, 0x00, 0x00, 0x48, 0x8d, 0x47, 0x01, 0x48, 0x83, 0xf8,
  0x02, 0x72, 0x38, 0x48, 0x83, 0xff, 0xfd, 0x74, 0x32, 0x48, 0x83, 0xff,
  0xfe, 0x75, 0x07, 0x48, 0x8b, 0x3d, 0xb6, 0xab, 0x00, 0x00, 0x48, 0x89,
  0xf3, 0x67, 0xe8, 0x0d, 0xda, 0xff, 0xff, 0x41, 0xbe, 0x16, 0x00, 0x00,
  0x00, 0x48, 0x85, 0xc0, 0x74, 0x11, 0x48, 0x89, 0xc7, 0x48, 0x89, 0xde,
  0x67, 0xe8, 0xb6, 0xda, 0xff, 0xff, 0x48, 0x85, 0xc0, 0x75, 0x09, 0x44,
  0x89, 0x35, 0x82, 0xab, 0x00, 0x00, 0x31, 0xc0, 0x5b, 0x41, 0x5e, 0x5d,
  0xc3, 0xcc, 0xcc, 0xcc, 0x48, 0x85, 0xff, 0x74, 0x3d, 0x48, 0x39, 0x3d,
  0x74, 0xab, 0x00, 0x00, 0x74, 0x34, 0x55, 0x48, 0x89, 0xe5, 0x53, 0x50,
  0x48, 0x89, 0xfb, 0x67, 0xe8, 0xc3, 0xda, 0xff, 0xff, 0x48, 0x89, 0xdf,
  0x67, 0xe8, 0x0a, 0xdb, 0xff, 0xff, 0x89, 0x05, 0x4c, 0xab, 0x00, 0x00,
  0x48, 0x89, 0xdf, 0x67, 0xe8, 0xdb, 0xdb, 0xff, 0xff, 0x8b, 0x05, 0x3d,
  0xab, 0x00, 0x00, 0x48, 0x83, 0xc4, 0x08, 0x5b, 0x5d, 0xc3, 0xc7, 0x05,
  0x2c, 0xab, 0x00, 0x00, 0xff, 0xff, 0xff, 0xff, 0xb8, 0xff, 0xff, 0xff,
  0xff, 0xc3, 0xcc, 0xcc, 0xcc, 0xcc, 0xcc, 0xcc, 0xcc, 0xcc, 0xcc, 0xcc,
  0xcc, 0xcc, 0xcc, 0xcc, 0x8b, 0x3d, 0x12, 0xab, 0x00, 0x00, 0x85, 0xff,
  0x74, 0x0b, 0x48, 0x8b, 0x05, 0x2f, 0xab, 0x00, 0x00, 0x31, 0xf6, 0xff,
  0xe0, 0x31, 0xc0, 0xc3, 0xcc, 0xcc, 0xcc, 0xcc, 0xcc, 0xcc, 0xcc, 0xcc,
  0x48, 0x89, 0x3d, 0xf9, 0xaa, 0x00, 0x00, 0xc3, 0xcc, 0xcc, 0xcc, 0xcc,
  0xcc, 0xcc, 0xcc, 0xcc, 0x55, 0x48, 0x89, 0xe5, 0x53, 0x50, 0x48, 0x8d,
  0x15, 0xf5, 0x40, 0x00, 0x00, 0xbb, 0xff, 0xff, 0xff, 0xff, 0xbf, 0xff,
  0xff, 0xff, 0xff, 0xbe, 0x02, 0x00, 0x00, 0x00, 0x67, 0xe8, 0xee, 0xb1,
  0xff, 0xff, 0x48, 0x89, 0x05, 0x1f, 0xaa, 0x00, 0x00, 0x48, 0x85, 0xc0,
  0x0f, 0x84, 0x26, 0x01, 0x00, 0x00, 0x48, 0x8d, 0x15, 0x57, 0x45, 0x00,
  0x00, 0xbf, 0xff, 0xff, 0xff, 0xff, 0xbe, 0x02, 0x00, 0x00, 0x00, 0x67,
  0xe8, 0xc7, 0xb1, 0xff, 0xff, 0x48, 0x89, 0x05, 0x20, 0xaa, 0x00, 0x00,
  0x48, 0x85, 0xc0, 0x0f, 0x84, 0xff, 0x00, 0x00, 0x00, 0x48, 0x8d, 0x15,
  0x3b, 0x49, 0x00, 0x00, 0xbf, 0xff, 0xff, 0xff, 0xff, 0xbe, 0x02, 0x00,
  0x00, 0x00, 0x67, 0xe8, 0xa0, 0xb1, 0xff, 0xff, 0x48, 0x89, 0x05, 0x99,
  0xaa, 0x00, 0x00, 0x48, 0x85, 0xc0, 0x0f, 0x84, 0xd8, 0x00, 0x00, 0x00,
  0x48, 0x8d, 0x15, 0xb0, 0x45, 0x00, 0x00, 0xbf, 0xff, 0xff, 0xff, 0xff,
  0xbe, 0x01, 0x00, 0x00, 0x00, 0x67, 0xe8, 0x79, 0xb1, 0xff, 0xff, 0x48,
  0x89, 0x05, 0x5a, 0xaa, 0x00, 0x00, 0x48, 0x85, 0xc0, 0x75, 0x27, 0x48,
  0x8d, 0x15, 0x8d, 0x45, 0x00, 0x00, 0xbf, 0xff, 0xff, 0xff, 0xff, 0xbe,
  0x01, 0x20, 0x00, 0x00, 0x67, 0xe8, 0x56, 0xb1, 0xff, 0xff, 0x48, 0x89,
  0x05, 0x37, 0xaa, 0x00, 0x00, 0x48, 0x85, 0xc0, 0x0f, 0x84, 0x8e, 0x00,
  0x00, 0x00, 0x48, 0x8d, 0x15, 0xd8, 0x41, 0x00, 0x00, 0xbf, 0xff, 0xff,
  0xff, 0xff, 0xbe, 0x01, 0x00, 0x00, 0x00, 0x67, 0xe8, 0x2f, 0xb1, 0xff,
  0xff, 0x48, 0x89, 0x05, 0x18, 0xaa, 0x00, 0x00, 0x48, 0x85, 0xc0, 0x75,
  0x23, 0x48, 0x8d, 0x15, 0xb5, 0x41, 0x00, 0x00, 0xbf, 0xff, 0xff, 0xff,
  0xff, 0xbe, 0x01, 0x20, 0x00, 0x00, 0x67, 0xe8, 0x0c, 0xb1, 0xff, 0xff,
  0x48, 0x89, 0x05, 0xf5, 0xa9, 0x00, 0x00, 0x48, 0x85, 0xc0, 0x74, 0x48,
  0x48, 0x8d, 0x15, 0x61, 0x4f, 0x00, 0x00, 0xbf, 0xff, 0xff, 0xff, 0xff,
  0xbe, 0x01, 0x00, 0x00, 0x00, 0x67, 0xe8, 0xe9, 0xb0, 0xff, 0xff, 0x48,
  0x89, 0x05, 0xda, 0xa9, 0x00, 0x00, 0x48, 0x85, 0xc0, 0x75, 0x23, 0x48,
  0x8d, 0x15, 0x3e, 0x4f, 0x00, 0x00, 0xbf, 0xff, 0xff, 0xff, 0xff, 0xbe,
  0x01, 0x20, 0x00, 0x00, 0x67, 0xe8, 0xc6, 0xb0, 0xff, 0xff, 0x48, 0x89,
  0x05, 0xb7, 0xa9, 0x00, 0x00, 0x48, 0x85, 0xc0, 0x74, 0x02, 0x31, 0xdb,
  0x89, 0xd8, 0x48, 0x83, 0xc4, 0x08, 0x5b, 0x5d, 0xc3, 0xcc, 0xcc, 0xcc,
  0xcc, 0xcc, 0xcc, 0xcc, 0xcc, 0xcc, 0xcc, 0xcc, 0xcc, 0xcc, 0xcc, 0xcc,
  0x55, 0x48, 0x89, 0xe5, 0x48, 0x83, 0xec, 0x20, 0x89, 0x7d, 0xe0, 0x48,
  0x89, 0x75, 0xe8, 0x48, 0x89, 0x55, 0xf0, 0x48, 0x89, 0x4d, 0xf8, 0x48,
  0x8d, 0x75, 0xe0, 0xbf, 0x12, 0x00, 0x00, 0x00, 0xe8, 0x0b, 0x00, 0x00,
  0x00, 0x48, 0x83, 0xc4, 0x20, 0x5d, 0xc3, 0xcc, 0xcc, 0xcc, 0xcc, 0xcc,
  0x55, 0x48, 0x89, 0xe5, 0x41, 0x57, 0x41, 0x56, 0x41, 0x55, 0x41, 0x54,
  0x53, 0x48, 0x83, 0xec, 0x38, 0x49, 0x89, 0xf7, 0x41, 0x89, 0xfe, 0xbf,
  0x14, 0x00, 0x00, 0x00, 0x31, 0xc0, 0x67, 0xe8, 0x9c, 0x85, 0xff, 0xff,
  0x48, 0x89, 0xc3, 0x48, 0xc7, 0x45, 0xb0, 0x01, 0x00, 0x00, 0x00, 0x44,
  0x89, 0xf0, 0x48, 0x89, 0x45, 0xb8, 0x41, 0x83, 0x3f, 0x00, 0x79, 0x03,
  0x41, 0x89, 0x1f, 0x48, 0x8d, 0x75, 0xa0, 0x89, 0xdf, 0x67, 0xe8, 0x55,
  0xc1, 0xff, 0xff, 0x41, 0xbe, 0xff, 0xff, 0xff, 0xff, 0x85, 0xc0, 0x74,
  0x12, 0x44, 0x89, 0xf0, 0x48, 0x83, 0xc4, 0x38, 0x5b, 0x41, 0x5c, 0x41,
  0x5d, 0x41, 0x5e, 0x41, 0x5f, 0x5d, 0xc3, 0x89, 0xdf, 0x67, 0xe8, 0xd1,
  0xbf, 0xff, 0xff, 0x48, 0x85, 0xc0, 0x74, 0xe1, 0x48, 0x89, 0x45, 0xc0,
  0x48, 0xbe, 0x06, 0x00, 0x00, 0x00, 0x00, 0x00, 0x00, 0x48, 0x89, 0xdf,
  0x67, 0xe8, 0xa6, 0xc0, 0xff, 0xff, 0x85, 0xc0, 0x75, 0xc7, 0x48, 0x8d,
  0x35, 0xcb, 0x53, 0x00, 0x00, 0x89, 0xdf, 0x67, 0xe8, 0x73, 0xc1, 0xff,
  0xff, 0x85, 0xc0, 0x75, 0xb4, 0x4c, 0x8d, 0x65, 0xc8, 0x4c, 0x8d, 0x2d,
  0x14, 0x85, 0xff, 0xff, 0x0f, 0x1f, 0x40, 0x00, 0xc7, 0x45, 0xc8, 0x00,
  0x00, 0x00, 0x00, 0x48, 0xc7, 0x45, 0xd0, 0x00, 0x00, 0x00, 0x00, 0xbf,
  0x3d, 0x02, 0x00, 0x00, 0x48, 0x8d, 0x75, 0xb0, 0x4c, 0x89, 0xfa, 0x4c,
  0x89, 0xe1, 0x31, 0xc0, 0x41, 0xff, 0xd5, 0x48, 0x83, 0xf8, 0xff, 0x74,
  0x2a, 0x48, 0x8b, 0x4d, 0xd0, 0x49, 0x01, 0x4f, 0x08, 0x49, 0x01, 0x4f,
  0x10, 0x49, 0x8b, 0x57, 0x18, 0x48, 0x89, 0xd6, 0x48, 0x29, 0xce, 0x49,
  0x89, 0x77, 0x18, 0x83, 0x7d, 0xc8, 0x00, 0x74, 0x0a, 0x48, 0x85, 0xc9,
  0x74, 0x05, 0x48, 0x39, 0xca, 0x75, 0xad, 0x49, 0x89, 0xc7, 0x89, 0xdf,
  0x48, 0x8b, 0x75, 0xc0, 0x67, 0xe8, 0x1e, 0xc0, 0xff, 0xff, 0x85, 0xc0,
  0x0f, 0x85, 0x3b, 0xff, 0xff, 0xff, 0x48, 0x8d, 0x75, 0xa0, 0x89, 0xdf,
  0x67, 0xe8, 0xea, 0xc0, 0xff, 0xff, 0xf7, 0xd8, 0x45, 0x19, 0xf6, 0x45,
  0x09, 0xfe, 0xe9, 0x22, 0xff, 0xff, 0xff, 0xcc, 0xcc, 0xcc, 0xcc, 0xcc,
  0xcc, 0xcc, 0xcc, 0xcc, 0xcc, 0xcc, 0xcc, 0xcc, 0x55, 0x48, 0x89, 0xe5,
  0x48, 0x83, 0xec, 0x20, 0x89, 0x7d, 0xe0, 0x48, 0x89, 0x55, 0xe8, 0x48,
  0x89, 0x75, 0xf0, 0x48, 0x89, 0x4d, 0xf8, 0x48, 0x8d, 0x75, 0xe0, 0xbf,
  0x13, 0x00, 0x00, 0x00, 0xe8, 0x9b, 0xfe, 0xff, 0xff, 0x48, 0x83, 0xc4,
  0x20, 0x5d, 0xc3, 0xcc, 0xcc, 0xcc, 0xcc, 0xcc, 0x55, 0x48, 0x89, 0xe5,
  0x48, 0x83, 0xec, 0x30, 0x88, 0x55, 0xff, 0x89, 0x7d, 0xd8, 0x48, 0x89,
  0x75, 0xe0, 0x48, 0x8d, 0x45, 0xff, 0x48, 0x89, 0x45, 0xe8, 0x48, 0xc7,
  0x45, 0xf0, 0x01, 0x00, 0x00, 0x00, 0x48, 0x8d, 0x75, 0xd8, 0xbf, 0x13,
  0x00, 0x00, 0x00, 0xe8, 0x60, 0xfe, 0xff, 0xff, 0x48, 0x83, 0xc4, 0x30,
  0x5d, 0xc3, 0xcc, 0xcc, 0xcc, 0xcc, 0xcc, 0xcc, 0xcc, 0xcc, 0xcc, 0xcc,
  0x55, 0x48, 0x89, 0xe5, 0x48, 0x83, 0xec, 0x30, 0x66, 0x89, 0x55, 0xfe,
  0x89, 0x7d, 0xd8, 0x48, 0x89, 0x75, 0xe0, 0x48, 0x8d, 0x45, 0xfe, 0x48,
  0x89, 0x45, 0xe8, 0x48, 0xc7, 0x45, 0xf0, 0x02, 0x00, 0x00, 0x00, 0x48,
  0x8d, 0x75, 0xd8, 0xbf, 0x13, 0x00, 0x00, 0x00, 0xe8, 0x1f, 0xfe, 0xff,
  0xff, 0x48, 0x83, 0xc4, 0x30, 0x5d, 0xc3, 0xcc, 0xcc, 0xcc, 0xcc, 0xcc,
  0xcc, 0xcc, 0xcc, 0xcc, 0x55, 0x48, 0x89, 0xe5, 0x48, 0x83, 0xec, 0x30,
  0x89, 0x55, 0xfc, 0x89, 0x7d, 0xd8, 0x48, 0x89, 0x75, 0xe0, 0x48, 0x8d,
  0x45, 0xfc, 0x48, 0x89, 0x45, 0xe8, 0x48, 0xc7, 0x45, 0xf0, 0x04, 0x00,
  0x00, 0x00, 0x48, 0x8d, 0x75, 0xd8, 0xbf, 0x13, 0x00, 0x00, 0x00, 0xe8,
  0xe0, 0xfd, 0xff, 0xff, 0x48, 0x83, 0xc4, 0x30, 0x5d, 0xc3, 0xcc, 0xcc,
  0xcc, 0xcc, 0xcc, 0xcc, 0xcc, 0xcc, 0xcc, 0xcc, 0x55, 0x48, 0x89, 0xe5,
  0x48, 0x83, 0xec, 0x30, 0x48, 0x89, 0x55, 0xf8, 0x89, 0x7d, 0xd8, 0x48,
  0x89, 0x75, 0xe0, 0x48, 0x8d, 0x45, 0xf8, 0x48, 0x89, 0x45, 0xe8, 0x48,
  0xc7, 0x45, 0xf0, 0x08, 0x00, 0x00, 0x00, 0x48, 0x8d, 0x75, 0xd8, 0xbf,
  0x13, 0x00, 0x00, 0x00, 0xe8, 0x9f, 0xfd, 0xff, 0xff, 0x48, 0x83, 0xc4,
  0x30, 0x5d, 0xc3, 0xcc, 0xcc, 0xcc, 0xcc, 0xcc, 0xcc, 0xcc, 0xcc, 0xcc,
  0x55, 0x48, 0x89, 0xe5, 0x48, 0x83, 0xec, 0x30, 0x48, 0xc7, 0x45, 0xf8,
  0x00, 0x00, 0x00, 0x00, 0x89, 0x7d, 0xd8, 0x48, 0x89, 0x75, 0xe0, 0x48,
  0x8d, 0x45, 0xf8, 0x48, 0x89, 0x45, 0xe8, 0x48, 0xc7, 0x45, 0xf0, 0x08,
  0x00, 0x00, 0x00, 0x48, 0x8d, 0x75, 0xd8, 0xbf, 0x12, 0x00, 0x00, 0x00,
  0xe8, 0x5b, 0xfd, 0xff, 0xff, 0x48, 0x8b, 0x45, 0xf8, 0x48, 0x83, 0xc4,
  0x30, 0x5d, 0xc3, 0xcc, 0x55, 0x48, 0x89, 0xe5, 0x48, 0x83, 0xec, 0x30,
  0xc7, 0x45, 0xfc, 0x00, 0x00, 0x00, 0x00, 0x89, 0x7d, 0xd8, 0x48, 0x89,
  0x75, 0xe0, 0x48, 0x8d, 0x45, 0xfc, 0x48, 0x89, 0x45, 0xe8, 0x48, 0xc7,
  0x45, 0xf0, 0x04, 0x00, 0x00, 0x00, 0x48, 0x8d, 0x75, 0xd8, 0xbf, 0x12,
  0x00, 0x00, 0x00, 0xe8, 0x1c, 0xfd, 0xff, 0xff, 0x8b, 0x45, 0xfc, 0x48,
  0x83, 0xc4, 0x30, 0x5d, 0xc3, 0xcc, 0xcc, 0xcc, 0x55, 0x48, 0x89, 0xe5,
  0x48, 0x83, 0xec, 0x30, 0x66, 0xc7, 0x45, 0xfe, 0x00, 0x00, 0x89, 0x7d,
  0xd8, 0x48, 0x89, 0x75, 0xe0, 0x48, 0x8d, 0x45, 0xfe, 0x48, 0x89, 0x45,
  0xe8, 0x48, 0xc7, 0x45, 0xf0, 0x02, 0x00, 0x00, 0x00, 0x48, 0x8d, 0x75,
  0xd8, 0xbf, 0x12, 0x00, 0x00, 0x00, 0xe8, 0xdd, 0xfc, 0xff, 0xff, 0x0f,
  0xb7, 0x45, 0xfe, 0x48, 0x83, 0xc4, 0x30, 0x5d, 0xc3, 0xcc, 0xcc, 0xcc,
  0x55, 0x48, 0x89, 0xe5, 0x48, 0x83, 0xec, 0x30, 0xc6, 0x45, 0xff, 0x00,
  0x89, 0x7d, 0xd8, 0x48, 0x89, 0x75, 0xe0, 0x48, 0x8d, 0x45, 0xff, 0x48,
  0x89, 0x45, 0xe8, 0x48, 0xc7, 0x45, 0xf0, 0x01, 0x00, 0x00, 0x00, 0x48,
  0x8d, 0x75, 0xd8, 0xbf, 0x12, 0x00, 0x00, 0x00, 0xe8, 0x9f, 0xfc, 0xff,
  0xff, 0x0f, 0xb6, 0x45, 0xff, 0x48, 0x83, 0xc4, 0x30, 0x5d, 0xc3, 0xcc,
  0xcc, 0xcc, 0xcc, 0xcc, 0x55, 0x48, 0x89, 0xe5, 0x41, 0x56, 0x53, 0x48,
  0x83, 0xec, 0x30, 0xbf, 0x14, 0x00, 0x00, 0x00, 0x31, 0xc0, 0x67, 0xe8,
  0x38, 0x82, 0xff, 0xff, 0x49, 0x89, 0xc6, 0x48, 0x8d, 0x75, 0xe0, 0x44,
  0x89, 0xf7, 0x67, 0xe8, 0x08, 0xbe, 0xff, 0xff, 0xbb, 0xff, 0xff, 0xff,
  0xff, 0x85, 0xc0, 0x75, 0x32, 0x48, 0x8d, 0x75, 0xc0, 0x44, 0x89, 0xf7,
  0x67, 0xe8, 0xd2, 0xbe, 0xff, 0xff, 0x85, 0xc0, 0x75, 0x21, 0xc6, 0x45,
  0xe5, 0x1c, 0xc6, 0x45, 0xe7, 0x40, 0x80, 0x4d, 0xef, 0x40, 0x80, 0x4d,
  0xc3, 0x80, 0x48, 0x8d, 0x75, 0xe0, 0x44, 0x89, 0xf7, 0x67, 0xe8, 0x41,
  0xbe, 0xff, 0xff, 0x85, 0xc0, 0x74, 0x0f, 0x85, 0xdb, 0x74, 0x20, 0x89,
  0xd8, 0x48, 0x83, 0xc4, 0x30, 0x5b, 0x41, 0x5e, 0x5d, 0xc3, 0x48, 0x8d,
  0x75, 0xc0, 0x44, 0x89, 0xf7, 0x67, 0xe8, 0x01, 0xbf, 0xff, 0xff, 0xf7,
  0xd8, 0x19, 0xdb, 0x85, 0xdb, 0x75, 0xe0, 0xbf, 0x14, 0x00, 0x00, 0x00,
  0x31, 0xc0, 0x67, 0xe8, 0xbc, 0x81, 0xff, 0xff, 0x89, 0xc7, 0x67, 0xe8,
  0xf4, 0xb2, 0xff, 0xff, 0xbb, 0xff, 0xff, 0xff, 0xff, 0x48, 0x85, 0xc0,
  0x74, 0xc1, 0x48, 0x05, 0xe8, 0x03, 0x00, 0x00, 0x48, 0x8d, 0x75, 0xc0,
  0xba, 0x08, 0x00, 0x00, 0x00, 0x48, 0x89, 0xc7, 0x67, 0xe8, 0x72, 0xae,
  0xff, 0xff, 0x85, 0xc0, 0x78, 0xa5, 0x48, 0xc7, 0x45, 0xe0, 0x00, 0x00,
  0x00, 0x00, 0xbe, 0xf0, 0x00, 0x00, 0x00, 0x48, 0x03, 0x75, 0xc0, 0x48,
  0x8d, 0x7d, 0xe0, 0xba, 0x08, 0x00, 0x00, 0x00, 0x67, 0xe8, 0x5e, 0xac,
  0xff, 0xff, 0x85, 0xc0, 0x78, 0x81, 0x48, 0xc7, 0x45, 0xe0, 0xff, 0xff,
  0xff, 0xff, 0xbe, 0xf8, 0x00, 0x00, 0x00, 0x48, 0x03, 0x75, 0xc0, 0x48,
  0x8d, 0x7d, 0xe0, 0xba, 0x08, 0x00, 0x00, 0x00, 0x67, 0xe8, 0x3a, 0xac,
  0xff, 0xff, 0x89, 0xc3, 0xc1, 0xfb, 0x1f, 0xe9, 0x57, 0xff, 0xff, 0xff,
  0x55, 0x48, 0x89, 0xe5, 0x41, 0x57, 0x41, 0x56, 0x41, 0x55, 0x41, 0x54,
  0x53, 0x48, 0x83, 0xec, 0x48, 0x48, 0x89, 0xcb, 0x49, 0x89, 0xd5, 0x49,
  0x89, 0xf7, 0x41, 0x89, 0xfc, 0x67, 0xe8, 0x9d, 0xfc, 0xff, 0xff, 0x85,
  0xc0, 0x0f, 0x84, 0xd2, 0x01, 0x00, 0x00, 0x44, 0x89, 0xe7, 0x67, 0xe8,
  0x4c, 0xb2, 0xff, 0xff, 0x41, 0xbc, 0xff, 0xff, 0xff, 0xff, 0x48, 0x85,
  0xc0, 0x0f, 0x84, 0xbd, 0x01, 0x00, 0x00, 0x48, 0x8d, 0x0d, 0x16, 0x4e,
  0x00, 0x00, 0x48, 0x03, 0x01, 0x48, 0x8d, 0x75, 0xa8, 0xba, 0x08, 0x00,
  0x00, 0x00, 0x48, 0x89, 0xc7, 0x67, 0xe8, 0xc1, 0xad, 0xff, 0xff, 0x85,
  0xc0, 0x0f, 0x85, 0x99, 0x01, 0x00, 0x00, 0x4c, 0x8d, 0x35, 0x0a, 0x9d,
  0x00, 0x00, 0x49, 0x8b, 0x06, 0x48, 0x85, 0xc0, 0x0f, 0x84, 0x86, 0x01,
  0x00, 0x00, 0x48, 0x8b, 0x4d, 0xa8, 0x48, 0x8d, 0x7c, 0x08, 0x20, 0x48,
  0x8d, 0x75, 0xb0, 0xba, 0x08, 0x00, 0x00, 0x00, 0x67, 0xe8, 0x8e, 0xad,
  0xff, 0xff, 0x85, 0xc0, 0x0f, 0x85, 0x66, 0x01, 0x00, 0x00, 0x48, 0x8b,
  0x45, 0xa8, 0x49, 0x8b, 0x0e, 0x48, 0x8d, 0x7c, 0x08, 0x28, 0x48, 0x8d,
  0x75, 0xb8, 0xba, 0x08, 0x00, 0x00, 0x00, 0x67, 0xe8, 0x6b, 0xad, 0xff,
  0xff, 0x85, 0xc0, 0x0f, 0x85, 0x43, 0x01, 0x00, 0x00, 0x48, 0x85, 0xdb,
  0x0f, 0x95, 0x45, 0xd7, 0x0f, 0x84, 0x25, 0x01, 0x00, 0x00, 0x45, 0x31,
  0xe4, 0x4c, 0x89, 0x6d, 0xa0, 0x4c, 0x89, 0x75, 0xc0, 0x4c, 0x8b, 0x75,
  0xb0, 0x48, 0x8b, 0x45, 0xb8, 0x4c, 0x89, 0x65, 0x90, 0x4d, 0x01, 0xec,
  0x49, 0x29, 0xc6, 0x48, 0x89, 0x45, 0xc8, 0x41, 0xbd, 0x30, 0x00, 0x00,
  0x00, 0x66, 0x66, 0x66, 0x66, 0x66, 0x66, 0x2e, 0x0f, 0x1f, 0x84, 0x00,
  0x00, 0x00, 0x00, 0x00, 0x41, 0x8d, 0x45, 0xf7, 0xc4, 0xc2, 0xfb, 0xf7,
  0xc4, 0x25, 0xff, 0x01, 0x00, 0x00, 0x48, 0x8b, 0x4d, 0xc8, 0x48, 0xba,
  0x00, 0xf0, 0xff, 0xff, 0xff, 0xff, 0x0f, 0x00, 0x48, 0x21, 0xd1, 0x48,
  0x89, 0x4d, 0xc8, 0x4c, 0x01, 0xf1, 0x48, 0x8d, 0x3c, 0xc1, 0xba, 0x08,
  0x00, 0x00, 0x00, 0x48, 0x8d, 0x75, 0xc8, 0x67, 0xe8, 0xe7, 0xac, 0xff,
  0xff, 0x85, 0xc0, 0x75, 0x22, 0x48, 0x8b, 0x45, 0xc8, 0xa8, 0x01, 0x74,
  0x1a, 0x49, 0x83, 0xfd, 0x15, 0x74, 0x1c, 0x89, 0xc1, 0x81, 0xe1, 0x80,
  0x00, 0x00, 0x00, 0x75, 0x12, 0x49, 0x83, 0xc5, 0xf7, 0x49, 0x83, 0xfd,
  0x14, 0x77, 0xa1, 0x31, 0xc0, 0x4c, 0x8b, 0x75, 0xc0, 0xeb, 0x48, 0x41,
  0x80, 0xc5, 0xf7, 0xb9, 0x01, 0x00, 0x00, 0x00, 0xc4, 0xe2, 0x91, 0xf7,
  0xc9, 0x48, 0xba, 0x00, 0xf0, 0xff, 0xff, 0xff, 0xff, 0x0f, 0x00, 0x48,
  0x29, 0xca, 0x48, 0x81, 0xc2, 0x00, 0x10, 0x00, 0x00, 0x48, 0x21, 0xd0,
  0x48, 0xc7, 0xc1, 0xff, 0xff, 0xff, 0xff, 0xc4, 0x62, 0x90, 0xf5, 0xf1,
  0xc4, 0xc2, 0x90, 0xf5, 0xcc, 0x48, 0x09, 0xc1, 0x49, 0x09, 0xc6, 0x48,
  0x89, 0x4d, 0x98, 0x49, 0x29, 0xce, 0x49, 0xff, 0xc6, 0xb0, 0x01, 0x84,
  0xc0, 0x4c, 0x8b, 0x6d, 0xa0, 0x4c, 0x8b, 0x65, 0x90, 0x74, 0x34, 0x49,
  0x39, 0xde, 0x4c, 0x0f, 0x43, 0xf3, 0x4b, 0x8d, 0x3c, 0x27, 0x48, 0x8b,
  0x75, 0xb0, 0x48, 0x03, 0x75, 0x98, 0x48, 0x2b, 0x75, 0xb8, 0x4c, 0x89,
  0xf2, 0x67, 0xe8, 0x55, 0xaa, 0xff, 0xff, 0x85, 0xc0, 0x75, 0x10, 0x4d,
  0x01, 0xf4, 0x49, 0x39, 0xdc, 0x0f, 0x92, 0x45, 0xd7, 0x0f, 0x82, 0xe2,
  0xfe, 0xff, 0xff, 0x44, 0x0f, 0xb6, 0x65, 0xd7, 0x41, 0x83, 0xe4, 0x01,
  0x41, 0xf7, 0xdc, 0xeb, 0x03, 0x45, 0x31, 0xe4, 0x44, 0x89, 0xe0, 0x48,
  0x83, 0xc4, 0x48, 0x5b, 0x41, 0x5c, 0x41, 0x5d, 0x41, 0x5e, 0x41, 0x5f,
  0x5d, 0xc3, 0xcc, 0xcc, 0xcc, 0xcc, 0xcc, 0xcc, 0xcc, 0xcc, 0xcc, 0xcc,
  0xcc, 0xcc, 0xcc, 0xcc, 0x55, 0x48, 0x89, 0xe5, 0x41, 0x57, 0x41, 0x56,
  0x41, 0x55, 0x41, 0x54, 0x53, 0x48, 0x83, 0xec, 0x48, 0x48, 0x89, 0xcb,
  0x49, 0x89, 0xd5, 0x49, 0x89, 0xf7, 0x41, 0x89, 0xfc, 0x67, 0xe8, 0x0d,
  0xf9, 0xff, 0xff, 0x85, 0xc0, 0x0f, 0x84, 0xd3, 0x01, 0x00, 0x00, 0x44,
  0x89, 0xe7, 0x67, 0xe8, 0x2c, 0xb0, 0xff, 0xff, 0x41, 0xbc, 0xff, 0xff,
  0xff, 0xff, 0x48, 0x85, 0xc0, 0x0f, 0x84, 0xbe, 0x01, 0x00, 0x00, 0x48,
  0x8d, 0x0d, 0xf6, 0x4b, 0x00, 0x00, 0x48, 0x03, 0x01, 0x48, 0x8d, 0x75,
  0xa8, 0xba, 0x08, 0x00, 0x00, 0x00, 0x48, 0x89, 0xc7, 0x67, 0xe8, 0xa1,
  0xab, 0xff, 0xff, 0x85, 0xc0, 0x0f, 0x85, 0x9a, 0x01, 0x00, 0x00, 0x4c,
  0x8d, 0x35, 0xea, 0x9a, 0x00, 0x00, 0x49, 0x8b, 0x06, 0x48, 0x85, 0xc0,
  0x0f, 0x84, 0x87, 0x01, 0x00, 0x00, 0x48, 0x8b, 0x4d, 0xa8, 0x48, 0x8d,
  0x7c, 0x08, 0x20, 0x48, 0x8d, 0x75, 0xb0, 0xba, 0x08, 0x00, 0x00, 0x00,
  0x67, 0xe8, 0x6e, 0xab, 0xff, 0xff, 0x85, 0xc0, 0x0f, 0x85, 0x67, 0x01,
  0x00, 0x00, 0x48, 0x8b, 0x45, 0xa8, 0x49, 0x8b, 0x0e, 0x48, 0x8d, 0x7c,
  0x08, 0x28, 0x48, 0x8d, 0x75, 0xb8, 0xba, 0x08, 0x00, 0x00, 0x00, 0x67,
  0xe8, 0x4b, 0xab, 0xff, 0xff, 0x85, 0xc0, 0x0f, 0x85, 0x44, 0x01, 0x00,
  0x00, 0x48, 0x85, 0xdb, 0x0f, 0x95, 0x45, 0xd7, 0x0f, 0x84, 0x26, 0x01,
  0x00, 0x00, 0x45, 0x31, 0xe4, 0x4c, 0x89, 0x6d, 0xa0, 0x4c, 0x89, 0x75,
  0xc0, 0x4c, 0x8b, 0x75, 0xb0, 0x48, 0x8b, 0x45, 0xb8, 0x4c, 0x89, 0x65,
  0x90, 0x4d, 0x01, 0xfc, 0x49, 0x29, 0xc6, 0x48, 0x89, 0x45, 0xc8, 0x41,
  0xbd, 0x30, 0x00, 0x00, 0x00, 0x66, 0x66, 0x66, 0x66, 0x66, 0x66, 0x2e,
  0x0f, 0x1f, 0x84, 0x00, 0x00, 0x00, 0x00, 0x00, 0x41, 0x8d, 0x45, 0xf7,
  0xc4, 0xc2, 0xfb, 0xf7, 0xc4, 0x25, 0xff, 0x01, 0x00, 0x00, 0x48, 0x8b,
  0x4d, 0xc8, 0x48, 0xba, 0x00, 0xf0, 0xff, 0xff, 0xff, 0xff, 0x0f, 0x00,
  0x48, 0x21, 0xd1, 0x48, 0x89, 0x4d, 0xc8, 0x4c, 0x01, 0xf1, 0x48, 0x8d,
  0x3c, 0xc1, 0xba, 0x08, 0x00, 0x00, 0x00, 0x48, 0x8d, 0x75, 0xc8, 0x67,
  0xe8, 0xc7, 0xaa, 0xff, 0xff, 0x85, 0xc0, 0x75, 0x22, 0x48, 0x8b, 0x45,
  0xc8, 0xa8, 0x01, 0x74, 0x1a, 0x49, 0x83, 0xfd, 0x15, 0x74, 0x1c, 0x89,
  0xc1, 0x81, 0xe1, 0x80, 0x00, 0x00, 0x00, 0x75, 0x12, 0x49, 0x83, 0xc5,
  0xf7, 0x49, 0x83, 0xfd, 0x14, 0x77, 0xa1, 0x31, 0xc0, 0x4c, 0x8b, 0x75,
  0xc0, 0xeb, 0x48, 0x41, 0x80, 0xc5, 0xf7, 0xb9, 0x01, 0x00, 0x00, 0x00,
  0xc4, 0xe2, 0x91, 0xf7, 0xc9, 0x48, 0xba, 0x00, 0xf0, 0xff, 0xff, 0xff,
  0xff, 0x0f, 0x00, 0x48, 0x29, 0xca, 0x48, 0x81, 0xc2, 0x00, 0x10, 0x00,
  0x00, 0x48, 0x21, 0xd0, 0x48, 0xc7, 0xc1, 0xff, 0xff, 0xff, 0xff, 0xc4,
  0x62, 0x90, 0xf5, 0xf1, 0xc4, 0xc2, 0x90, 0xf5, 0xcc, 0x48, 0x09, 0xc1,
  0x49, 0x09, 0xc6, 0x48, 0x89, 0x4d, 0x98, 0x49, 0x29, 0xce, 0x49, 0xff,
  0xc6, 0xb0, 0x01, 0x84, 0xc0, 0x4c, 0x8b, 0x6d, 0xa0, 0x4c, 0x8b, 0x65,
  0x90, 0x74, 0x35, 0x49, 0x39, 0xde, 0x4c, 0x0f, 0x43, 0xf3, 0x48, 0x8b,
  0x7d, 0xb0, 0x48, 0x03, 0x7d, 0x98, 0x48, 0x2b, 0x7d, 0xb8, 0x4b, 0x8d,
  0x74, 0x25, 0x00, 0x4c, 0x89, 0xf2, 0x67, 0xe8, 0x24, 0xaa, 0xff, 0xff,
  0x85, 0xc0, 0x75, 0x10, 0x4d, 0x01, 0xf4, 0x49, 0x39, 0xdc, 0x0f, 0x92,
  0x45, 0xd7, 0x0f, 0x82, 0xe1, 0xfe, 0xff, 0xff, 0x44, 0x0f, 0xb6, 0x65,
  0xd7, 0x41, 0x83, 0xe4, 0x01, 0x41, 0xf7, 0xdc, 0xeb, 0x03, 0x45, 0x31,
  0xe4, 0x44, 0x89, 0xe0, 0x48, 0x83, 0xc4, 0x48, 0x5b, 0x41, 0x5c, 0x41,
  0x5d, 0x41, 0x5e, 0x41, 0x5f, 0x5d, 0xc3, 0xcc, 0xcc, 0xcc, 0xcc, 0xcc,
  0xcc, 0xcc, 0xcc, 0xcc, 0xcc, 0xcc, 0xcc, 0xcc, 0x55, 0x48, 0x89, 0xe5,
  0x48, 0x83, 0xec, 0x10, 0x48, 0x89, 0xf0, 0x88, 0x55, 0xff, 0x48, 0x8d,
  0x75, 0xff, 0xb9, 0x01, 0x00, 0x00, 0x00, 0x48, 0x89, 0xc2, 0xe8, 0xa1,
  0xfb, 0xff, 0xff, 0x48, 0x83, 0xc4, 0x10, 0x5d, 0xc3, 0xcc, 0xcc, 0xcc,
  0xcc, 0xcc, 0xcc, 0xcc, 0xcc, 0xcc, 0xcc, 0xcc, 0x55, 0x48, 0x89, 0xe5,
  0x48, 0x83, 0xec, 0x10, 0x48, 0x89, 0xf0, 0x66, 0x89, 0x55, 0xfe, 0x48,
  0x8d, 0x75, 0xfe, 0xb9, 0x02, 0x00, 0x00, 0x00, 0x48, 0x89, 0xc2, 0xe8,
  0x70, 0xfb, 0xff, 0xff, 0x48, 0x83, 0xc4, 0x10, 0x5d, 0xc3, 0xcc, 0xcc,
  0xcc, 0xcc, 0xcc, 0xcc, 0xcc, 0xcc, 0xcc, 0xcc, 0x55, 0x48, 0x89, 0xe5,
  0x48, 0x83, 0xec, 0x10, 0x48, 0x89, 0xf0, 0x89, 0x55, 0xfc, 0x48, 0x8d,
  0x75, 0xfc, 0xb9, 0x04, 0x00, 0x00, 0x00, 0x48, 0x89, 0xc2, 0xe8, 0x41,
  0xfb, 0xff, 0xff, 0x48, 0x83, 0xc4, 0x10, 0x5d, 0xc3, 0xcc, 0xcc, 0xcc,
  0xcc, 0xcc, 0xcc, 0xcc, 0xcc, 0xcc, 0xcc, 0xcc, 0x55, 0x48, 0x89, 0xe5,
  0x48, 0x83, 0xec, 0x10, 0x48, 0x89, 0xf0, 0x48, 0x89, 0x55, 0xf8, 0x48,
  0x8d, 0x75, 0xf8, 0xb9, 0x08, 0x00, 0x00, 0x00, 0x48, 0x89, 0xc2, 0xe8,
  0x10, 0xfb, 0xff, 0xff, 0x48, 0x83, 0xc4, 0x10, 0x5d, 0xc3, 0xcc, 0xcc,
  0xcc, 0xcc, 0xcc, 0xcc, 0xcc, 0xcc, 0xcc, 0xcc, 0x55, 0x48, 0x89, 0xe5,
  0x48, 0x83, 0xec, 0x10, 0xc6, 0x45, 0xff, 0x00, 0x48, 0x8d, 0x55, 0xff,
  0xb9, 0x01, 0x00, 0x00, 0x00, 0xe8, 0x06, 0xfd, 0xff, 0xff, 0x0f, 0xb6,
  0x45, 0xff, 0x48, 0x83, 0xc4, 0x10, 0x5d, 0xc3, 0xcc, 0xcc, 0xcc, 0xcc,
  0xcc, 0xcc, 0xcc, 0xcc, 0xcc, 0xcc, 0xcc, 0xcc, 0x55, 0x48, 0x89, 0xe5,
  0x48, 0x83, 0xec, 0x10, 0x66, 0xc7, 0x45, 0xfe, 0x00, 0x00, 0x48, 0x8d,
  0x55, 0xfe, 0xb9, 0x02, 0x00, 0x00, 0x00, 0xe8, 0xd4, 0xfc, 0xff, 0xff,
  0x0f, 0xb7, 0x45, 0xfe, 0x48, 0x83, 0xc4, 0x10, 0x5d, 0xc3, 0xcc, 0xcc,
  0xcc, 0xcc, 0xcc, 0xcc, 0xcc, 0xcc, 0xcc, 0xcc, 0x55, 0x48, 0x89, 0xe5,
  0x48, 0x83, 0xec, 0x10, 0xc7, 0x45, 0xfc, 0x00, 0x00, 0x00, 0x00, 0x48,
  0x8d, 0x55, 0xfc, 0xb9, 0x04, 0x00, 0x00, 0x00, 0xe8, 0xa3, 0xfc, 0xff,
  0xff, 0x8b, 0x45, 0xfc, 0x48, 0x83, 0xc4, 0x10, 0x5d, 0xc3, 0xcc, 0xcc,
  0xcc, 0xcc, 0xcc, 0xcc, 0xcc, 0xcc, 0xcc, 0xcc, 0x55, 0x48, 0x89, 0xe5,
  0x48, 0x83, 0xec, 0x10, 0x48, 0xc7, 0x45, 0xf8, 0x00, 0x00, 0x00, 0x00,
  0x48, 0x8d, 0x55, 0xf8, 0xb9, 0x08, 0x00, 0x00, 0x00, 0xe8, 0x72, 0xfc,
  0xff, 0xff, 0x48, 0x8b, 0x45, 0xf8, 0x48, 0x83, 0xc4, 0x10, 0x5d, 0xc3,
  0x00, 0x00, 0x00, 0x00, 0x00, 0x00, 0x00, 0x00, 0x00, 0x00, 0x00, 0x00,
  0x00, 0x00, 0x00, 0x00, 0x00, 0x00, 0x00, 0x00, 0x00, 0x00, 0x00, 0x00,
  0x00, 0x00, 0x00, 0x00, 0x00, 0x00, 0x00, 0x00, 0x00, 0x00, 0x00, 0x00,
  0x00, 0x00, 0x00, 0x00, 0x00, 0x00, 0x00, 0x00, 0x00, 0x00, 0x00, 0x00,
  0x00, 0x00, 0x00, 0x00, 0x00, 0x00, 0x00, 0x00, 0x00, 0x00, 0x00, 0x00,
  0x00, 0x00, 0x00, 0x00, 0x00, 0x00, 0x00, 0x00, 0x00, 0x00, 0x00, 0x00,
  0x00, 0x00, 0x00, 0x00, 0x00, 0x00, 0x00, 0x00, 0x00, 0x00, 0x00, 0x00,
  0x00, 0x00, 0x00, 0x00, 0x00, 0x00, 0x00, 0x00, 0x00, 0x00, 0x00, 0x00,
  0x00, 0x00, 0x00, 0x00, 0x00, 0x00, 0x00, 0x00, 0x00, 0x00, 0x00, 0x00,
  0x00, 0x00, 0x00, 0x00, 0x00, 0x00, 0x00, 0x00, 0x00, 0x00, 0x00, 0x00,
  0x00, 0x00, 0x00, 0x00, 0x00, 0x00, 0x00, 0x00, 0x00, 0x00, 0x00, 0x00,
  0x00, 0x00, 0x00, 0x00, 0x00, 0x00, 0x00, 0x00, 0x00, 0x00, 0x00, 0x00,
  0x00, 0x00, 0x00, 0x00, 0x00, 0x00, 0x00, 0x00, 0x00, 0x00, 0x00, 0x00,
  0x00, 0x00, 0x00, 0x00, 0x00, 0x00, 0x00, 0x00, 0x00, 0x00, 0x00, 0x00,
  0x00, 0x00, 0x00, 0x00, 0x00, 0x00, 0x00, 0x00, 0x00, 0x00, 0x00, 0x00,
  0x00, 0x00, 0x00, 0x00, 0x00, 0x00, 0x00, 0x00, 0x00, 0x00, 0x00, 0x00,
  0x00, 0x00, 0x00, 0x00, 0x00, 0x00, 0x00, 0x00, 0x00, 0x00, 0x00, 0x00,
  0x00, 0x00, 0x00, 0x00, 0x00, 0x00, 0x00, 0x00, 0x00, 0x00, 0x00, 0x00,
  0x00, 0x00, 0x00, 0x00, 0x00, 0x00, 0x00, 0x00, 0x00, 0x00, 0x00, 0x00,
  0x00, 0x00, 0x00, 0x00, 0x00, 0x00, 0x00, 0x00, 0x00, 0x00, 0x00, 0x00,
  0x00, 0x00, 0x00, 0x00, 0x00, 0x00, 0x00, 0x00, 0x00, 0x00, 0x00, 0x00,
  0x00, 0x00, 0x00, 0x00, 0x00, 0x00, 0x00, 0x00, 0x00, 0x00, 0x00, 0x00,
  0x00, 0x00, 0x00, 0x00, 0x00, 0x00, 0x00, 0x00, 0x00, 0x00, 0x00, 0x00,
  0x00, 0x00, 0x00, 0x00, 0x00, 0x00, 0x00, 0x00, 0x00, 0x00, 0x00, 0x00,
  0x00, 0x00, 0x00, 0x00, 0x00, 0x00, 0x00, 0x00, 0x00, 0x00, 0x00, 0x00,
  0x00, 0x00, 0x00, 0x00, 0x00, 0x00, 0x00, 0x00, 0x00, 0x00, 0x00, 0x00,
  0x00, 0x00, 0x00, 0x00, 0x00, 0x00, 0x00, 0x00, 0x00, 0x00, 0x00, 0x00,
  0x00, 0x00, 0x00, 0x00, 0x00, 0x00, 0x00, 0x00, 0x00, 0x00, 0x00, 0x00,
  0x00, 0x00, 0x00, 0x00, 0x00, 0x00, 0x00, 0x00, 0x00, 0x00, 0x00, 0x00,
  0x00, 0x00, 0x00, 0x00, 0x00, 0x00, 0x00, 0x00, 0x00, 0x00, 0x00, 0x00,
  0x00, 0x00, 0x00, 0x00, 0x00, 0x00, 0x00, 0x00, 0x00, 0x00, 0x00, 0x00,
  0x00, 0x00, 0x00, 0x00, 0x00, 0x00, 0x00, 0x00, 0x00, 0x00, 0x00, 0x00,
  0x00, 0x00, 0x00, 0x00, 0x00, 0x00, 0x00, 0x00, 0x00, 0x00, 0x00, 0x00,
  0x00, 0x00, 0x00, 0x00, 0x00, 0x00, 0x00, 0x00, 0x00, 0x00, 0x00, 0x00,
  0x00, 0x00, 0x00, 0x00, 0x00, 0x00, 0x00, 0x00, 0x00, 0x00, 0x00, 0x00,
  0x00, 0x00, 0x00, 0x00, 0x00, 0x00, 0x00, 0x00, 0x00, 0x00, 0x00, 0x00,
  0x00, 0x00, 0x00, 0x00, 0x00, 0x00, 0x00, 0x00, 0x00, 0x00, 0x00, 0x00,
  0x00, 0x00, 0x00, 0x00, 0x00, 0x00, 0x00, 0x00, 0x00, 0x00, 0x00, 0x00,
  0x00, 0x00, 0x00, 0x00, 0x00, 0x00, 0x00, 0x00, 0x00, 0x00, 0x00, 0x00,
  0x00, 0x00, 0x00, 0x00, 0x00, 0x00, 0x00, 0x00, 0x00, 0x00, 0x00, 0x00,
  0x00, 0x00, 0x00, 0x00, 0x00, 0x00, 0x00, 0x00, 0x00, 0x00, 0x00, 0x00,
  0x00, 0x00, 0x00, 0x00, 0x00, 0x00, 0x00, 0x00, 0x00, 0x00, 0x00, 0x00,
  0x00, 0x00, 0x00, 0x00, 0x00, 0x00, 0x00, 0x00, 0x00, 0x00, 0x00, 0x00,
  0x00, 0x00, 0x00, 0x00, 0x00, 0x00, 0x00, 0x00, 0x00, 0x00, 0x00, 0x00,
  0x00, 0x00, 0x00, 0x00, 0x00, 0x00, 0x00, 0x00, 0x00, 0x00, 0x00, 0x00,
  0x00, 0x00, 0x00, 0x00, 0x00, 0x00, 0x00, 0x00, 0x00, 0x00, 0x00, 0x00,
  0x00, 0x00, 0x00, 0x00, 0x00, 0x00, 0x00, 0x00, 0x00, 0x00, 0x00, 0x00,
  0x00, 0x00, 0x00, 0x00, 0x00, 0x00, 0x00, 0x00, 0x00, 0x00, 0x00, 0x00,
  0x00, 0x00, 0x00, 0x00, 0x00, 0x00, 0x00, 0x00, 0x00, 0x00, 0x00, 0x00,
  0x00, 0x00, 0x00, 0x00, 0x00, 0x00, 0x00, 0x00, 0x00, 0x00, 0x00, 0x00,
  0x00, 0x00, 0x00, 0x00, 0x00, 0x00, 0x00, 0x00, 0x00, 0x00, 0x00, 0x00,
  0x00, 0x00, 0x00, 0x00, 0x00, 0x00, 0x00, 0x00, 0x00, 0x00, 0x00, 0x00,
  0x00, 0x00, 0x00, 0x00, 0x00, 0x00, 0x00, 0x00, 0x00, 0x00, 0x00, 0x00,
  0x00, 0x00, 0x00, 0x00, 0x00, 0x00, 0x00, 0x00, 0x00, 0x00, 0x00, 0x00,
  0x00, 0x00, 0x00, 0x00, 0x00, 0x00, 0x00, 0x00, 0x00, 0x00, 0x00, 0x00,
  0x00, 0x00, 0x00, 0x00, 0x00, 0x00, 0x00, 0x00, 0x00, 0x00, 0x00, 0x00,
  0x00, 0x00, 0x00, 0x00, 0x00, 0x00, 0x00, 0x00, 0x00, 0x00, 0x00, 0x00,
  0x00, 0x00, 0x00, 0x00, 0x00, 0x00, 0x00, 0x00, 0x00, 0x00, 0x00, 0x00,
  0x00, 0x00, 0x00, 0x00, 0x00, 0x00, 0x00, 0x00, 0x00, 0x00, 0x00, 0x00,
  0x00, 0x00, 0x00, 0x00, 0x00, 0x00, 0x00, 0x00, 0x00, 0x00, 0x00, 0x00,
  0x00, 0x00, 0x00, 0x00, 0x00, 0x00, 0x00, 0x00, 0x00, 0x00, 0x00, 0x00,
  0x00, 0x00, 0x00, 0x00, 0x00, 0x00, 0x00, 0x00, 0x00, 0x00, 0x00, 0x00,
  0x00, 0x00, 0x00, 0x00, 0x00, 0x00, 0x00, 0x00, 0x00, 0x00, 0x00, 0x00,
  0x00, 0x00, 0x00, 0x00, 0x00, 0x00, 0x00, 0x00, 0x00, 0x00, 0x00, 0x00,
  0x00, 0x00, 0x00, 0x00, 0x00, 0x00, 0x00, 0x00, 0x00, 0x00, 0x00, 0x00,
  0x00, 0x00, 0x00, 0x00, 0x00, 0x00, 0x00, 0x00, 0x00, 0x00, 0x00, 0x00,
  0x00, 0x00, 0x00, 0x00, 0x00, 0x00, 0x00, 0x00, 0x00, 0x00, 0x00, 0x00,
  0x00, 0x00, 0x00, 0x00, 0x00, 0x00, 0x00, 0x00, 0x00, 0x00, 0x00, 0x00,
  0x00, 0x00, 0x00, 0x00, 0x00, 0x00, 0x00, 0x00, 0x00, 0x00, 0x00, 0x00,
  0x00, 0x00, 0x00, 0x00, 0x00, 0x00, 0x00, 0x00, 0x00, 0x00, 0x00, 0x00,
  0x00, 0x00, 0x00, 0x00, 0x00, 0x00, 0x00, 0x00, 0x00, 0x00, 0x00, 0x00,
  0x00, 0x00, 0x00, 0x00, 0x00, 0x00, 0x00, 0x00, 0x00, 0x00, 0x00, 0x00,
  0x00, 0x00, 0x00, 0x00, 0x00, 0x00, 0x00, 0x00, 0x00, 0x00, 0x00, 0x00,
  0x00, 0x00, 0x00, 0x00, 0x00, 0x00, 0x00, 0x00, 0x00, 0x00, 0x00, 0x00,
  0x00, 0x00, 0x00, 0x00, 0x00, 0x00, 0x00, 0x00, 0x00, 0x00, 0x00, 0x00,
  0x00, 0x00, 0x00, 0x00, 0x00, 0x00, 0x00, 0x00, 0x00, 0x00, 0x00, 0x00,
  0x00, 0x00, 0x00, 0x00, 0x00, 0x00, 0x00, 0x00, 0x00, 0x00, 0x00, 0x00,
  0x00, 0x00, 0x00, 0x00, 0x00, 0x00, 0x00, 0x00, 0x00, 0x00, 0x00, 0x00,
  0x00, 0x00, 0x00, 0x00, 0x00, 0x00, 0x00, 0x00, 0x00, 0x00, 0x00, 0x00,
  0x00, 0x00, 0x00, 0x00, 0x00, 0x00, 0x00, 0x00, 0x00, 0x00, 0x00, 0x00,
  0x00, 0x00, 0x00, 0x00, 0x00, 0x00, 0x00, 0x00, 0x00, 0x00, 0x00, 0x00,
  0x00, 0x00, 0x00, 0x00, 0x00, 0x00, 0x00, 0x00, 0x00, 0x00, 0x00, 0x00,
  0x00, 0x00, 0x00, 0x00, 0x00, 0x00, 0x00, 0x00, 0x00, 0x00, 0x00, 0x00,
  0x00, 0x00, 0x00, 0x00, 0x00, 0x00, 0x00, 0x00, 0x00, 0x00, 0x00, 0x00,
  0x00, 0x00, 0x00, 0x00, 0x00, 0x00, 0x00, 0x00, 0x00, 0x00, 0x00, 0x00,
  0x00, 0x00, 0x00, 0x00, 0x00, 0x00, 0x00, 0x00, 0x00, 0x00, 0x00, 0x00,
  0x00, 0x00, 0x00, 0x00, 0x00, 0x00, 0x00, 0x00, 0x00, 0x00, 0x00, 0x00,
  0x00, 0x00, 0x00, 0x00, 0x00, 0x00, 0x00, 0x00, 0x00, 0x00, 0x00, 0x00,
  0x00, 0x00, 0x00, 0x00, 0x00, 0x00, 0x00, 0x00, 0x00, 0x00, 0x00, 0x00,
  0x00, 0x00, 0x00, 0x00, 0x00, 0x00, 0x00, 0x00, 0x00, 0x00, 0x00, 0x00,
  0x00, 0x00, 0x00, 0x00, 0x00, 0x00, 0x00, 0x00, 0x00, 0x00, 0x00, 0x00,
  0x00, 0x00, 0x00, 0x00, 0x00, 0x00, 0x00, 0x00, 0x00, 0x00, 0x00, 0x00,
  0x00, 0x00, 0x00, 0x00, 0x00, 0x00, 0x00, 0x00, 0x00, 0x00, 0x00, 0x00,
  0x00, 0x00, 0x00, 0x00, 0x00, 0x00, 0x00, 0x00, 0x00, 0x00, 0x00, 0x00,
  0x00, 0x00, 0x00, 0x00, 0x00, 0x00, 0x00, 0x00, 0x00, 0x00, 0x00, 0x00,
  0x00, 0x00, 0x00, 0x00, 0x00, 0x00, 0x00, 0x00, 0x00, 0x00, 0x00, 0x00,
  0x00, 0x00, 0x00, 0x00, 0x00, 0x00, 0x00, 0x00, 0x00, 0x00, 0x00, 0x00,
  0x00, 0x00, 0x00, 0x00, 0x00, 0x00, 0x00, 0x00, 0x00, 0x00, 0x00, 0x00,
  0x00, 0x00, 0x00, 0x00, 0x00, 0x00, 0x00, 0x00, 0x00, 0x00, 0x00, 0x00,
  0x00, 0x00, 0x00, 0x00, 0x00, 0x00, 0x00, 0x00, 0x00, 0x00, 0x00, 0x00,
  0x00, 0x00, 0x00, 0x00, 0x00, 0x00, 0x00, 0x00, 0x00, 0x00, 0x00, 0x00,
  0x00, 0x00, 0x00, 0x00, 0x00, 0x00, 0x00, 0x00, 0x00, 0x00, 0x00, 0x00,
  0x00, 0x00, 0x00, 0x00, 0x00, 0x00, 0x00, 0x00, 0x00, 0x00, 0x00, 0x00,
  0x00, 0x00, 0x00, 0x00, 0x00, 0x00, 0x00, 0x00, 0x00, 0x00, 0x00, 0x00,
  0x00, 0x00, 0x00, 0x00, 0x00, 0x00, 0x00, 0x00, 0x00, 0x00, 0x00, 0x00,
  0x00, 0x00, 0x00, 0x00, 0x00, 0x00, 0x00, 0x00, 0x00, 0x00, 0x00, 0x00,
  0x00, 0x00, 0x00, 0x00, 0x00, 0x00, 0x00, 0x00, 0x00, 0x00, 0x00, 0x00,
  0x00, 0x00, 0x00, 0x00, 0x00, 0x00, 0x00, 0x00, 0x00, 0x00, 0x00, 0x00,
  0x00, 0x00, 0x00, 0x00, 0x00, 0x00, 0x00, 0x00, 0x00, 0x00, 0x00, 0x00,
  0x00, 0x00, 0x00, 0x00, 0x00, 0x00, 0x00, 0x00, 0x00, 0x00, 0x00, 0x00,
  0x00, 0x00, 0x00, 0x00, 0x00, 0x00, 0x00, 0x00, 0x00, 0x00, 0x00, 0x00,
  0x00, 0x00, 0x00, 0x00, 0x00, 0x00, 0x00, 0x00, 0x00, 0x00, 0x00, 0x00,
  0x00, 0x00, 0x00, 0x00, 0x00, 0x00, 0x00, 0x00, 0x00, 0x00, 0x00, 0x00,
  0x00, 0x00, 0x00, 0x00, 0x00, 0x00, 0x00, 0x00, 0x00, 0x00, 0x00, 0x00,
  0x00, 0x00, 0x00, 0x00, 0x00, 0x00, 0x00, 0x00, 0x00, 0x00, 0x00, 0x00,
  0x00, 0x00, 0x00, 0x00, 0x00, 0x00, 0x00, 0x00, 0x00, 0x00, 0x00, 0x00,
  0x00, 0x00, 0x00, 0x00, 0x00, 0x00, 0x00, 0x00, 0x00, 0x00, 0x00, 0x00,
  0x00, 0x00, 0x00, 0x00, 0x00, 0x00, 0x00, 0x00, 0x00, 0x00, 0x00, 0x00,
  0x00, 0x00, 0x00, 0x00, 0x00, 0x00, 0x00, 0x00, 0x00, 0x00, 0x00, 0x00,
  0x00, 0x00, 0x00, 0x00, 0x00, 0x00, 0x00, 0x00, 0x00, 0x00, 0x00, 0x00,
  0x00, 0x00, 0x00, 0x00, 0x00, 0x00, 0x00, 0x00, 0x00, 0x00, 0x00, 0x00,
  0x00, 0x00, 0x00, 0x00, 0x00, 0x00, 0x00, 0x00, 0x00, 0x00, 0x00, 0x00,
  0x00, 0x00, 0x00, 0x00, 0x00, 0x00, 0x00, 0x00, 0x00, 0x00, 0x00, 0x00,
  0x00, 0x00, 0x00, 0x00, 0x00, 0x00, 0x00, 0x00, 0x00, 0x00, 0x00, 0x00,
  0x00, 0x00, 0x00, 0x00, 0x00, 0x00, 0x00, 0x00, 0x00, 0x00, 0x00, 0x00,
  0x00, 0x00, 0x00, 0x00, 0x00, 0x00, 0x00, 0x00, 0x00, 0x00, 0x00, 0x00,
  0x00, 0x00, 0x00, 0x00, 0x00, 0x00, 0x00, 0x00, 0x00, 0x00, 0x00, 0x00,
  0x00, 0x00, 0x00, 0x00, 0x00, 0x00, 0x00, 0x00, 0x00, 0x00, 0x00, 0x00,
  0x00, 0x00, 0x00, 0x00, 0x00, 0x00, 0x00, 0x00, 0x00, 0x00, 0x00, 0x00,
  0x00, 0x00, 0x00, 0x00, 0x00, 0x00, 0x00, 0x00, 0x00, 0x00, 0x00, 0x00,
  0x00, 0x00, 0x00, 0x00, 0x00, 0x00, 0x00, 0x00, 0x00, 0x00, 0x00, 0x00,
  0x00, 0x00, 0x00, 0x00, 0x00, 0x00, 0x00, 0x00, 0x00, 0x00, 0x00, 0x00,
  0x00, 0x00, 0x00, 0x00, 0x00, 0x00, 0x00, 0x00, 0x00, 0x00, 0x00, 0x00,
  0x00, 0x00, 0x00, 0x00, 0x00, 0x00, 0x00, 0x00, 0x00, 0x00, 0x00, 0x00,
  0x00, 0x00, 0x00, 0x00, 0x00, 0x00, 0x00, 0x00, 0x00, 0x00, 0x00, 0x00,
  0x00, 0x00, 0x00, 0x00, 0x00, 0x00, 0x00, 0x00, 0x00, 0x00, 0x00, 0x00,
  0x00, 0x00, 0x00, 0x00, 0x00, 0x00, 0x00, 0x00, 0x00, 0x00, 0x00, 0x00,
  0x00, 0x00, 0x00, 0x00, 0x00, 0x00, 0x00, 0x00, 0x00, 0x00, 0x00, 0x00,
  0x00, 0x00, 0x00, 0x00, 0x00, 0x00, 0x00, 0x00, 0x00, 0x00, 0x00, 0x00,
  0x00, 0x00, 0x00, 0x00, 0x00, 0x00, 0x00, 0x00, 0x00, 0x00, 0x00, 0x00,
  0x00, 0x00, 0x00, 0x00, 0x00, 0x00, 0x00, 0x00, 0x00, 0x00, 0x00, 0x00,
  0x00, 0x00, 0x00, 0x00, 0x00, 0x00, 0x00, 0x00, 0x00, 0x00, 0x00, 0x00,
  0x00, 0x00, 0x00, 0x00, 0x00, 0x00, 0x00, 0x00, 0x00, 0x00, 0x00, 0x00,
  0x00, 0x00, 0x00, 0x00, 0x00, 0x00, 0x00, 0x00, 0x00, 0x00, 0x00, 0x00,
  0x00, 0x00, 0x00, 0x00, 0x00, 0x00, 0x00, 0x00, 0x00, 0x00, 0x00, 0x00,
  0x00, 0x00, 0x00, 0x00, 0x00, 0x00, 0x00, 0x00, 0x00, 0x00, 0x00, 0x00,
  0x00, 0x00, 0x00, 0x00, 0x00, 0x00, 0x00, 0x00, 0x00, 0x00, 0x00, 0x00,
  0x00, 0x00, 0x00, 0x00, 0x00, 0x00, 0x00, 0x00, 0x00, 0x00, 0x00, 0x00,
  0x00, 0x00, 0x00, 0x00, 0x00, 0x00, 0x00, 0x00, 0x00, 0x00, 0x00, 0x00,
  0x00, 0x00, 0x00, 0x00, 0x00, 0x00, 0x00, 0x00, 0x00, 0x00, 0x00, 0x00,
  0x00, 0x00, 0x00, 0x00, 0x00, 0x00, 0x00, 0x00, 0x00, 0x00, 0x00, 0x00,
  0x00, 0x00, 0x00, 0x00, 0x00, 0x00, 0x00, 0x00, 0x00, 0x00, 0x00, 0x00,
  0x00, 0x00, 0x00, 0x00, 0x00, 0x00, 0x00, 0x00, 0x00, 0x00, 0x00, 0x00,
  0x00, 0x00, 0x00, 0x00, 0x00, 0x00, 0x00, 0x00, 0x00, 0x00, 0x00, 0x00,
  0x00, 0x00, 0x00, 0x00, 0x00, 0x00, 0x00, 0x00, 0x00, 0x00, 0x00, 0x00,
  0x00, 0x00, 0x00, 0x00, 0x00, 0x00, 0x00, 0x00, 0x00, 0x00, 0x00, 0x00,
  0x00, 0x00, 0x00, 0x00, 0x00, 0x00, 0x00, 0x00, 0x00, 0x00, 0x00, 0x00,
  0x00, 0x00, 0x00, 0x00, 0x00, 0x00, 0x00, 0x00, 0x00, 0x00, 0x00, 0x00,
  0x00, 0x00, 0x00, 0x00, 0x00, 0x00, 0x00, 0x00, 0x00, 0x00, 0x00, 0x00,
  0x00, 0x00, 0x00, 0x00, 0x00, 0x00, 0x00, 0x00, 0x00, 0x00, 0x00, 0x00,
  0x00, 0x00, 0x00, 0x00, 0x00, 0x00, 0x00, 0x00, 0x00, 0x00, 0x00, 0x00,
  0x00, 0x00, 0x00, 0x00, 0x00, 0x00, 0x00, 0x00, 0x00, 0x00, 0x00, 0x00,
  0x00, 0x00, 0x00, 0x00, 0x00, 0x00, 0x00, 0x00, 0x00, 0x00, 0x00, 0x00,
  0x00, 0x00, 0x00, 0x00, 0x00, 0x00, 0x00, 0x00, 0x00, 0x00, 0x00, 0x00,
  0x00, 0x00, 0x00, 0x00, 0x00, 0x00, 0x00, 0x00, 0x00, 0x00, 0x00, 0x00,
  0x00, 0x00, 0x00, 0x00, 0x00, 0x00, 0x00, 0x00, 0x00, 0x00, 0x00, 0x00,
  0x00, 0x00, 0x00, 0x00, 0x00, 0x00, 0x00, 0x00, 0x00, 0x00, 0x00, 0x00,
  0x00, 0x00, 0x00, 0x00, 0x00, 0x00, 0x00, 0x00, 0x00, 0x00, 0x00, 0x00,
  0x00, 0x00, 0x00, 0x00, 0x00, 0x00, 0x00, 0x00, 0x00, 0x00, 0x00, 0x00,
  0x00, 0x00, 0x00, 0x00, 0x00, 0x00, 0x00, 0x00, 0x00, 0x00, 0x00, 0x00,
  0x00, 0x00, 0x00, 0x00, 0x00, 0x00, 0x00, 0x00, 0x00, 0x00, 0x00, 0x00,
  0x00, 0x00, 0x00, 0x00, 0x00, 0x00, 0x00, 0x00, 0x00, 0x00, 0x00, 0x00,
  0x00, 0x00, 0x00, 0x00, 0x00, 0x00, 0x00, 0x00, 0x00, 0x00, 0x00, 0x00,
  0x00, 0x00, 0x00, 0x00, 0x00, 0x00, 0x00, 0x00, 0x00, 0x00, 0x00, 0x00,
  0x00, 0x00, 0x00, 0x00, 0x00, 0x00, 0x00, 0x00, 0x00, 0x00, 0x00, 0x00,
  0x00, 0x00, 0x00, 0x00, 0x00, 0x00, 0x00, 0x00, 0x00, 0x00, 0x00, 0x00,
  0x00, 0x00, 0x00, 0x00, 0x00, 0x00, 0x00, 0x00, 0x00, 0x00, 0x00, 0x00,
  0x00, 0x00, 0x00, 0x00, 0x00, 0x00, 0x00, 0x00, 0x00, 0x00, 0x00, 0x00,
  0x00, 0x00, 0x00, 0x00, 0x00, 0x00, 0x00, 0x00, 0x00, 0x00, 0x00, 0x00,
  0x00, 0x00, 0x00, 0x00, 0x00, 0x00, 0x00, 0x00, 0x00, 0x00, 0x00, 0x00,
  0x00, 0x00, 0x00, 0x00, 0x00, 0x00, 0x00, 0x00, 0x00, 0x00, 0x00, 0x00,
  0x00, 0x00, 0x00, 0x00, 0x00, 0x00, 0x00, 0x00, 0x00, 0x00, 0x00, 0x00,
  0x00, 0x00, 0x00, 0x00, 0x00, 0x00, 0x00, 0x00, 0x00, 0x00, 0x00, 0x00,
  0x00, 0x00, 0x00, 0x00, 0x00, 0x00, 0x00, 0x00, 0x00, 0x00, 0x00, 0x00,
  0x00, 0x00, 0x00, 0x00, 0x00, 0x00, 0x00, 0x00, 0x00, 0x00, 0x00, 0x00,
  0x00, 0x00, 0x00, 0x00, 0x00, 0x00, 0x00, 0x00, 0x00, 0x00, 0x00, 0x00,
  0x00, 0x00, 0x00, 0x00, 0x00, 0x00, 0x00, 0x00, 0x00, 0x00, 0x00, 0x00,
  0x00, 0x00, 0x00, 0x00, 0x00, 0x00, 0x00, 0x00, 0x00, 0x00, 0x00, 0x00,
  0x00, 0x00, 0x00, 0x00, 0x00, 0x00, 0x00, 0x00, 0x00, 0x00, 0x00, 0x00,
  0x00, 0x00, 0x00, 0x00, 0x00, 0x00, 0x00, 0x00, 0x00, 0x00, 0x00, 0x00,
  0x00, 0x00, 0x00, 0x00, 0x00, 0x00, 0x00, 0x00, 0x00, 0x00, 0x00, 0x00,
  0x00, 0x00, 0x00, 0x00, 0x00, 0x00, 0x00, 0x00, 0x00, 0x00, 0x00, 0x00,
  0x00, 0x00, 0x00, 0x00, 0x00, 0x00, 0x00, 0x00, 0x00, 0x00, 0x00, 0x00,
  0x00, 0x00, 0x00, 0x00, 0x00, 0x00, 0x00, 0x00, 0x00, 0x00, 0x00, 0x00,
  0x00, 0x00, 0x00, 0x00, 0x00, 0x00, 0x00, 0x00, 0x00, 0x00, 0x00, 0x00,
  0x00, 0x00, 0x00, 0x00, 0x00, 0x00, 0x00, 0x00, 0x00, 0x00, 0x00, 0x00,
  0x00, 0x00, 0x00, 0x00, 0x00, 0x00, 0x00, 0x00, 0x00, 0x00, 0x00, 0x00,
  0x00, 0x00, 0x00, 0x00, 0x00, 0x00, 0x00, 0x00, 0x00, 0x00, 0x00, 0x00,
  0x00, 0x00, 0x00, 0x00, 0x00, 0x00, 0x00, 0x00, 0x00, 0x00, 0x00, 0x00,
  0x00, 0x00, 0x00, 0x00, 0x00, 0x00, 0x00, 0x00, 0x00, 0x00, 0x00, 0x00,
  0x00, 0x00, 0x00, 0x00, 0x00, 0x00, 0x00, 0x00, 0x00, 0x00, 0x00, 0x00,
  0x00, 0x00, 0x00, 0x00, 0x00, 0x00, 0x00, 0x00, 0x00, 0x00, 0x00, 0x00,
  0x00, 0x00, 0x00, 0x00, 0x00, 0x00, 0x00, 0x00, 0x00, 0x00, 0x00, 0x00,
  0x00, 0x00, 0x00, 0x00, 0x00, 0x00, 0x00, 0x00, 0x00, 0x00, 0x00, 0x00,
  0x00, 0x00, 0x00, 0x00, 0x00, 0x00, 0x00, 0x00, 0x00, 0x00, 0x00, 0x00,
  0x00, 0x00, 0x00, 0x00, 0x00, 0x00, 0x00, 0x00, 0x00, 0x00, 0x00, 0x00,
  0x00, 0x00, 0x00, 0x00, 0x00, 0x00, 0x00, 0x00, 0x00, 0x00, 0x00, 0x00,
  0x00, 0x00, 0x00, 0x00, 0x00, 0x00, 0x00, 0x00, 0x00, 0x00, 0x00, 0x00,
  0x00, 0x00, 0x00, 0x00, 0x00, 0x00, 0x00, 0x00, 0x00, 0x00, 0x00, 0x00,
  0x00, 0x00, 0x00, 0x00, 0x00, 0x00, 0x00, 0x00, 0x00, 0x00, 0x00, 0x00,
  0x00, 0x00, 0x00, 0x00, 0x00, 0x00, 0x00, 0x00, 0x00, 0x00, 0x00, 0x00,
  0x00, 0x00, 0x00, 0x00, 0x00, 0x00, 0x00, 0x00, 0x00, 0x00, 0x00, 0x00,
  0x00, 0x00, 0x00, 0x00, 0x00, 0x00, 0x00, 0x00, 0x00, 0x00, 0x00, 0x00,
  0x00, 0x00, 0x00, 0x00, 0x00, 0x00, 0x00, 0x00, 0x00, 0x00, 0x00, 0x00,
  0x00, 0x00, 0x00, 0x00, 0x00, 0x00, 0x00, 0x00, 0x00, 0x00, 0x00, 0x00,
  0x00, 0x00, 0x00, 0x00, 0x00, 0x00, 0x00, 0x00, 0x00, 0x00, 0x00, 0x00,
  0x00, 0x00, 0x00, 0x00, 0x00, 0x00, 0x00, 0x00, 0x00, 0x00, 0x00, 0x00,
  0x00, 0x00, 0x00, 0x00, 0x00, 0x00, 0x00, 0x00, 0x00, 0x00, 0x00, 0x00,
  0x00, 0x00, 0x00, 0x00, 0x00, 0x00, 0x00, 0x00, 0x00, 0x00, 0x00, 0x00,
  0x00, 0x00, 0x00, 0x00, 0x00, 0x00, 0x00, 0x00, 0x00, 0x00, 0x00, 0x00,
  0x00, 0x00, 0x00, 0x00, 0x00, 0x00, 0x00, 0x00, 0x00, 0x00, 0x00, 0x00,
  0x00, 0x00, 0x00, 0x00, 0x00, 0x00, 0x00, 0x00, 0x00, 0x00, 0x00, 0x00,
  0x00, 0x00, 0x00, 0x00, 0x00, 0x00, 0x00, 0x00, 0x00, 0x00, 0x00, 0x00,
  0x00, 0x00, 0x00, 0x00, 0x00, 0x00, 0x00, 0x00, 0x00, 0x00, 0x00, 0x00,
  0x00, 0x00, 0x00, 0x00, 0x00, 0x00, 0x00, 0x00, 0x00, 0x00, 0x00, 0x00,
  0x00, 0x00, 0x00, 0x00, 0x00, 0x00, 0x00, 0x00, 0x00, 0x00, 0x00, 0x00,
  0x00, 0x00, 0x00, 0x00, 0x00, 0x00, 0x00, 0x00, 0x00, 0x00, 0x00, 0x00,
  0x00, 0x00, 0x00, 0x00, 0x00, 0x00, 0x00, 0x00, 0x00, 0x00, 0x00, 0x00,
  0x00, 0x00, 0x00, 0x00, 0x00, 0x00, 0x00, 0x00, 0x00, 0x00, 0x00, 0x00,
  0x00, 0x00, 0x00, 0x00, 0x00, 0x00, 0x00, 0x00, 0x00, 0x00, 0x00, 0x00,
  0x00, 0x00, 0x00, 0x00, 0x00, 0x00, 0x00, 0x00, 0x00, 0x00, 0x00, 0x00,
  0x00, 0x00, 0x00, 0x00, 0x00, 0x00, 0x00, 0x00, 0x00, 0x00, 0x00, 0x00,
  0x00, 0x00, 0x00, 0x00, 0x00, 0x00, 0x00, 0x00, 0x00, 0x00, 0x00, 0x00,
  0x00, 0x00, 0x00, 0x00, 0x00, 0x00, 0x00, 0x00, 0x00, 0x00, 0x00, 0x00,
  0x00, 0x00, 0x00, 0x00, 0x00, 0x00, 0x00, 0x00, 0x00, 0x00, 0x00, 0x00,
  0x00, 0x00, 0x00, 0x00, 0x00, 0x00, 0x00, 0x00, 0x00, 0x00, 0x00, 0x00,
  0x00, 0x00, 0x00, 0x00, 0x00, 0x00, 0x00, 0x00, 0x00, 0x00, 0x00, 0x00,
  0x00, 0x00, 0x00, 0x00, 0x00, 0x00, 0x00, 0x00, 0x00, 0x00, 0x00, 0x00,
  0x00, 0x00, 0x00, 0x00, 0x00, 0x00, 0x00, 0x00, 0x00, 0x00, 0x00, 0x00,
  0x00, 0x00, 0x00, 0x00, 0x00, 0x00, 0x00, 0x00, 0x00, 0x00, 0x00, 0x00,
  0x00, 0x00, 0x00, 0x00, 0x00, 0x00, 0x00, 0x00, 0x00, 0x00, 0x00, 0x00,
  0x00, 0x00, 0x00, 0x00, 0x00, 0x00, 0x00, 0x00, 0x00, 0x00, 0x00, 0x00,
  0x00, 0x00, 0x00, 0x00, 0x00, 0x00, 0x00, 0x00, 0x00, 0x00, 0x00, 0x00,
  0x00, 0x00, 0x00, 0x00, 0x00, 0x00, 0x00, 0x00, 0x00, 0x00, 0x00, 0x00,
  0x00, 0x00, 0x00, 0x00, 0x00, 0x00, 0x00, 0x00, 0x00, 0x00, 0x00, 0x00,
  0x00, 0x00, 0x00, 0x00, 0x00, 0x00, 0x00, 0x00, 0x00, 0x00, 0x00, 0x00,
  0x00, 0x00, 0x00, 0x00, 0x00, 0x00, 0x00, 0x00, 0x00, 0x00, 0x00, 0x00,
  0x00, 0x00, 0x00, 0x00, 0x00, 0x00, 0x00, 0x00, 0x00, 0x00, 0x00, 0x00,
  0x00, 0x00, 0x00, 0x00, 0x00, 0x00, 0x00, 0x00, 0x00, 0x00, 0x00, 0x00,
  0x00, 0x00, 0x00, 0x00, 0x00, 0x00, 0x00, 0x00, 0x00, 0x00, 0x00, 0x00,
  0x00, 0x00, 0x00, 0x00, 0x00, 0x00, 0x00, 0x00, 0x00, 0x00, 0x00, 0x00,
  0x00, 0x00, 0x00, 0x00, 0x00, 0x00, 0x00, 0x00, 0x00, 0x00, 0x00, 0x00,
  0x00, 0x00, 0x00, 0x00, 0x00, 0x00, 0x00, 0x00, 0x00, 0x00, 0x00, 0x00,
  0x00, 0x00, 0x00, 0x00, 0x00, 0x00, 0x00, 0x00, 0x00, 0x00, 0x00, 0x00,
  0x00, 0x00, 0x00, 0x00, 0x00, 0x00, 0x00, 0x00, 0x00, 0x00, 0x00, 0x00,
  0x00, 0x00, 0x00, 0x00, 0x00, 0x00, 0x00, 0x00, 0x00, 0x00, 0x00, 0x00,
  0x00, 0x00, 0x00, 0x00, 0x00, 0x00, 0x00, 0x00, 0x00, 0x00, 0x00, 0x00,
  0x00, 0x00, 0x00, 0x00, 0x00, 0x00, 0x00, 0x00, 0x00, 0x00, 0x00, 0x00,
  0x00, 0x00, 0x00, 0x00, 0x00, 0x00, 0x00, 0x00, 0x00, 0x00, 0x00, 0x00,
  0x00, 0x00, 0x00, 0x00, 0x00, 0x00, 0x00, 0x00, 0x00, 0x00, 0x00, 0x00,
  0x00, 0x00, 0x00, 0x00, 0x00, 0x00, 0x00, 0x00, 0x00, 0x00, 0x00, 0x00,
  0x00, 0x00, 0x00, 0x00, 0x00, 0x00, 0x00, 0x00, 0x00, 0x00, 0x00, 0x00,
  0x00, 0x00, 0x00, 0x00, 0x00, 0x00, 0x00, 0x00, 0x00, 0x00, 0x00, 0x00,
  0x00, 0x00, 0x00, 0x00, 0x00, 0x00, 0x00, 0x00, 0x00, 0x00, 0x00, 0x00,
  0x00, 0x00, 0x00, 0x00, 0x00, 0x00, 0x00, 0x00, 0x00, 0x00, 0x00, 0x00,
  0x00, 0x00, 0x00, 0x00, 0x00, 0x00, 0x00, 0x00, 0x00, 0x00, 0x00, 0x00,
  0x00, 0x00, 0x00, 0x00, 0x00, 0x00, 0x00, 0x00, 0x00, 0x00, 0x00, 0x00,
  0x00, 0x00, 0x00, 0x00, 0x00, 0x00, 0x00, 0x00, 0x00, 0x00, 0x00, 0x00,
  0x00, 0x00, 0x00, 0x00, 0x00, 0x00, 0x00, 0x00, 0x00, 0x00, 0x00, 0x00,
  0x00, 0x00, 0x00, 0x00, 0x00, 0x00, 0x00, 0x00, 0x00, 0x00, 0x00, 0x00,
  0x00, 0x00, 0x00, 0x00, 0x00, 0x00, 0x00, 0x00, 0x00, 0x00, 0x00, 0x00,
  0x00, 0x00, 0x00, 0x00, 0x00, 0x00, 0x00, 0x00, 0x00, 0x00, 0x00, 0x00,
  0x00, 0x00, 0x00, 0x00, 0x00, 0x00, 0x00, 0x00, 0x00, 0x00, 0x00, 0x00,
  0x00, 0x00, 0x00, 0x00, 0x00, 0x00, 0x00, 0x00, 0x00, 0x00, 0x00, 0x00,
  0x00, 0x00, 0x00, 0x00, 0x00, 0x00, 0x00, 0x00, 0x00, 0x00, 0x00, 0x00,
  0x00, 0x00, 0x00, 0x00, 0x00, 0x00, 0x00, 0x00, 0x00, 0x00, 0x00, 0x00,
  0x00, 0x00, 0x00, 0x00, 0x00, 0x00, 0x00, 0x00, 0x00, 0x00, 0x00, 0x00,
  0x00, 0x00, 0x00, 0x00, 0x00, 0x00, 0x00, 0x00, 0x00, 0x00, 0x00, 0x00,
  0x00, 0x00, 0x00, 0x00, 0x00, 0x00, 0x00, 0x00, 0x00, 0x00, 0x00, 0x00,
  0x00, 0x00, 0x00, 0x00, 0x00, 0x00, 0x00, 0x00, 0x00, 0x00, 0x00, 0x00,
  0x00, 0x00, 0x00, 0x00, 0x00, 0x00, 0x00, 0x00, 0x00, 0x00, 0x00, 0x00,
  0x00, 0x00, 0x00, 0x00, 0x00, 0x00, 0x00, 0x00, 0x00, 0x00, 0x00, 0x00,
  0x00, 0x00, 0x00, 0x00, 0x00, 0x00, 0x00, 0x00, 0x00, 0x00, 0x00, 0x00,
  0x00, 0x00, 0x00, 0x00, 0x00, 0x00, 0x00, 0x00, 0x00, 0x00, 0x00, 0x00,
  0x00, 0x00, 0x00, 0x00, 0x00, 0x00, 0x00, 0x00, 0x00, 0x00, 0x00, 0x00,
  0x00, 0x00, 0x00, 0x00, 0x00, 0x00, 0x00, 0x00, 0x00, 0x00, 0x00, 0x00,
  0x00, 0x00, 0x00, 0x00, 0x00, 0x00, 0x00, 0x00, 0x00, 0x00, 0x00, 0x00,
  0x00, 0x00, 0x00, 0x00, 0x00, 0x00, 0x00, 0x00, 0x00, 0x00, 0x00, 0x00,
  0x00, 0x00, 0x00, 0x00, 0x00, 0x00, 0x00, 0x00, 0x00, 0x00, 0x00, 0x00,
  0x00, 0x00, 0x00, 0x00, 0x00, 0x00, 0x00, 0x00, 0x00, 0x00, 0x00, 0x00,
  0x00, 0x00, 0x00, 0x00, 0x00, 0x00, 0x00, 0x00, 0x00, 0x00, 0x00, 0x00,
  0x00, 0x00, 0x00, 0x00, 0x00, 0x00, 0x00, 0x00, 0x00, 0x00, 0x00, 0x00,
  0x00, 0x00, 0x00, 0x00, 0x00, 0x00, 0x00, 0x00, 0x00, 0x00, 0x00, 0x00,
  0x00, 0x00, 0x00, 0x00, 0x00, 0x00, 0x00, 0x00, 0x00, 0x00, 0x00, 0x00,
  0x00, 0x00, 0x00, 0x00, 0x00, 0x00, 0x00, 0x00, 0x00, 0x00, 0x00, 0x00,
  0x00, 0x00, 0x00, 0x00, 0x00, 0x00, 0x00, 0x00, 0x00, 0x00, 0x00, 0x00,
  0x00, 0x00, 0x00, 0x00, 0x00, 0x00, 0x00, 0x00, 0x00, 0x00, 0x00, 0x00,
  0x00, 0x00, 0x00, 0x00, 0x00, 0x00, 0x00, 0x00, 0x00, 0x00, 0x00, 0x00,
  0x00, 0x00, 0x00, 0x00, 0x00, 0x00, 0x00, 0x00, 0x00, 0x00, 0x00, 0x00,
  0x00, 0x00, 0x00, 0x00, 0x00, 0x00, 0x00, 0x00, 0x00, 0x00, 0x00, 0x00,
  0x00, 0x00, 0x00, 0x00, 0x00, 0x00, 0x00, 0x00, 0x00, 0x00, 0x00, 0x00,
  0x00, 0x00, 0x00, 0x00, 0x00, 0x00, 0x00, 0x00, 0x00, 0x00, 0x00, 0x00,
  0x00, 0x00, 0x00, 0x00, 0x00, 0x00, 0x00, 0x00, 0x00, 0x00, 0x00, 0x00,
  0x00, 0x00, 0x00, 0x00, 0x00, 0x00, 0x00, 0x00, 0x00, 0x00, 0x00, 0x00,
  0x00, 0x00, 0x00, 0x00, 0x00, 0x00, 0x00, 0x00, 0x00, 0x00, 0x00, 0x00,
  0x00, 0x00, 0x00, 0x00, 0x00, 0x00, 0x00, 0x00, 0x00, 0x00, 0x00, 0x00,
  0x00, 0x00, 0x00, 0x00, 0x00, 0x00, 0x00, 0x00, 0x00, 0x00, 0x00, 0x00,
  0x00, 0x00, 0x00, 0x00, 0x00, 0x00, 0x00, 0x00, 0x00, 0x00, 0x00, 0x00,
  0x00, 0x00, 0x00, 0x00, 0x00, 0x00, 0x00, 0x00, 0x00, 0x00, 0x00, 0x00,
  0x00, 0x00, 0x00, 0x00, 0x00, 0x00, 0x00, 0x00, 0x00, 0x00, 0x00, 0x00,
  0x00, 0x00, 0x00, 0x00, 0x00, 0x00, 0x00, 0x00, 0x00, 0x00, 0x00, 0x00,
  0x00, 0x00, 0x00, 0x00, 0x00, 0x00, 0x00, 0x00, 0x00, 0x00, 0x00, 0x00,
  0x00, 0x00, 0x00, 0x00, 0x00, 0x00, 0x00, 0x00, 0x00, 0x00, 0x00, 0x00,
  0x00, 0x00, 0x00, 0x00, 0x00, 0x00, 0x00, 0x00, 0x00, 0x00, 0x00, 0x00,
  0x00, 0x00, 0x00, 0x00, 0x00, 0x00, 0x00, 0x00, 0x00, 0x00, 0x00, 0x00,
  0x00, 0x00, 0x00, 0x00, 0x00, 0x00, 0x00, 0x00, 0x00, 0x00, 0x00, 0x00,
  0x00, 0x00, 0x00, 0x00, 0x00, 0x00, 0x00, 0x00, 0x00, 0x00, 0x00, 0x00,
  0x00, 0x00, 0x00, 0x00, 0x00, 0x00, 0x00, 0x00, 0x00, 0x00, 0x00, 0x00,
  0x00, 0x00, 0x00, 0x00, 0x00, 0x00, 0x00, 0x00, 0x00, 0x00, 0x00, 0x00,
  0x00, 0x00, 0x00, 0x00, 0x00, 0x00, 0x00, 0x00, 0x00, 0x00, 0x00, 0x00,
  0x00, 0x00, 0x00, 0x00, 0x00, 0x00, 0x00, 0x00, 0x00, 0x00, 0x00, 0x00,
  0x00, 0x00, 0x00, 0x00, 0x00, 0x00, 0x00, 0x00, 0x00, 0x00, 0x00, 0x00,
  0x00, 0x00, 0x00, 0x00, 0x00, 0x00, 0x00, 0x00, 0x00, 0x00, 0x00, 0x00,
  0x00, 0x00, 0x00, 0x00, 0x00, 0x00, 0x00, 0x00, 0x00, 0x00, 0x00, 0x00,
  0x00, 0x00, 0x00, 0x00, 0x00, 0x00, 0x00, 0x00, 0x00, 0x00, 0x00, 0x00,
  0x00, 0x00, 0x00, 0x00, 0x00, 0x00, 0x00, 0x00, 0x00, 0x00, 0x00, 0x00,
  0x00, 0x00, 0x00, 0x00, 0x00, 0x00, 0x00, 0x00, 0x00, 0x00, 0x00, 0x00,
  0x00, 0x00, 0x00, 0x00, 0x00, 0x00, 0x00, 0x00, 0x00, 0x00, 0x00, 0x00,
  0x00, 0x00, 0x00, 0x00, 0x00, 0x00, 0x00, 0x00, 0x00, 0x00, 0x00, 0x00,
  0x00, 0x00, 0x00, 0x00, 0x00, 0x00, 0x00, 0x00, 0x00, 0x00, 0x00, 0x00,
  0x00, 0x00, 0x00, 0x00, 0x00, 0x00, 0x00, 0x00, 0x00, 0x00, 0x00, 0x00,
  0x00, 0x00, 0x00, 0x00, 0x00, 0x00, 0x00, 0x00, 0x00, 0x00, 0x00, 0x00,
  0x00, 0x00, 0x00, 0x00, 0x00, 0x00, 0x00, 0x00, 0x00, 0x00, 0x00, 0x00,
  0x00, 0x00, 0x00, 0x00, 0x00, 0x00, 0x00, 0x00, 0x00, 0x00, 0x00, 0x00,
  0x00, 0x00, 0x00, 0x00, 0x00, 0x00, 0x00, 0x00, 0x00, 0x00, 0x00, 0x00,
  0x00, 0x00, 0x00, 0x00, 0x00, 0x00, 0x00, 0x00, 0x00, 0x00, 0x00, 0x00,
  0x00, 0x00, 0x00, 0x00, 0x00, 0x00, 0x00, 0x00, 0x00, 0x00, 0x00, 0x00,
  0x00, 0x00, 0x00, 0x00, 0x00, 0x00, 0x00, 0x00, 0x00, 0x00, 0x00, 0x00,
  0x00, 0x00, 0x00, 0x00, 0x00, 0x00, 0x00, 0x00, 0x00, 0x00, 0x00, 0x00,
  0x00, 0x00, 0x00, 0x00, 0x00, 0x00, 0x00, 0x00, 0x00, 0x00, 0x00, 0x00,
  0x00, 0x00, 0x00, 0x00, 0x00, 0x00, 0x00, 0x00, 0x00, 0x00, 0x00, 0x00,
  0x00, 0x00, 0x00, 0x00, 0x00, 0x00, 0x00, 0x00, 0x00, 0x00, 0x00, 0x00,
  0x00, 0x00, 0x00, 0x00, 0x00, 0x00, 0x00, 0x00, 0x00, 0x00, 0x00, 0x00,
  0x00, 0x00, 0x00, 0x00, 0x00, 0x00, 0x00, 0x00, 0x00, 0x00, 0x00, 0x00,
  0x00, 0x00, 0x00, 0x00, 0x00, 0x00, 0x00, 0x00, 0x00, 0x00, 0x00, 0x00,
  0x00, 0x00, 0x00, 0x00, 0x00, 0x00, 0x00, 0x00, 0x00, 0x00, 0x00, 0x00,
  0x00, 0x00, 0x00, 0x00, 0x00, 0x00, 0x00, 0x00, 0x00, 0x00, 0x00, 0x00,
  0x00, 0x00, 0x00, 0x00, 0x00, 0x00, 0x00, 0x00, 0x00, 0x00, 0x00, 0x00,
  0x00, 0x00, 0x00, 0x00, 0x00, 0x00, 0x00, 0x00, 0x00, 0x00, 0x00, 0x00,
  0x00, 0x00, 0x00, 0x00, 0x00, 0x00, 0x00, 0x00, 0x00, 0x00, 0x00, 0x00,
  0x00, 0x00, 0x00, 0x00, 0x00, 0x00, 0x00, 0x00, 0x00, 0x00, 0x00, 0x00,
  0x00, 0x00, 0x00, 0x00, 0x00, 0x00, 0x00, 0x00, 0x00, 0x00, 0x00, 0x00,
  0x00, 0x00, 0x00, 0x00, 0x00, 0x00, 0x00, 0x00, 0x00, 0x00, 0x00, 0x00,
  0x00, 0x00, 0x00, 0x00, 0x00, 0x00, 0x00, 0x00, 0x00, 0x00, 0x00, 0x00,
  0x00, 0x00, 0x00, 0x00, 0x00, 0x00, 0x00, 0x00, 0x00, 0x00, 0x00, 0x00,
  0x00, 0x00, 0x00, 0x00, 0x00, 0x00, 0x00, 0x00, 0x00, 0x00, 0x00, 0x00,
  0x00, 0x00, 0x00, 0x00, 0x00, 0x00, 0x00, 0x00, 0x00, 0x00, 0x00, 0x00,
  0x00, 0x00, 0x00, 0x00, 0x00, 0x00, 0x00, 0x00, 0x00, 0x00, 0x00, 0x00,
  0x00, 0x00, 0x00, 0x00, 0x00, 0x00, 0x00, 0x00, 0x00, 0x00, 0x00, 0x00,
  0x00, 0x00, 0x00, 0x00, 0x00, 0x00, 0x00, 0x00, 0x00, 0x00, 0x00, 0x00,
  0x00, 0x00, 0x00, 0x00, 0x00, 0x00, 0x00, 0x00, 0x00, 0x00, 0x00, 0x00,
  0x00, 0x00, 0x00, 0x00, 0x00, 0x00, 0x00, 0x00, 0x00, 0x00, 0x00, 0x00,
  0x00, 0x00, 0x00, 0x00, 0x00, 0x00, 0x00, 0x00, 0x00, 0x00, 0x00, 0x00,
  0x00, 0x00, 0x00, 0x00, 0x00, 0x00, 0x00, 0x00, 0x00, 0x00, 0x00, 0x00,
  0x00, 0x00, 0x00, 0x00, 0x00, 0x00, 0x00, 0x00, 0x00, 0x00, 0x00, 0x00,
  0x00, 0x00, 0x00, 0x00, 0x00, 0x00, 0x00, 0x00, 0x00, 0x00, 0x00, 0x00,
  0x00, 0x00, 0x00, 0x00, 0x00, 0x00, 0x00, 0x00, 0x00, 0x00, 0x00, 0x00,
  0x00, 0x00, 0x00, 0x00, 0x00, 0x00, 0x00, 0x00, 0x00, 0x00, 0x00, 0x00,
  0x00, 0x00, 0x00, 0x00, 0x00, 0x00, 0x00, 0x00, 0x00, 0x00, 0x00, 0x00,
  0x00, 0x00, 0x00, 0x00, 0x00, 0x00, 0x00, 0x00, 0x00, 0x00, 0x00, 0x00,
  0x00, 0x00, 0x00, 0x00, 0x00, 0x00, 0x00, 0x00, 0x00, 0x00, 0x00, 0x00,
  0x00, 0x00, 0x00, 0x00, 0x00, 0x00, 0x00, 0x00, 0x00, 0x00, 0x00, 0x00,
  0x00, 0x00, 0x00, 0x00, 0x00, 0x00, 0x00, 0x00, 0x00, 0x00, 0x00, 0x00,
  0x00, 0x00, 0x00, 0x00, 0x00, 0x00, 0x00, 0x00, 0x00, 0x00, 0x00, 0x00,
  0x00, 0x00, 0x00, 0x00, 0x00, 0x00, 0x00, 0x00, 0x00, 0x00, 0x00, 0x00,
  0x00, 0x00, 0x00, 0x00, 0x00, 0x00, 0x00, 0x00, 0x00, 0x00, 0x00, 0x00,
  0x00, 0x00, 0x00, 0x00, 0x00, 0x00, 0x00, 0x00, 0x00, 0x00, 0x00, 0x00,
  0x00, 0x00, 0x00, 0x00, 0x00, 0x00, 0x00, 0x00, 0x00, 0x00, 0x00, 0x00,
  0x00, 0x00, 0x00, 0x00, 0x00, 0x00, 0x00, 0x00, 0x00, 0x00, 0x00, 0x00,
  0x00, 0x00, 0x00, 0x00, 0x00, 0x00, 0x00, 0x00, 0x00, 0x00, 0x00, 0x00,
  0x00, 0x00, 0x00, 0x00, 0x00, 0x00, 0x00, 0x00, 0x00, 0x00, 0x00, 0x00,
  0x00, 0x00, 0x00, 0x00, 0x00, 0x00, 0x00, 0x00, 0x00, 0x00, 0x00, 0x00,
  0x00, 0x00, 0x00, 0x00, 0x00, 0x00, 0x00, 0x00, 0x00, 0x00, 0x00, 0x00,
  0x00, 0x00, 0x00, 0x00, 0x00, 0x00, 0x00, 0x00, 0x00, 0x00, 0x00, 0x00,
  0x00, 0x00, 0x00, 0x00, 0x00, 0x00, 0x00, 0x00, 0x00, 0x00, 0x00, 0x00,
  0x00, 0x00, 0x00, 0x00, 0x00, 0x00, 0x00, 0x00, 0x00, 0x00, 0x00, 0x00,
  0x00, 0x00, 0x00, 0x00, 0x00, 0x00, 0x00, 0x00, 0x00, 0x00, 0x00, 0x00,
  0x00, 0x00, 0x00, 0x00, 0x00, 0x00, 0x00, 0x00, 0x00, 0x00, 0x00, 0x00,
  0x00, 0x00, 0x00, 0x00, 0x00, 0x00, 0x00, 0x00, 0x00, 0x00, 0x00, 0x00,
  0x00, 0x00, 0x00, 0x00, 0x00, 0x00, 0x00, 0x00, 0x00, 0x00, 0x00, 0x00,
  0x00, 0x00, 0x00, 0x00, 0x00, 0x00, 0x00, 0x00, 0x00, 0x00, 0x00, 0x00,
  0x00, 0x00, 0x00, 0x00, 0x00, 0x00, 0x00, 0x00, 0x00, 0x00, 0x00, 0x00,
  0x00, 0x00, 0x00, 0x00, 0x00, 0x00, 0x00, 0x00, 0x00, 0x00, 0x00, 0x00,
  0x00, 0x00, 0x00, 0x00, 0x00, 0x00, 0x00, 0x00, 0x00, 0x00, 0x00, 0x00,
  0x00, 0x00, 0x00, 0x00, 0x00, 0x00, 0x00, 0x00, 0x00, 0x00, 0x00, 0x00,
  0x00, 0x00, 0x00, 0x00, 0x00, 0x00, 0x00, 0x00, 0x00, 0x00, 0x00, 0x00,
  0x00, 0x00, 0x00, 0x00, 0x00, 0x00, 0x00, 0x00, 0x00, 0x00, 0x00, 0x00,
  0x00, 0x00, 0x00, 0x00, 0x00, 0x00, 0x00, 0x00, 0x00, 0x00, 0x00, 0x00,
  0x00, 0x00, 0x00, 0x00, 0x00, 0x00, 0x00, 0x00, 0x00, 0x00, 0x00, 0x00,
  0x00, 0x00, 0x00, 0x00, 0x00, 0x00, 0x00, 0x00, 0x00, 0x00, 0x00, 0x00,
  0x00, 0x00, 0x00, 0x00, 0x00, 0x00, 0x00, 0x00, 0x00, 0x00, 0x00, 0x00,
  0x00, 0x00, 0x00, 0x00, 0x00, 0x00, 0x00, 0x00, 0x00, 0x00, 0x00, 0x00,
  0x00, 0x00, 0x00, 0x00, 0x00, 0x00, 0x00, 0x00, 0x00, 0x00, 0x00, 0x00,
  0x00, 0x00, 0x00, 0x00, 0x00, 0x00, 0x00, 0x00, 0x00, 0x00, 0x00, 0x00,
  0x00, 0x00, 0x00, 0x00, 0x00, 0x00, 0x00, 0x00, 0x00, 0x00, 0x00, 0x00,
  0x00, 0x00, 0x00, 0x00, 0x00, 0x00, 0x00, 0x00, 0x00, 0x00, 0x00, 0x00,
  0x00, 0x00, 0x00, 0x00, 0x00, 0x00, 0x00, 0x00, 0x00, 0x00, 0x00, 0x00,
  0x00, 0x00, 0x00, 0x00, 0x00, 0x00, 0x00, 0x00, 0x00, 0x00, 0x00, 0x00,
  0x00, 0x00, 0x00, 0x00, 0x00, 0x00, 0x00, 0x00, 0x00, 0x00, 0x00, 0x00,
  0x00, 0x00, 0x00, 0x00, 0x00, 0x00, 0x00, 0x00, 0x00, 0x00, 0x00, 0x00,
  0x00, 0x00, 0x00, 0x00, 0x00, 0x00, 0x00, 0x00, 0x00, 0x00, 0x00, 0x00,
  0x00, 0x00, 0x00, 0x00, 0x00, 0x00, 0x00, 0x00, 0x00, 0x00, 0x00, 0x00,
  0x00, 0x00, 0x00, 0x00, 0x00, 0x00, 0x00, 0x00, 0x00, 0x00, 0x00, 0x00,
  0x00, 0x00, 0x00, 0x00, 0x00, 0x00, 0x00, 0x00, 0x00, 0x00, 0x00, 0x00,
  0x00, 0x00, 0x00, 0x00, 0x00, 0x00, 0x00, 0x00, 0x00, 0x00, 0x00, 0x00,
  0x00, 0x00, 0x00, 0x00, 0x00, 0x00, 0x00, 0x00, 0x00, 0x00, 0x00, 0x00,
  0x00, 0x00, 0x00, 0x00, 0x00, 0x00, 0x00, 0x00, 0x00, 0x00, 0x00, 0x00,
  0x00, 0x00, 0x00, 0x00, 0x00, 0x00, 0x00, 0x00, 0x00, 0x00, 0x00, 0x00,
  0x00, 0x00, 0x00, 0x00, 0x00, 0x00, 0x00, 0x00, 0x00, 0x00, 0x00, 0x00,
  0x00, 0x00, 0x00, 0x00, 0x00, 0x00, 0x00, 0x00, 0x00, 0x00, 0x00, 0x00,
  0x00, 0x00, 0x00, 0x00, 0x00, 0x00, 0x00, 0x00, 0x00, 0x00, 0x00, 0x00,
  0x00, 0x00, 0x00, 0x00, 0x00, 0x00, 0x00, 0x00, 0x00, 0x00, 0x00, 0x00,
  0x00, 0x00, 0x00, 0x00, 0x00, 0x00, 0x00, 0x00, 0x00, 0x00, 0x00, 0x00,
  0x00, 0x00, 0x00, 0x00, 0x00, 0x00, 0x00, 0x00, 0x00, 0x00, 0x00, 0x00,
  0x00, 0x00, 0x00, 0x00, 0x00, 0x00, 0x00, 0x00, 0x00, 0x00, 0x00, 0x00,
  0x00, 0x00, 0x00, 0x00, 0x00, 0x00, 0x00, 0x00, 0x00, 0x00, 0x00, 0x00,
  0x00, 0x00, 0x00, 0x00, 0x00, 0x00, 0x00, 0x00, 0x00, 0x00, 0x00, 0x00,
  0x00, 0x00, 0x00, 0x00, 0x00, 0x00, 0x00, 0x00, 0x00, 0x00, 0x00, 0x00,
  0x00, 0x00, 0x00, 0x00, 0x00, 0x00, 0x00, 0x00, 0x00, 0x00, 0x00, 0x00,
  0x00, 0x00, 0x00, 0x00, 0x00, 0x00, 0x00, 0x00, 0x00, 0x00, 0x00, 0x00,
  0x00, 0x00, 0x00, 0x00, 0x00, 0x00, 0x00, 0x00, 0x00, 0x00, 0x00, 0x00,
  0x00, 0x00, 0x00, 0x00, 0x00, 0x00, 0x00, 0x00, 0x00, 0x00, 0x00, 0x00,
  0x00, 0x00, 0x00, 0x00, 0x00, 0x00, 0x00, 0x00, 0x00, 0x00, 0x00, 0x00,
  0x00, 0x00, 0x00, 0x00, 0x00, 0x00, 0x00, 0x00, 0x00, 0x00, 0x00, 0x00,
  0x00, 0x00, 0x00, 0x00, 0x00, 0x00, 0x00, 0x00, 0x00, 0x00, 0x00, 0x00,
  0x00, 0x00, 0x00, 0x00, 0x00, 0x00, 0x00, 0x00, 0x00, 0x00, 0x00, 0x00,
  0x00, 0x00, 0x00, 0x00, 0x00, 0x00, 0x00, 0x00, 0x00, 0x00, 0x00, 0x00,
  0x00, 0x00, 0x00, 0x00, 0x00, 0x00, 0x00, 0x00, 0x00, 0x00, 0x00, 0x00,
  0x00, 0x00, 0x00, 0x00, 0x00, 0x00, 0x00, 0x00, 0x00, 0x00, 0x00, 0x00,
  0x00, 0x00, 0x00, 0x00, 0x00, 0x00, 0x00, 0x00, 0x00, 0x00, 0x00, 0x00,
  0x00, 0x00, 0x00, 0x00, 0x00, 0x00, 0x00, 0x00, 0x00, 0x00, 0x00, 0x00,
  0x00, 0x00, 0x00, 0x00, 0x00, 0x00, 0x00, 0x00, 0x00, 0x00, 0x00, 0x00,
  0x00, 0x00, 0x00, 0x00, 0x00, 0x00, 0x00, 0x00, 0x00, 0x00, 0x00, 0x00,
  0x00, 0x00, 0x00, 0x00, 0x00, 0x00, 0x00, 0x00, 0x00, 0x00, 0x00, 0x00,
  0x00, 0x00, 0x00, 0x00, 0x00, 0x00, 0x00, 0x00, 0x00, 0x00, 0x00, 0x00,
  0x00, 0x00, 0x00, 0x00, 0x00, 0x00, 0x00, 0x00, 0x00, 0x00, 0x00, 0x00,
  0x00, 0x00, 0x00, 0x00, 0x00, 0x00, 0x00, 0x00, 0x00, 0x00, 0x00, 0x00,
  0x00, 0x00, 0x00, 0x00, 0x01, 0x1b, 0x03, 0x3b, 0x44, 0x00, 0x00, 0x00,
  0x07, 0x00, 0x00, 0x00, 0x00, 0x40, 0xff, 0xff, 0x60, 0x00, 0x00, 0x00,
  0xf0, 0x44, 0xff, 0xff, 0x7c, 0x00, 0x00, 0x00, 0x00, 0x46, 0xff, 0xff,
  0xac, 0x00, 0x00, 0x00, 0x10, 0x59, 0xff, 0xff, 0xd0, 0x00, 0x00, 0x00,
  0x00, 0x5d, 0xff, 0xff, 0x00, 0x01, 0x00, 0x00, 0xc0, 0x61, 0xff, 0xff,
  0x30, 0x01, 0x00, 0x00, 0x60, 0x62, 0xff, 0xff, 0x5c, 0x01, 0x00, 0x00,
  0x00, 0x00, 0x00, 0x00, 0x14, 0x00, 0x00, 0x00, 0x00, 0x00, 0x00, 0x00,
  0x01, 0x7a, 0x52, 0x00, 0x01, 0x78, 0x10, 0x01, 0x1b, 0x0c, 0x07, 0x08,
  0x90, 0x01, 0x00, 0x00, 0x18, 0x00, 0x00, 0x00, 0x1c, 0x00, 0x00, 0x00,
  0x98, 0x3f, 0xff, 0xff, 0xe9, 0x04, 0x00, 0x00, 0x00, 0x41, 0x0e, 0x10,
  0x86, 0x02, 0x43, 0x0d, 0x06, 0x45, 0x83, 0x03, 0x2c, 0x00, 0x00, 0x00,
  0x38, 0x00, 0x00, 0x00, 0x6c, 0x44, 0xff, 0xff, 0x0d, 0x01, 0x00, 0x00,
  0x00, 0x41, 0x0e, 0x10, 0x86, 0x02, 0x43, 0x0d, 0x06, 0x4d, 0x83, 0x07,
  0x8c, 0x06, 0x8d, 0x05, 0x8e, 0x04, 0x8f, 0x03, 0x02, 0x82, 0x0c, 0x07,
  0x08, 0x41, 0x0c, 0x06, 0x10, 0x00, 0x00, 0x00, 0x20, 0x00, 0x00, 0x00,
  0x68, 0x00, 0x00, 0x00, 0x4c, 0x45, 0xff, 0xff, 0x10, 0x13, 0x00, 0x00,
  0x00, 0x41, 0x0e, 0x10, 0x86, 0x02, 0x43, 0x0d, 0x06, 0x50, 0x83, 0x07,
  0x8c, 0x06, 0x8d, 0x05, 0x8e, 0x04, 0x8f, 0x03, 0x2c, 0x00, 0x00, 0x00,
  0x8c, 0x00, 0x00, 0x00, 0x38, 0x58, 0xff, 0xff, 0xe3, 0x03, 0x00, 0x00,
  0x00, 0x41, 0x0e, 0x10, 0x86, 0x02, 0x43, 0x0d, 0x06, 0x4d, 0x83, 0x07,
  0x8c, 0x06, 0x8d, 0x05, 0x8e, 0x04, 0x8f, 0x03, 0x03, 0x87, 0x02, 0x0c,
  0x07, 0x08, 0x41, 0x0c, 0x06, 0x10, 0x00, 0x00, 0x2c, 0x00, 0x00, 0x00,
  0xbc, 0x00, 0x00, 0x00, 0xf8, 0x5b, 0xff, 0xff, 0xbd, 0x04, 0x00, 0x00,
  0x00, 0x4a, 0x0e, 0x10, 0x86, 0x02, 0x43, 0x0d, 0x06, 0x4d, 0x83, 0x07,
  0x8c, 0x06, 0x8d, 0x05, 0x8e, 0x04, 0x8f, 0x03, 0x03, 0xa2, 0x04, 0x0c,
  0x07, 0x08, 0xc3, 0xcc, 0xcd, 0xce, 0xcf, 0xc6, 0x28, 0x00, 0x00, 0x00,
  0xec, 0x00, 0x00, 0x00, 0x88, 0x60, 0xff, 0xff, 0x95, 0x00, 0x00, 0x00,
  0x00, 0x41, 0x0e, 0x10, 0x86, 0x02, 0x43, 0x0d, 0x06, 0x4a, 0x83, 0x07,
  0x8c, 0x06, 0x8d, 0x05, 0x8e, 0x04, 0x8f, 0x03, 0x02, 0x86, 0x0c, 0x07,
  0x08, 0x00, 0x00, 0x00, 0x28, 0x00, 0x00, 0x00, 0x18, 0x01, 0x00, 0x00,
  0xfc, 0x60, 0xff, 0xff, 0x95, 0x00, 0x00, 0x00, 0x00, 0x41, 0x0e, 0x10,
  0x86, 0x02, 0x43, 0x0d, 0x06, 0x4a, 0x83, 0x07, 0x8c, 0x06, 0x8d, 0x05,
  0x8e, 0x04, 0x8f, 0x03, 0x02, 0x86, 0x0c, 0x07, 0x08, 0x00, 0x00, 0x00,
  0x00, 0x00, 0x00, 0x00, 0x00, 0x00, 0x00, 0x00, 0x00, 0x00, 0x00, 0x00,
  0x00, 0x00, 0x00, 0x00, 0x00, 0x00, 0x00, 0x00, 0x00, 0x00, 0x00, 0x00,
  0x00, 0x00, 0x00, 0x00, 0x00, 0x00, 0x00, 0x00, 0x0c, 0x00, 0x00, 0x00,
  0x20, 0x00, 0x00, 0x00, 0x00, 0x00, 0x00, 0x00, 0x00, 0x00, 0x00, 0x00,
  0x00, 0x00, 0x00, 0x00, 0x00, 0x00, 0x00, 0x00, 0x26, 0x00, 0x00, 0x00,
  0x20, 0x00, 0x00, 0x00, 0x00, 0x00, 0x00, 0x00, 0x00, 0x00, 0x00, 0x00,
  0x00, 0x00, 0x00, 0x00, 0x00, 0x00, 0x00, 0x00, 0x4f, 0x00, 0x00, 0x00,
  0x12, 0x00, 0x00, 0x00, 0x00, 0x00, 0x00, 0x00, 0x00, 0x00, 0x00, 0x00,
  0x00, 0x00, 0x00, 0x00, 0x00, 0x00, 0x00, 0x00, 0x55, 0x00, 0x00, 0x00,
  0x12, 0x00, 0x00, 0x00, 0x00, 0x00, 0x00, 0x00, 0x00, 0x00, 0x00, 0x00,
  0x00, 0x00, 0x00, 0x00, 0x00, 0x00, 0x00, 0x00, 0x64, 0x00, 0x00, 0x00,
  0x12, 0x00, 0x00, 0x00, 0x00, 0x00, 0x00, 0x00, 0x00, 0x00, 0x00, 0x00,
  0x00, 0x00, 0x00, 0x00, 0x00, 0x00, 0x00, 0x00, 0x6b, 0x00, 0x00, 0x00,
  0x12, 0x00, 0x00, 0x00, 0x00, 0x00, 0x00, 0x00, 0x00, 0x00, 0x00, 0x00,
  0x00, 0x00, 0x00, 0x00, 0x00, 0x00, 0x00, 0x00, 0x76, 0x00, 0x00, 0x00,
  0x12, 0x00, 0x00, 0x00, 0x00, 0x00, 0x00, 0x00, 0x00, 0x00, 0x00, 0x00,
  0x00, 0x00, 0x00, 0x00, 0x00, 0x00, 0x00, 0x00, 0x7b, 0x00, 0x00, 0x00,
  0x12, 0x00, 0x00, 0x00, 0x00, 0x00, 0x00, 0x00, 0x00, 0x00, 0x00, 0x00,
  0x00, 0x00, 0x00, 0x00, 0x00, 0x00, 0x00, 0x00, 0x81, 0x00, 0x00, 0x00,
  0x12, 0x00, 0x00, 0x00, 0x00, 0x00, 0x00, 0x00, 0x00, 0x00, 0x00, 0x00,
  0x00, 0x00, 0x00, 0x00, 0x00, 0x00, 0x00, 0x00, 0x86, 0x00, 0x00, 0x00,
  0x12, 0x00, 0x00, 0x00, 0x00, 0x00, 0x00, 0x00, 0x00, 0x00, 0x00, 0x00,
  0x00, 0x00, 0x00, 0x00, 0x00, 0x00, 0x00, 0x00, 0x94, 0x00, 0x00, 0x00,
  0x12, 0x00, 0x00, 0x00, 0x00, 0x00, 0x00, 0x00, 0x00, 0x00, 0x00, 0x00,
  0x00, 0x00, 0x00, 0x00, 0x00, 0x00, 0x00, 0x00, 0x9b, 0x00, 0x00, 0x00,
  0x12, 0x00, 0x00, 0x00, 0x00, 0x00, 0x00, 0x00, 0x00, 0x00, 0x00, 0x00,
  0x00, 0x00, 0x00, 0x00, 0x00, 0x00, 0x00, 0x00, 0xa1, 0x00, 0x00, 0x00,
  0x12, 0x00, 0x00, 0x00, 0x00, 0x00, 0x00, 0x00, 0x00, 0x00, 0x00, 0x00,
  0x00, 0x00, 0x00, 0x00, 0x00, 0x00, 0x00, 0x00, 0xa7, 0x00, 0x00, 0x00,
  0x12, 0x00, 0x00, 0x00, 0x00, 0x00, 0x00, 0x00, 0x00, 0x00, 0x00, 0x00,
  0x00, 0x00, 0x00, 0x00, 0x00, 0x00, 0x00, 0x00, 0xae, 0x00, 0x00, 0x00,
  0x12, 0x00, 0x00, 0x00, 0x00, 0x00, 0x00, 0x00, 0x00, 0x00, 0x00, 0x00,
  0x00, 0x00, 0x00, 0x00, 0x00, 0x00, 0x00, 0x00, 0xb6, 0x00, 0x00, 0x00,
  0x12, 0x00, 0x00, 0x00, 0x00, 0x00, 0x00, 0x00, 0x00, 0x00, 0x00, 0x00,
  0x00, 0x00, 0x00, 0x00, 0x00, 0x00, 0x00, 0x00, 0xbd, 0x00, 0x00, 0x00,
  0x12, 0x00, 0x00, 0x00, 0x00, 0x00, 0x00, 0x00, 0x00, 0x00, 0x00, 0x00,
  0x00, 0x00, 0x00, 0x00, 0x00, 0x00, 0x00, 0x00, 0xc4, 0x00, 0x00, 0x00,
  0x12, 0x00, 0x00, 0x00, 0x00, 0x00, 0x00, 0x00, 0x00, 0x00, 0x00, 0x00,
  0x00, 0x00, 0x00, 0x00, 0x00, 0x00, 0x00, 0x00, 0xd1, 0x00, 0x00, 0x00,
  0x12, 0x00, 0x00, 0x00, 0x00, 0x00, 0x00, 0x00, 0x00, 0x00, 0x00, 0x00,
  0x00, 0x00, 0x00, 0x00, 0x00, 0x00, 0x00, 0x00, 0xda, 0x00, 0x00, 0x00,
  0x12, 0x00, 0x00, 0x00, 0x00, 0x00, 0x00, 0x00, 0x00, 0x00, 0x00, 0x00,
  0x00, 0x00, 0x00, 0x00, 0x00, 0x00, 0x00, 0x00, 0x01, 0x00, 0x00, 0x00,
  0x12, 0x00, 0x01, 0x00, 0xc0, 0x21, 0x00, 0x00, 0x00, 0x00, 0x00, 0x00,
  0x95, 0x00, 0x00, 0x00, 0x00, 0x00, 0x00, 0x00, 0x01, 0x00, 0x00, 0x00,
  0x15, 0x00, 0x00, 0x00, 0x01, 0x00, 0x00, 0x00, 0x1a, 0x00, 0x00, 0x00,
  0x00, 0x00, 0x00, 0x00, 0x00, 0x10, 0x00, 0x04, 0x15, 0x00, 0x00, 0x00,
  0x3b, 0x0d, 0x85, 0xb3, 0x00, 0x73, 0x74, 0x72, 0x63, 0x61, 0x73, 0x65,
  0x63, 0x6d, 0x70, 0x00, 0x5f, 0x5a, 0x31, 0x34, 0x73, 0x63, 0x65, 0x4b,
  0x65, 0x72, 0x6e, 0x65, 0x6c, 0x44, 0x6c, 0x73, 0x79, 0x6d, 0x69, 0x50,
  0x4b, 0x63, 0x50, 0x50, 0x76, 0x00, 0x5f, 0x5a, 0x32, 0x34, 0x73, 0x63,
  0x65, 0x4b, 0x65, 0x72, 0x6e, 0x65, 0x6c, 0x4c, 0x6f, 0x61, 0x64, 0x53,
  0x74, 0x61, 0x72, 0x74, 0x4d, 0x6f, 0x64, 0x75, 0x6c, 0x65, 0x50, 0x4b,
  0x63, 0x69, 0x50, 0x4b, 0x76, 0x69, 0x50, 0x76, 0x50, 0x69, 0x00, 0x73,
  0x6c, 0x65, 0x65, 0x70, 0x00, 0x70, 0x74, 0x68, 0x72, 0x65, 0x61, 0x64,
  0x5f, 0x63, 0x72, 0x65, 0x61, 0x74, 0x65, 0x00, 0x73, 0x6f, 0x63, 0x6b,
  0x65, 0x74, 0x00, 0x73, 0x65, 0x74, 0x73, 0x6f, 0x63, 0x6b, 0x6f, 0x70,
  0x74, 0x00, 0x62, 0x69, 0x6e, 0x64, 0x00, 0x63, 0x6c, 0x6f, 0x73, 0x65,
  0x00, 0x72, 0x65, 0x63, 0x76, 0x00, 0x63, 0x6c, 0x6f, 0x63, 0x6b, 0x5f,
  0x67, 0x65, 0x74, 0x74, 0x69, 0x6d, 0x65, 0x00, 0x75, 0x73, 0x6c, 0x65,
  0x65, 0x70, 0x00, 0x66, 0x6f, 0x70, 0x65, 0x6e, 0x00, 0x66, 0x67, 0x65,
  0x74, 0x73, 0x00, 0x73, 0x74, 0x72, 0x63, 0x68, 0x72, 0x00, 0x73, 0x74,
  0x72, 0x70, 0x62, 0x72, 0x6b, 0x00, 0x66, 0x63, 0x6c, 0x6f, 0x73, 0x65,
  0x00, 0x73, 0x79, 0x73, 0x63, 0x74, 0x6c, 0x00, 0x73, 0x79, 0x73, 0x63,
  0x74, 0x6c, 0x62, 0x79, 0x6e, 0x61, 0x6d, 0x65, 0x00, 0x73, 0x6e, 0x70,
  0x72, 0x69, 0x6e, 0x74, 0x66, 0x00, 0x74, 0x6f, 0x6c, 0x6f, 0x77, 0x65,
  0x72, 0x00, 0x6c, 0x69, 0x62, 0x6b, 0x65, 0x72, 0x6e, 0x65, 0x6c, 0x5f,
  0x73, 0x79, 0x73, 0x2e, 0x73, 0x70, 0x72, 0x78, 0x00, 0x6c, 0x69, 0x62,
  0x53, 0x63, 0x65, 0x4c, 0x69, 0x62, 0x63, 0x49, 0x6e, 0x74, 0x65, 0x72,
  0x6e, 0x61, 0x6c, 0x2e, 0x73, 0x70, 0x72, 0x78, 0x00, 0x6c, 0x69, 0x62,
  0x53, 0x63, 0x65, 0x4e, 0x65, 0x74, 0x2e, 0x73, 0x70, 0x72, 0x78, 0x00,
  0x00, 0x00, 0x00, 0x00, 0xe0, 0xd3, 0x00, 0x00, 0x00, 0x00, 0x00, 0x00,
  0x08, 0x00, 0x00, 0x00, 0x00, 0x00, 0x00, 0x00, 0x7f, 0xeb, 0x00, 0x00,
  0x00, 0x00, 0x00, 0x00, 0xf0, 0xd3, 0x00, 0x00, 0x00, 0x00, 0x00, 0x00,
  0x08, 0x00, 0x00, 0x00, 0x00, 0x00, 0x00, 0x00, 0x08, 0xf0, 0x00, 0x00,
  0x00, 0x00, 0x00, 0x00, 0x00, 0xd4, 0x00, 0x00, 0x00, 0x00, 0x00, 0x00,
  0x08, 0x00, 0x00, 0x00, 0x00, 0x00, 0x00, 0x00, 0x80, 0xf2, 0x00, 0x00,
  0x00, 0x00, 0x00, 0x00, 0x10, 0xd4, 0x00, 0x00, 0x00, 0x00, 0x00, 0x00,
  0x08, 0x00, 0x00, 0x00, 0x00, 0x00, 0x00, 0x00, 0xe5, 0xea, 0x00, 0x00,
  0x00, 0x00, 0x00, 0x00, 0x20, 0xd4, 0x00, 0x00, 0x00, 0x00, 0x00, 0x00,
  0x08, 0x00, 0x00, 0x00, 0x00, 0x00, 0x00, 0x00, 0xaf, 0xdf, 0x00, 0x00,
  0x00, 0x00, 0x00, 0x00, 0x30, 0xd4, 0x00, 0x00, 0x00, 0x00, 0x00, 0x00,
  0x08, 0x00, 0x00, 0x00, 0x00, 0x00, 0x00, 0x00, 0xca, 0xdf, 0x00, 0x00,
  0x00, 0x00, 0x00, 0x00, 0x40, 0xd4, 0x00, 0x00, 0x00, 0x00, 0x00, 0x00,
  0x08, 0x00, 0x00, 0x00, 0x00, 0x00, 0x00, 0x00, 0xc3, 0xe7, 0x00, 0x00,
  0x00, 0x00, 0x00, 0x00, 0x50, 0xd4, 0x00, 0x00, 0x00, 0x00, 0x00, 0x00,
  0x08, 0x00, 0x00, 0x00, 0x00, 0x00, 0x00, 0x00, 0x50, 0xed, 0x00, 0x00,
  0x00, 0x00, 0x00, 0x00, 0x60, 0xd4, 0x00, 0x00, 0x00, 0x00, 0x00, 0x00,
  0x08, 0x00, 0x00, 0x00, 0x00, 0x00, 0x00, 0x00, 0x60, 0xe6, 0x00, 0x00,
  0x00, 0x00, 0x00, 0x00, 0x70, 0xd4, 0x00, 0x00, 0x00, 0x00, 0x00, 0x00,
  0x08, 0x00, 0x00, 0x00, 0x00, 0x00, 0x00, 0x00, 0xc0, 0xe0, 0x00, 0x00,
  0x00, 0x00, 0x00, 0x00, 0x80, 0xd4, 0x00, 0x00, 0x00, 0x00, 0x00, 0x00,
  0x08, 0x00, 0x00, 0x00, 0x00, 0x00, 0x00, 0x00, 0x74, 0xe5, 0x00, 0x00,
  0x00, 0x00, 0x00, 0x00, 0x90, 0xd4, 0x00, 0x00, 0x00, 0x00, 0x00, 0x00,
  0x08, 0x00, 0x00, 0x00, 0x00, 0x00, 0x00, 0x00, 0x8b, 0xe5, 0x00, 0x00,
  0x00, 0x00, 0x00, 0x00, 0xa0, 0xd4, 0x00, 0x00, 0x00, 0x00, 0x00, 0x00,
  0x08, 0x00, 0x00, 0x00, 0x00, 0x00, 0x00, 0x00, 0xc5, 0xe4, 0x00, 0x00,
  0x00, 0x00, 0x00, 0x00, 0xb0, 0xd4, 0x00, 0x00, 0x00, 0x00, 0x00, 0x00,
  0x08, 0x00, 0x00, 0x00, 0x00, 0x00, 0x00, 0x00, 0x22, 0xf3, 0x00, 0x00,
  0x00, 0x00, 0x00, 0x00, 0xc0, 0xd4, 0x00, 0x00, 0x00, 0x00, 0x00, 0x00,
  0x08, 0x00, 0x00, 0x00, 0x00, 0x00, 0x00, 0x00, 0x97, 0xf2, 0x00, 0x00,
  0x00, 0x00, 0x00, 0x00, 0xd0, 0xd4, 0x00, 0x00, 0x00, 0x00, 0x00, 0x00,
  0x08, 0x00, 0x00, 0x00, 0x00, 0x00, 0x00, 0x00, 0x6f, 0xe3, 0x00, 0x00,
  0x00, 0x00, 0x00, 0x00, 0xe0, 0xd4, 0x00, 0x00, 0x00, 0x00, 0x00, 0x00,
  0x08, 0x00, 0x00, 0x00, 0x00, 0x00, 0x00, 0x00, 0x39, 0xe0, 0x00, 0x00,
  0x00, 0x00, 0x00, 0x00, 0xf0, 0xd4, 0x00, 0x00, 0x00, 0x00, 0x00, 0x00,
  0x08, 0x00, 0x00, 0x00, 0x00, 0x00, 0x00, 0x00, 0x55, 0xe8, 0x00, 0x00,
  0x00, 0x00, 0x00, 0x00, 0x00, 0xd5, 0x00, 0x00, 0x00, 0x00, 0x00, 0x00,
  0x08, 0x00, 0x00, 0x00, 0x00, 0x00, 0x00, 0x00, 0x17, 0xe2, 0x00, 0x00,
  0x00, 0x00, 0x00, 0x00, 0x10, 0xd5, 0x00, 0x00, 0x00, 0x00, 0x00, 0x00,
  0x08, 0x00, 0x00, 0x00, 0x00, 0x00, 0x00, 0x00, 0xaa, 0xf1, 0x00, 0x00,
  0x00, 0x00, 0x00, 0x00, 0x20, 0xd5, 0x00, 0x00, 0x00, 0x00, 0x00, 0x00,
  0x08, 0x00, 0x00, 0x00, 0x00, 0x00, 0x00, 0x00, 0xae, 0xee, 0x00, 0x00,
  0x00, 0x00, 0x00, 0x00, 0x30, 0xd5, 0x00, 0x00, 0x00, 0x00, 0x00, 0x00,
  0x08, 0x00, 0x00, 0x00, 0x00, 0x00, 0x00, 0x00, 0x5d, 0xe9, 0x00, 0x00,
  0x00, 0x00, 0x00, 0x00, 0x40, 0xd5, 0x00, 0x00, 0x00, 0x00, 0x00, 0x00,
  0x08, 0x00, 0x00, 0x00, 0x00, 0x00, 0x00, 0x00, 0x32, 0xf3, 0x00, 0x00,
  0x00, 0x00, 0x00, 0x00, 0x50, 0xd5, 0x00, 0x00, 0x00, 0x00, 0x00, 0x00,
  0x08, 0x00, 0x00, 0x00, 0x00, 0x00, 0x00, 0x00, 0xd8, 0xed, 0x00, 0x00,
  0x00, 0x00, 0x00, 0x00, 0x60, 0xd5, 0x00, 0x00, 0x00, 0x00, 0x00, 0x00,
  0x08, 0x00, 0x00, 0x00, 0x00, 0x00, 0x00, 0x00, 0xd2, 0xe7, 0x00, 0x00,
  0x00, 0x00, 0x00, 0x00, 0x70, 0xd5, 0x00, 0x00, 0x00, 0x00, 0x00, 0x00,
  0x08, 0x00, 0x00, 0x00, 0x00, 0x00, 0x00, 0x00, 0x23, 0xf0, 0x00, 0x00,
  0x00, 0x00, 0x00, 0x00, 0x80, 0xd5, 0x00, 0x00, 0x00, 0x00, 0x00, 0x00,
  0x08, 0x00, 0x00, 0x00, 0x00, 0x00, 0x00, 0x00, 0x8f, 0xe3, 0x00, 0x00,
  0x00, 0x00, 0x00, 0x00, 0x90, 0xd5, 0x00, 0x00, 0x00, 0x00, 0x00, 0x00,
  0x08, 0x00, 0x00, 0x00, 0x00, 0x00, 0x00, 0x00, 0x65, 0xed, 0x00, 0x00,
  0x00, 0x00, 0x00, 0x00, 0xa0, 0xd5, 0x00, 0x00, 0x00, 0x00, 0x00, 0x00,
  0x08, 0x00, 0x00, 0x00, 0x00, 0x00, 0x00, 0x00, 0x4f, 0xe7, 0x00, 0x00,
  0x00, 0x00, 0x00, 0x00, 0xb0, 0xd5, 0x00, 0x00, 0x00, 0x00, 0x00, 0x00,
  0x08, 0x00, 0x00, 0x00, 0x00, 0x00, 0x00, 0x00, 0xdb, 0xec, 0x00, 0x00,
  0x00, 0x00, 0x00, 0x00, 0xc0, 0xd5, 0x00, 0x00, 0x00, 0x00, 0x00, 0x00,
  0x08, 0x00, 0x00, 0x00, 0x00, 0x00, 0x00, 0x00, 0xd2, 0xe0, 0x00, 0x00,
  0x00, 0x00, 0x00, 0x00, 0xd0, 0xd5, 0x00, 0x00, 0x00, 0x00, 0x00, 0x00,
  0x08, 0x00, 0x00, 0x00, 0x00, 0x00, 0x00, 0x00, 0x65, 0xe7, 0x00, 0x00,
  0x00, 0x00, 0x00, 0x00, 0xe0, 0xd5, 0x00, 0x00, 0x00, 0x00, 0x00, 0x00,
  0x08, 0x00, 0x00, 0x00, 0x00, 0x00, 0x00, 0x00, 0xbe, 0xf1, 0x00, 0x00,
  0x00, 0x00, 0x00, 0x00, 0xf0, 0xd5, 0x00, 0x00, 0x00, 0x00, 0x00, 0x00,
  0x08, 0x00, 0x00, 0x00, 0x00, 0x00, 0x00, 0x00, 0x00, 0xeb, 0x00, 0x00,
  0x00, 0x00, 0x00, 0x00, 0x00, 0xd6, 0x00, 0x00, 0x00, 0x00, 0x00, 0x00,
  0x08, 0x00, 0x00, 0x00, 0x00, 0x00, 0x00, 0x00, 0x42, 0xe1, 0x00, 0x00,
  0x00, 0x00, 0x00, 0x00, 0x10, 0xd6, 0x00, 0x00, 0x00, 0x00, 0x00, 0x00,
  0x08, 0x00, 0x00, 0x00, 0x00, 0x00, 0x00, 0x00, 0xed, 0xec, 0x00, 0x00,
  0x00, 0x00, 0x00, 0x00, 0x20, 0xd6, 0x00, 0x00, 0x00, 0x00, 0x00, 0x00,
  0x08, 0x00, 0x00, 0x00, 0x00, 0x00, 0x00, 0x00, 0x83, 0xe6, 0x00, 0x00,
  0x00, 0x00, 0x00, 0x00, 0x30, 0xd6, 0x00, 0x00, 0x00, 0x00, 0x00, 0x00,
  0x08, 0x00, 0x00, 0x00, 0x00, 0x00, 0x00, 0x00, 0xf3, 0xed, 0x00, 0x00,
  0x00, 0x00, 0x00, 0x00, 0x40, 0xd6, 0x00, 0x00, 0x00, 0x00, 0x00, 0x00,
  0x08, 0x00, 0x00, 0x00, 0x00, 0x00, 0x00, 0x00, 0xad, 0xf2, 0x00, 0x00,
  0x00, 0x00, 0x00, 0x00, 0x50, 0xd6, 0x00, 0x00, 0x00, 0x00, 0x00, 0x00,
  0x08, 0x00, 0x00, 0x00, 0x00, 0x00, 0x00, 0x00, 0x75, 0xe8, 0x00, 0x00,
  0x00, 0x00, 0x00, 0x00, 0x60, 0xd6, 0x00, 0x00, 0x00, 0x00, 0x00, 0x00,
  0x08, 0x00, 0x00, 0x00, 0x00, 0x00, 0x00, 0x00, 0xd5, 0xe4, 0x00, 0x00,
  0x00, 0x00, 0x00, 0x00, 0x70, 0xd6, 0x00, 0x00, 0x00, 0x00, 0x00, 0x00,
  0x08, 0x00, 0x00, 0x00, 0x00, 0x00, 0x00, 0x00, 0xc5, 0xee, 0x00, 0x00,
  0x00, 0x00, 0x00, 0x00, 0x80, 0xd6, 0x00, 0x00, 0x00, 0x00, 0x00, 0x00,
  0x08, 0x00, 0x00, 0x00, 0x00, 0x00, 0x00, 0x00, 0xe5, 0xde, 0x00, 0x00,
  0x00, 0x00, 0x00, 0x00, 0x90, 0xd6, 0x00, 0x00, 0x00, 0x00, 0x00, 0x00,
  0x08, 0x00, 0x00, 0x00, 0x00, 0x00, 0x00, 0x00, 0xd3, 0xf1, 0x00, 0x00,
  0x00, 0x00, 0x00, 0x00, 0xa0, 0xd6, 0x00, 0x00, 0x00, 0x00, 0x00, 0x00,
  0x08, 0x00, 0x00, 0x00, 0x00, 0x00, 0x00, 0x00, 0x92, 0xe6, 0x00, 0x00,
  0x00, 0x00, 0x00, 0x00, 0xb0, 0xd6, 0x00, 0x00, 0x00, 0x00, 0x00, 0x00,
  0x08, 0x00, 0x00, 0x00, 0x00, 0x00, 0x00, 0x00, 0xfb, 0xe8, 0x00, 0x00,
  0x00, 0x00, 0x00, 0x00, 0xc0, 0xd6, 0x00, 0x00, 0x00, 0x00, 0x00, 0x00,
  0x08, 0x00, 0x00, 0x00, 0x00, 0x00, 0x00, 0x00, 0xec, 0xe4, 0x00, 0x00,
  0x00, 0x00, 0x00, 0x00, 0xd0, 0xd6, 0x00, 0x00, 0x00, 0x00, 0x00, 0x00,
  0x08, 0x00, 0x00, 0x00, 0x00, 0x00, 0x00, 0x00, 0xec, 0xe0, 0x00, 0x00,
  0x00, 0x00, 0x00, 0x00, 0xe0, 0xd6, 0x00, 0x00, 0x00, 0x00, 0x00, 0x00,
  0x08, 0x00, 0x00, 0x00, 0x00, 0x00, 0x00, 0x00, 0x2a, 0xe2, 0x00, 0x00,
  0x00, 0x00, 0x00, 0x00, 0xf0, 0xd6, 0x00, 0x00, 0x00, 0x00, 0x00, 0x00,
  0x08, 0x00, 0x00, 0x00, 0x00, 0x00, 0x00, 0x00, 0x35, 0xf0, 0x00, 0x00,
  0x00, 0x00, 0x00, 0x00, 0x00, 0xd7, 0x00, 0x00, 0x00, 0x00, 0x00, 0x00,
  0x08, 0x00, 0x00, 0x00, 0x00, 0x00, 0x00, 0x00, 0x50, 0xe0, 0x00, 0x00,
  0x00, 0x00, 0x00, 0x00, 0x10, 0xd7, 0x00, 0x00, 0x00, 0x00, 0x00, 0x00,
  0x08, 0x00, 0x00, 0x00, 0x00, 0x00, 0x00, 0x00, 0x04, 0xee, 0x00, 0x00,
  0x00, 0x00, 0x00, 0x00, 0x20, 0xd7, 0x00, 0x00, 0x00, 0x00, 0x00, 0x00,
  0x08, 0x00, 0x00, 0x00, 0x00, 0x00, 0x00, 0x00, 0xc6, 0xe2, 0x00, 0x00,
  0x00, 0x00, 0x00, 0x00, 0x30, 0xd7, 0x00, 0x00, 0x00, 0x00, 0x00, 0x00,
  0x08, 0x00, 0x00, 0x00, 0x00, 0x00, 0x00, 0x00, 0xa1, 0xe5, 0x00, 0x00,
  0x00, 0x00, 0x00, 0x00, 0x40, 0xd7, 0x00, 0x00, 0x00, 0x00, 0x00, 0x00,
  0x08, 0x00, 0x00, 0x00, 0x00, 0x00, 0x00, 0x00, 0x55, 0xf1, 0x00, 0x00,
  0x00, 0x00, 0x00, 0x00, 0x50, 0xd7, 0x00, 0x00, 0x00, 0x00, 0x00, 0x00,
  0x08, 0x00, 0x00, 0x00, 0x00, 0x00, 0x00, 0x00, 0x7b, 0xe9, 0x00, 0x00,
  0x00, 0x00, 0x00, 0x00, 0x60, 0xd7, 0x00, 0x00, 0x00, 0x00, 0x00, 0x00,
  0x08, 0x00, 0x00, 0x00, 0x00, 0x00, 0x00, 0x00, 0x3e, 0xef, 0x00, 0x00,
  0x00, 0x00, 0x00, 0x00, 0x70, 0xd7, 0x00, 0x00, 0x00, 0x00, 0x00, 0x00,
  0x08, 0x00, 0x00, 0x00, 0x00, 0x00, 0x00, 0x00, 0xa7, 0xe6, 0x00, 0x00,
  0x00, 0x00, 0x00, 0x00, 0x80, 0xd7, 0x00, 0x00, 0x00, 0x00, 0x00, 0x00,
  0x08, 0x00, 0x00, 0x00, 0x00, 0x00, 0x00, 0x00, 0x19, 0xee, 0x00, 0x00,
  0x00, 0x00, 0x00, 0x00, 0x90, 0xd7, 0x00, 0x00, 0x00, 0x00, 0x00, 0x00,
  0x08, 0x00, 0x00, 0x00, 0x00, 0x00, 0x00, 0x00, 0x52, 0xef, 0x00, 0x00,
  0x00, 0x00, 0x00, 0x00, 0xa0, 0xd7, 0x00, 0x00, 0x00, 0x00, 0x00, 0x00,
  0x08, 0x00, 0x00, 0x00, 0x00, 0x00, 0x00, 0x00, 0xe8, 0xf1, 0x00, 0x00,
  0x00, 0x00, 0x00, 0x00, 0xb0, 0xd7, 0x00, 0x00, 0x00, 0x00, 0x00, 0x00,
  0x08, 0x00, 0x00, 0x00, 0x00, 0x00, 0x00, 0x00, 0x45, 0xf0, 0x00, 0x00,
  0x00, 0x00, 0x00, 0x00, 0xc0, 0xd7, 0x00, 0x00, 0x00, 0x00, 0x00, 0x00,
  0x08, 0x00, 0x00, 0x00, 0x00, 0x00, 0x00, 0x00, 0xc3, 0xf0, 0x00, 0x00,
  0x00, 0x00, 0x00, 0x00, 0xd0, 0xd7, 0x00, 0x00, 0x00, 0x00, 0x00, 0x00,
  0x08, 0x00, 0x00, 0x00, 0x00, 0x00, 0x00, 0x00, 0x98, 0xeb, 0x00, 0x00,
  0x00, 0x00, 0x00, 0x00, 0xe0, 0xd7, 0x00, 0x00, 0x00, 0x00, 0x00, 0x00,
  0x08, 0x00, 0x00, 0x00, 0x00, 0x00, 0x00, 0x00, 0xbc, 0xe6, 0x00, 0x00,
  0x00, 0x00, 0x00, 0x00, 0xf0, 0xd7, 0x00, 0x00, 0x00, 0x00, 0x00, 0x00,
  0x08, 0x00, 0x00, 0x00, 0x00, 0x00, 0x00, 0x00, 0x87, 0xe8, 0x00, 0x00,
  0x00, 0x00, 0x00, 0x00, 0x00, 0xd8, 0x00, 0x00, 0x00, 0x00, 0x00, 0x00,
  0x08, 0x00, 0x00, 0x00, 0x00, 0x00, 0x00, 0x00, 0x4e, 0xec, 0x00, 0x00,
  0x00, 0x00, 0x00, 0x00, 0x10, 0xd8, 0x00, 0x00, 0x00, 0x00, 0x00, 0x00,
  0x08, 0x00, 0x00, 0x00, 0x00, 0x00, 0x00, 0x00, 0xd0, 0xe6, 0x00, 0x00,
  0x00, 0x00, 0x00, 0x00, 0x20, 0xd8, 0x00, 0x00, 0x00, 0x00, 0x00, 0x00,
  0x08, 0x00, 0x00, 0x00, 0x00, 0x00, 0x00, 0x00, 0x8b, 0xe9, 0x00, 0x00,
  0x00, 0x00, 0x00, 0x00, 0x30, 0xd8, 0x00, 0x00, 0x00, 0x00, 0x00, 0x00,
  0x08, 0x00, 0x00, 0x00, 0x00, 0x00, 0x00, 0x00, 0xac, 0xe3, 0x00, 0x00,
  0x00, 0x00, 0x00, 0x00, 0x40, 0xd8, 0x00, 0x00, 0x00, 0x00, 0x00, 0x00,
  0x08, 0x00, 0x00, 0x00, 0x00, 0x00, 0x00, 0x00, 0x05, 0xed, 0x00, 0x00,
  0x00, 0x00, 0x00, 0x00, 0x50, 0xd8, 0x00, 0x00, 0x00, 0x00, 0x00, 0x00,
  0x08, 0x00, 0x00, 0x00, 0x00, 0x00, 0x00, 0x00, 0xdc, 0xdf, 0x00, 0x00,
  0x00, 0x00, 0x00, 0x00, 0x60, 0xd8, 0x00, 0x00, 0x00, 0x00, 0x00, 0x00,
  0x08, 0x00, 0x00, 0x00, 0x00, 0x00, 0x00, 0x00, 0xad, 0xeb, 0x00, 0x00,
  0x00, 0x00, 0x00, 0x00, 0x70, 0xd8, 0x00, 0x00, 0x00, 0x00, 0x00, 0x00,
  0x08, 0x00, 0x00, 0x00, 0x00, 0x00, 0x00, 0x00, 0xe9, 0xe9, 0x00, 0x00,
  0x00, 0x00, 0x00, 0x00, 0x80, 0xd8, 0x00, 0x00, 0x00, 0x00, 0x00, 0x00,
  0x08, 0x00, 0x00, 0x00, 0x00, 0x00, 0x00, 0x00, 0xfa, 0xe9, 0x00, 0x00,
  0x00, 0x00, 0x00, 0x00, 0x90, 0xd8, 0x00, 0x00, 0x00, 0x00, 0x00, 0x00,
  0x08, 0x00, 0x00, 0x00, 0x00, 0x00, 0x00, 0x00, 0x63, 0xe1, 0x00, 0x00,
  0x00, 0x00, 0x00, 0x00, 0xa0, 0xd8, 0x00, 0x00, 0x00, 0x00, 0x00, 0x00,
  0x08, 0x00, 0x00, 0x00, 0x00, 0x00, 0x00, 0x00, 0x0e, 0xea, 0x00, 0x00,
  0x00, 0x00, 0x00, 0x00, 0xb0, 0xd8, 0x00, 0x00, 0x00, 0x00, 0x00, 0x00,
  0x08, 0x00, 0x00, 0x00, 0x00, 0x00, 0x00, 0x00, 0x75, 0xed, 0x00, 0x00,
  0x00, 0x00, 0x00, 0x00, 0xc0, 0xd8, 0x00, 0x00, 0x00, 0x00, 0x00, 0x00,
  0x08, 0x00, 0x00, 0x00, 0x00, 0x00, 0x00, 0x00, 0xff, 0xf1, 0x00, 0x00,
  0x00, 0x00, 0x00, 0x00, 0xd0, 0xd8, 0x00, 0x00, 0x00, 0x00, 0x00, 0x00,
  0x08, 0x00, 0x00, 0x00, 0x00, 0x00, 0x00, 0x00, 0xd5, 0xe2, 0x00, 0x00,
  0x00, 0x00, 0x00, 0x00, 0xe0, 0xd8, 0x00, 0x00, 0x00, 0x00, 0x00, 0x00,
  0x08, 0x00, 0x00, 0x00, 0x00, 0x00, 0x00, 0x00, 0x18, 0xeb, 0x00, 0x00,
  0x00, 0x00, 0x00, 0x00, 0xf0, 0xd8, 0x00, 0x00, 0x00, 0x00, 0x00, 0x00,
  0x08, 0x00, 0x00, 0x00, 0x00, 0x00, 0x00, 0x00, 0xb0, 0xe5, 0x00, 0x00,
  0x00, 0x00, 0x00, 0x00, 0x00, 0xd9, 0x00, 0x00, 0x00, 0x00, 0x00, 0x00,
  0x08, 0x00, 0x00, 0x00, 0x00, 0x00, 0x00, 0x00, 0x20, 0xea, 0x00, 0x00,
  0x00, 0x00, 0x00, 0x00, 0x10, 0xd9, 0x00, 0x00, 0x00, 0x00, 0x00, 0x00,
  0x08, 0x00, 0x00, 0x00, 0x00, 0x00, 0x00, 0x00, 0x61, 0xef, 0x00, 0x00,
  0x00, 0x00, 0x00, 0x00, 0x20, 0xd9, 0x00, 0x00, 0x00, 0x00, 0x00, 0x00,
  0x08, 0x00, 0x00, 0x00, 0x00, 0x00, 0x00, 0x00, 0x61, 0xe0, 0x00, 0x00,
  0x00, 0x00, 0x00, 0x00, 0x30, 0xd9, 0x00, 0x00, 0x00, 0x00, 0x00, 0x00,
  0x08, 0x00, 0x00, 0x00, 0x00, 0x00, 0x00, 0x00, 0xd8, 0xe5, 0x00, 0x00,
  0x00, 0x00, 0x00, 0x00, 0x40, 0xd9, 0x00, 0x00, 0x00, 0x00, 0x00, 0x00,
  0x08, 0x00, 0x00, 0x00, 0x00, 0x00, 0x00, 0x00, 0xbf, 0xf2, 0x00, 0x00,
  0x00, 0x00, 0x00, 0x00, 0x50, 0xd9, 0x00, 0x00, 0x00, 0x00, 0x00, 0x00,
  0x08, 0x00, 0x00, 0x00, 0x00, 0x00, 0x00, 0x00, 0x9c, 0xe8, 0x00, 0x00,
  0x00, 0x00, 0x00, 0x00, 0x60, 0xd9, 0x00, 0x00, 0x00, 0x00, 0x00, 0x00,
  0x08, 0x00, 0x00, 0x00, 0x00, 0x00, 0x00, 0x00, 0x85, 0xed, 0x00, 0x00,
  0x00, 0x00, 0x00, 0x00, 0x70, 0xd9, 0x00, 0x00, 0x00, 0x00, 0x00, 0x00,
  0x08, 0x00, 0x00, 0x00, 0x00, 0x00, 0x00, 0x00, 0x31, 0xea, 0x00, 0x00,
  0x00, 0x00, 0x00, 0x00, 0x80, 0xd9, 0x00, 0x00, 0x00, 0x00, 0x00, 0x00,
  0x08, 0x00, 0x00, 0x00, 0x00, 0x00, 0x00, 0x00, 0x03, 0xe1, 0x00, 0x00,
  0x00, 0x00, 0x00, 0x00, 0x90, 0xd9, 0x00, 0x00, 0x00, 0x00, 0x00, 0x00,
  0x08, 0x00, 0x00, 0x00, 0x00, 0x00, 0x00, 0x00, 0xd8, 0xf0, 0x00, 0x00,
  0x00, 0x00, 0x00, 0x00, 0xa0, 0xd9, 0x00, 0x00, 0x00, 0x00, 0x00, 0x00,
  0x08, 0x00, 0x00, 0x00, 0x00, 0x00, 0x00, 0x00, 0xe2, 0xe6, 0x00, 0x00,
  0x00, 0x00, 0x00, 0x00, 0xb0, 0xd9, 0x00, 0x00, 0x00, 0x00, 0x00, 0x00,
  0x08, 0x00, 0x00, 0x00, 0x00, 0x00, 0x00, 0x00, 0x00, 0xe5, 0x00, 0x00,
  0x00, 0x00, 0x00, 0x00, 0xc0, 0xd9, 0x00, 0x00, 0x00, 0x00, 0x00, 0x00,
  0x08, 0x00, 0x00, 0x00, 0x00, 0x00, 0x00, 0x00, 0x72, 0xe1, 0x00, 0x00,
  0x00, 0x00, 0x00, 0x00, 0xd0, 0xd9, 0x00, 0x00, 0x00, 0x00, 0x00, 0x00,
  0x08, 0x00, 0x00, 0x00, 0x00, 0x00, 0x00, 0x00, 0x68, 0xec, 0x00, 0x00,
  0x00, 0x00, 0x00, 0x00, 0xe0, 0xd9, 0x00, 0x00, 0x00, 0x00, 0x00, 0x00,
  0x08, 0x00, 0x00, 0x00, 0x00, 0x00, 0x00, 0x00, 0x38, 0xe4, 0x00, 0x00,
  0x00, 0x00, 0x00, 0x00, 0xf0, 0xd9, 0x00, 0x00, 0x00, 0x00, 0x00, 0x00,
  0x08, 0x00, 0x00, 0x00, 0x00, 0x00, 0x00, 0x00, 0x11, 0xe9, 0x00, 0x00,
  0x00, 0x00, 0x00, 0x00, 0x00, 0xda, 0x00, 0x00, 0x00, 0x00, 0x00, 0x00,
  0x08, 0x00, 0x00, 0x00, 0x00, 0x00, 0x00, 0x00, 0x48, 0xea, 0x00, 0x00,
  0x00, 0x00, 0x00, 0x00, 0x10, 0xda, 0x00, 0x00, 0x00, 0x00, 0x00, 0x00,
  0x08, 0x00, 0x00, 0x00, 0x00, 0x00, 0x00, 0x00, 0xe7, 0xe7, 0x00, 0x00,
  0x00, 0x00, 0x00, 0x00, 0x20, 0xda, 0x00, 0x00, 0x00, 0x00, 0x00, 0x00,
  0x08, 0x00, 0x00, 0x00, 0x00, 0x00, 0x00, 0x00, 0xcd, 0xeb, 0x00, 0x00,
  0x00, 0x00, 0x00, 0x00, 0x30, 0xda, 0x00, 0x00, 0x00, 0x00, 0x00, 0x00,
  0x08, 0x00, 0x00, 0x00, 0x00, 0x00, 0x00, 0x00, 0x81, 0xe1, 0x00, 0x00,
  0x00, 0x00, 0x00, 0x00, 0x40, 0xda, 0x00, 0x00, 0x00, 0x00, 0x00, 0x00,
  0x08, 0x00, 0x00, 0x00, 0x00, 0x00, 0x00, 0x00, 0xbc, 0xe3, 0x00, 0x00,
  0x00, 0x00, 0x00, 0x00, 0x50, 0xda, 0x00, 0x00, 0x00, 0x00, 0x00, 0x00,
  0x08, 0x00, 0x00, 0x00, 0x00, 0x00, 0x00, 0x00, 0xed, 0xe5, 0x00, 0x00,
  0x00, 0x00, 0x00, 0x00, 0x60, 0xda, 0x00, 0x00, 0x00, 0x00, 0x00, 0x00,
  0x08, 0x00, 0x00, 0x00, 0x00, 0x00, 0x00, 0x00, 0x05, 0xe6, 0x00, 0x00,
  0x00, 0x00, 0x00, 0x00, 0x70, 0xda, 0x00, 0x00, 0x00, 0x00, 0x00, 0x00,
  0x08, 0x00, 0x00, 0x00, 0x00, 0x00, 0x00, 0x00, 0x82, 0xec, 0x00, 0x00,
  0x00, 0x00, 0x00, 0x00, 0x80, 0xda, 0x00, 0x00, 0x00, 0x00, 0x00, 0x00,
  0x08, 0x00, 0x00, 0x00, 0x00, 0x00, 0x00, 0x00, 0x40, 0xe2, 0x00, 0x00,
  0x00, 0x00, 0x00, 0x00, 0x90, 0xda, 0x00, 0x00, 0x00, 0x00, 0x00, 0x00,
  0x08, 0x00, 0x00, 0x00, 0x00, 0x00, 0x00, 0x00, 0x14, 0xe6, 0x00, 0x00,
  0x00, 0x00, 0x00, 0x00, 0xa0, 0xda, 0x00, 0x00, 0x00, 0x00, 0x00, 0x00,
  0x08, 0x00, 0x00, 0x00, 0x00, 0x00, 0x00, 0x00, 0xe2, 0xee, 0x00, 0x00,
  0x00, 0x00, 0x00, 0x00, 0xb0, 0xda, 0x00, 0x00, 0x00, 0x00, 0x00, 0x00,
  0x08, 0x00, 0x00, 0x00, 0x00, 0x00, 0x00, 0x00, 0x1a, 0xe5, 0x00, 0x00,
  0x00, 0x00, 0x00, 0x00, 0xc0, 0xda, 0x00, 0x00, 0x00, 0x00, 0x00, 0x00,
  0x08, 0x00, 0x00, 0x00, 0x00, 0x00, 0x00, 0x00, 0x9a, 0xe9, 0x00, 0x00,
  0x00, 0x00, 0x00, 0x00, 0xd0, 0xda, 0x00, 0x00, 0x00, 0x00, 0x00, 0x00,
  0x08, 0x00, 0x00, 0x00, 0x00, 0x00, 0x00, 0x00, 0xe7, 0xf0, 0x00, 0x00,
  0x00, 0x00, 0x00, 0x00, 0xe0, 0xda, 0x00, 0x00, 0x00, 0x00, 0x00, 0x00,
  0x08, 0x00, 0x00, 0x00, 0x00, 0x00, 0x00, 0x00, 0x2f, 0xee, 0x00, 0x00,
  0x00, 0x00, 0x00, 0x00, 0xf0, 0xda, 0x00, 0x00, 0x00, 0x00, 0x00, 0x00,
  0x08, 0x00, 0x00, 0x00, 0x00, 0x00, 0x00, 0x00, 0x7d, 0xe7, 0x00, 0x00,
  0x00, 0x00, 0x00, 0x00, 0x00, 0xdb, 0x00, 0x00, 0x00, 0x00, 0x00, 0x00,
  0x08, 0x00, 0x00, 0x00, 0x00, 0x00, 0x00, 0x00, 0x54, 0xf0, 0x00, 0x00,
  0x00, 0x00, 0x00, 0x00, 0x10, 0xdb, 0x00, 0x00, 0x00, 0x00, 0x00, 0x00,
  0x08, 0x00, 0x00, 0x00, 0x00, 0x00, 0x00, 0x00, 0xdc, 0xe3, 0x00, 0x00,
  0x00, 0x00, 0x00, 0x00, 0x20, 0xdb, 0x00, 0x00, 0x00, 0x00, 0x00, 0x00,
  0x08, 0x00, 0x00, 0x00, 0x00, 0x00, 0x00, 0x00, 0x2d, 0xeb, 0x00, 0x00,
  0x00, 0x00, 0x00, 0x00, 0x30, 0xdb, 0x00, 0x00, 0x00, 0x00, 0x00, 0x00,
  0x08, 0x00, 0x00, 0x00, 0x00, 0x00, 0x00, 0x00, 0x98, 0xed, 0x00, 0x00,
  0x00, 0x00, 0x00, 0x00, 0x40, 0xdb, 0x00, 0x00, 0x00, 0x00, 0x00, 0x00,
  0x08, 0x00, 0x00, 0x00, 0x00, 0x00, 0x00, 0x00, 0xf3, 0xe3, 0x00, 0x00,
  0x00, 0x00, 0x00, 0x00, 0x50, 0xdb, 0x00, 0x00, 0x00, 0x00, 0x00, 0x00,
  0x08, 0x00, 0x00, 0x00, 0x00, 0x00, 0x00, 0x00, 0x66, 0xea, 0x00, 0x00,
  0x00, 0x00, 0x00, 0x00, 0x60, 0xdb, 0x00, 0x00, 0x00, 0x00, 0x00, 0x00,
  0x08, 0x00, 0x00, 0x00, 0x00, 0x00, 0x00, 0x00, 0x75, 0xe0, 0x00, 0x00,
  0x00, 0x00, 0x00, 0x00, 0x70, 0xdb, 0x00, 0x00, 0x00, 0x00, 0x00, 0x00,
  0x08, 0x00, 0x00, 0x00, 0x00, 0x00, 0x00, 0x00, 0x90, 0xe0, 0x00, 0x00,
  0x00, 0x00, 0x00, 0x00, 0x80, 0xdb, 0x00, 0x00, 0x00, 0x00, 0x00, 0x00,
  0x08, 0x00, 0x00, 0x00, 0x00, 0x00, 0x00, 0x00, 0x30, 0xe9, 0x00, 0x00,
  0x00, 0x00, 0x00, 0x00, 0x90, 0xdb, 0x00, 0x00, 0x00, 0x00, 0x00, 0x00,
  0x08, 0x00, 0x00, 0x00, 0x00, 0x00, 0x00, 0x00, 0x13, 0xf2, 0x00, 0x00,
  0x00, 0x00, 0x00, 0x00, 0xa0, 0xdb, 0x00, 0x00, 0x00, 0x00, 0x00, 0x00,
  0x08, 0x00, 0x00, 0x00, 0x00, 0x00, 0x00, 0x00, 0x95, 0xe1, 0x00, 0x00,
  0x00, 0x00, 0x00, 0x00, 0xb0, 0xdb, 0x00, 0x00, 0x00, 0x00, 0x00, 0x00,
  0x08, 0x00, 0x00, 0x00, 0x00, 0x00, 0x00, 0x00, 0xfd, 0xe7, 0x00, 0x00,
  0x00, 0x00, 0x00, 0x00, 0xc0, 0xdb, 0x00, 0x00, 0x00, 0x00, 0x00, 0x00,
  0x08, 0x00, 0x00, 0x00, 0x00, 0x00, 0x00, 0x00, 0xed, 0xe2, 0x00, 0x00,
  0x00, 0x00, 0x00, 0x00, 0xd0, 0xdb, 0x00, 0x00, 0x00, 0x00, 0x00, 0x00,
  0x08, 0x00, 0x00, 0x00, 0x00, 0x00, 0x00, 0x00, 0x4a, 0xe4, 0x00, 0x00,
  0x00, 0x00, 0x00, 0x00, 0xe0, 0xdb, 0x00, 0x00, 0x00, 0x00, 0x00, 0x00,
  0x08, 0x00, 0x00, 0x00, 0x00, 0x00, 0x00, 0x00, 0x62, 0xe4, 0x00, 0x00,
  0x00, 0x00, 0x00, 0x00, 0xf0, 0xdb, 0x00, 0x00, 0x00, 0x00, 0x00, 0x00,
  0x08, 0x00, 0x00, 0x00, 0x00, 0x00, 0x00, 0x00, 0xf7, 0xe6, 0x00, 0x00,
  0x00, 0x00, 0x00, 0x00, 0x00, 0xdc, 0x00, 0x00, 0x00, 0x00, 0x00, 0x00,
  0x08, 0x00, 0x00, 0x00, 0x00, 0x00, 0x00, 0x00, 0x1a, 0xe1, 0x00, 0x00,
  0x00, 0x00, 0x00, 0x00, 0x10, 0xdc, 0x00, 0x00, 0x00, 0x00, 0x00, 0x00,
  0x08, 0x00, 0x00, 0x00, 0x00, 0x00, 0x00, 0x00, 0x0f, 0xe4, 0x00, 0x00,
  0x00, 0x00, 0x00, 0x00, 0x20, 0xdc, 0x00, 0x00, 0x00, 0x00, 0x00, 0x00,
  0x08, 0x00, 0x00, 0x00, 0x00, 0x00, 0x00, 0x00, 0x53, 0xe2, 0x00, 0x00,
  0x00, 0x00, 0x00, 0x00, 0x30, 0xdc, 0x00, 0x00, 0x00, 0x00, 0x00, 0x00,
  0x08, 0x00, 0x00, 0x00, 0x00, 0x00, 0x00, 0x00, 0x06, 0xe7, 0x00, 0x00,
  0x00, 0x00, 0x00, 0x00, 0x40, 0xdc, 0x00, 0x00, 0x00, 0x00, 0x00, 0x00,
  0x08, 0x00, 0x00, 0x00, 0x00, 0x00, 0x00, 0x00, 0x11, 0xf1, 0x00, 0x00,
  0x00, 0x00, 0x00, 0x00, 0x50, 0xdc, 0x00, 0x00, 0x00, 0x00, 0x00, 0x00,
  0x08, 0x00, 0x00, 0x00, 0x00, 0x00, 0x00, 0x00, 0x6a, 0xf1, 0x00, 0x00,
  0x00, 0x00, 0x00, 0x00, 0x60, 0xdc, 0x00, 0x00, 0x00, 0x00, 0x00, 0x00,
  0x08, 0x00, 0x00, 0x00, 0x00, 0x00, 0x00, 0x00, 0x04, 0xe3, 0x00, 0x00,
  0x00, 0x00, 0x00, 0x00, 0x10, 0xdd, 0x00, 0x00, 0x00, 0x00, 0x00, 0x00,
  0x08, 0x00, 0x00, 0x00, 0x00, 0x00, 0x00, 0x00, 0x48, 0x4a, 0x01, 0x00,
  0x00, 0x00, 0x00, 0x00, 0x18, 0xdd, 0x00, 0x00, 0x00, 0x00, 0x00, 0x00,
  0x08, 0x00, 0x00, 0x00, 0x00, 0x00, 0x00, 0x00, 0x40, 0xf5, 0x00, 0x00,
  0x00, 0x00, 0x00, 0x00, 0x20, 0xdd, 0x00, 0x00, 0x00, 0x00, 0x00, 0x00,
  0x08, 0x00, 0x00, 0x00, 0x00, 0x00, 0x00, 0x00, 0x40, 0xf5, 0x00, 0x00,
  0x00, 0x00, 0x00, 0x00, 0x70, 0xdc, 0x00, 0x00, 0x00, 0x00, 0x00, 0x00,
  0x06, 0x00, 0x00, 0x00, 0x01, 0x00, 0x00, 0x00, 0x00, 0x00, 0x00, 0x00,
  0x00, 0x00, 0x00, 0x00, 0x78, 0xdc, 0x00, 0x00, 0x00, 0x00, 0x00, 0x00,
  0x06, 0x00, 0x00, 0x00, 0x02, 0x00, 0x00, 0x00, 0x00, 0x00, 0x00, 0x00,
  0x00, 0x00, 0x00, 0x00, 0x80, 0xdc, 0x00, 0x00, 0x00, 0x00, 0x00, 0x00,
  0x06, 0x00, 0x00, 0x00, 0x03, 0x00, 0x00, 0x00, 0x00, 0x00, 0x00, 0x00,
  0x00, 0x00, 0x00, 0x00, 0x88, 0xdc, 0x00, 0x00, 0x00, 0x00, 0x00, 0x00,
  0x06, 0x00, 0x00, 0x00, 0x04, 0x00, 0x00, 0x00, 0x00, 0x00, 0x00, 0x00,
  0x00, 0x00, 0x00, 0x00, 0x90, 0xdc, 0x00, 0x00, 0x00, 0x00, 0x00, 0x00,
  0x06, 0x00, 0x00, 0x00, 0x05, 0x00, 0x00, 0x00, 0x00, 0x00, 0x00, 0x00,
  0x00, 0x00, 0x00, 0x00, 0x98, 0xdc, 0x00, 0x00, 0x00, 0x00, 0x00, 0x00,
  0x06, 0x00, 0x00, 0x00, 0x06, 0x00, 0x00, 0x00, 0x00, 0x00, 0x00, 0x00,
  0x00, 0x00, 0x00, 0x00, 0xa0, 0xdc, 0x00, 0x00, 0x00, 0x00, 0x00, 0x00,
  0x06, 0x00, 0x00, 0x00, 0x07, 0x00, 0x00, 0x00, 0x00, 0x00, 0x00, 0x00,
  0x00, 0x00, 0x00, 0x00, 0xa8, 0xdc, 0x00, 0x00, 0x00, 0x00, 0x00, 0x00,
  0x06, 0x00, 0x00, 0x00, 0x08, 0x00, 0x00, 0x00, 0x00, 0x00, 0x00, 0x00,
  0x00, 0x00, 0x00, 0x00, 0xb0, 0xdc, 0x00, 0x00, 0x00, 0x00, 0x00, 0x00,
  0x06, 0x00, 0x00, 0x00, 0x09, 0x00, 0x00, 0x00, 0x00, 0x00, 0x00, 0x00,
  0x00, 0x00, 0x00, 0x00, 0xb8, 0xdc, 0x00, 0x00, 0x00, 0x00, 0x00, 0x00,
  0x06, 0x00, 0x00, 0x00, 0x0a, 0x00, 0x00, 0x00, 0x00, 0x00, 0x00, 0x00,
  0x00, 0x00, 0x00, 0x00, 0xc0, 0xdc, 0x00, 0x00, 0x00, 0x00, 0x00, 0x00,
  0x06, 0x00, 0x00, 0x00, 0x0b, 0x00, 0x00, 0x00, 0x00, 0x00, 0x00, 0x00,
  0x00, 0x00, 0x00, 0x00, 0xc8, 0xdc, 0x00, 0x00, 0x00, 0x00, 0x00, 0x00,
  0x06, 0x00, 0x00, 0x00, 0x0c, 0x00, 0x00, 0x00, 0x00, 0x00, 0x00, 0x00,
  0x00, 0x00, 0x00, 0x00, 0xd0, 0xdc, 0x00, 0x00, 0x00, 0x00, 0x00, 0x00,
  0x06, 0x00, 0x00, 0x00, 0x0d, 0x00, 0x00, 0x00, 0x00, 0x00, 0x00, 0x00,
  0x00, 0x00, 0x00, 0x00, 0xd8, 0xdc, 0x00, 0x00, 0x00, 0x00, 0x00, 0x00,
  0x06, 0x00, 0x00, 0x00, 0x0e, 0x00, 0x00, 0x00, 0x00, 0x00, 0x00, 0x00,
  0x00, 0x00, 0x00, 0x00, 0xe0, 0xdc, 0x00, 0x00, 0x00, 0x00, 0x00, 0x00,
  0x06, 0x00, 0x00, 0x00, 0x0f, 0x00, 0x00, 0x00, 0x00, 0x00, 0x00, 0x00,
  0x00, 0x00, 0x00, 0x00, 0xe8, 0xdc, 0x00, 0x00, 0x00, 0x00, 0x00, 0x00,
  0x06, 0x00, 0x00, 0x00, 0x10, 0x00, 0x00, 0x00, 0x00, 0x00, 0x00, 0x00,
  0x00, 0x00, 0x00, 0x00, 0xf0, 0xdc, 0x00, 0x00, 0x00, 0x00, 0x00, 0x00,
  0x06, 0x00, 0x00, 0x00, 0x11, 0x00, 0x00, 0x00, 0x00, 0x00, 0x00, 0x00,
  0x00, 0x00, 0x00, 0x00, 0xf8, 0xdc, 0x00, 0x00, 0x00, 0x00, 0x00, 0x00,
  0x06, 0x00, 0x00, 0x00, 0x12, 0x00, 0x00, 0x00, 0x00, 0x00, 0x00, 0x00,
  0x00, 0x00, 0x00, 0x00, 0x00, 0xdd, 0x00, 0x00, 0x00, 0x00, 0x00, 0x00,
  0x06, 0x00, 0x00, 0x00, 0x13, 0x00, 0x00, 0x00, 0x00, 0x00, 0x00, 0x00,
  0x00, 0x00, 0x00, 0x00, 0x08, 0xdd, 0x00, 0x00, 0x00, 0x00, 0x00, 0x00,
  0x06, 0x00, 0x00, 0x00, 0x14, 0x00, 0x00, 0x00, 0x00, 0x00, 0x00, 0x00,
  0x00, 0x00, 0x00, 0x00, 0x00, 0x00, 0x00, 0x00, 0x00, 0x00, 0x00, 0x00,
  0x5f, 0x00, 0x00, 0x80, 0x00, 0x00, 0x00, 0x00, 0x00, 0x00, 0x00, 0x00,
  0x00, 0x00, 0x00, 0x00, 0x58, 0x00, 0x00, 0x80, 0x00, 0x00, 0x00, 0x00,
  0x00, 0x00, 0x00, 0x00, 0x00, 0x00, 0x00, 0x00, 0xa1, 0x00, 0x00, 0x80,
  0x00, 0x00, 0x00, 0x00, 0x00, 0x00, 0x00, 0x00, 0x00, 0x00, 0x00, 0x00,
  0x62, 0x00, 0x00, 0x80, 0x00, 0x00, 0x00, 0x00, 0x00, 0x00, 0x00, 0x00,
  0x00, 0x00, 0x00, 0x00, 0x61, 0x00, 0x00, 0x80, 0x00, 0x00, 0x00, 0x00,
  0x00, 0x00, 0x00, 0x00, 0x00, 0x00, 0x00, 0x00, 0x13, 0x00, 0x00, 0x80,
  0x00, 0x00, 0x00, 0x00, 0x00, 0x00, 0x00, 0x00, 0x00, 0x00, 0x00, 0x00,
  0x94, 0x00, 0x00, 0x80, 0x00, 0x00, 0x00, 0x00, 0x00, 0x00, 0x00, 0x00,
  0x00, 0x00, 0x00, 0x00, 0x80, 0x00, 0x00, 0x80, 0x00, 0x00, 0x00, 0x00,
  0x00, 0x00, 0x00, 0x00, 0x00, 0x00, 0x00, 0x00, 0x93, 0x00, 0x00, 0x80,
  0x00, 0x00, 0x00, 0x00, 0x00, 0x00, 0x00, 0x00, 0x00, 0x00, 0x00, 0x00,
  0x86, 0x00, 0x00, 0x80, 0x00, 0x00, 0x00, 0x00, 0x00, 0x00, 0x00, 0x00,
  0x00, 0x00, 0x00, 0x00, 0x87, 0x00, 0x00, 0x80, 0x00, 0x00, 0x00, 0x00,
  0x00, 0x00, 0x00, 0x00, 0x00, 0x00, 0x00, 0x00, 0x23, 0x00, 0x00, 0x80,
  0x00, 0x00, 0x00, 0x00, 0x00, 0x00, 0x00, 0x00, 0x00, 0x00, 0x00, 0x00,
  0x7e, 0x00, 0x00, 0x80, 0x00, 0x00, 0x00, 0x00, 0x00, 0x00, 0x00, 0x00,
  0x00, 0x00, 0x00, 0x00, 0xb7, 0x00, 0x00, 0x80, 0x00, 0x00, 0x00, 0x00,
  0x00, 0x00, 0x00, 0x00, 0x00, 0x00, 0x00, 0x00, 0x32, 0x00, 0x00, 0x80,
  0x00, 0x00, 0x00, 0x00, 0x00, 0x00, 0x00, 0x00, 0x00, 0x00, 0x00, 0x00,
  0xa7, 0x00, 0x00, 0x80, 0x00, 0x00, 0x00, 0x00, 0x00, 0x00, 0x00, 0x00,
  0x00, 0x00, 0x00, 0x00, 0x14, 0x00, 0x00, 0x80, 0x00, 0x00, 0x00, 0x00,
  0x00, 0x00, 0x00, 0x00, 0x00, 0x00, 0x00, 0x00, 0x77, 0x00, 0x00, 0x80,
  0x00, 0x00, 0x00, 0x00, 0x00, 0x00, 0x00, 0x00, 0x00, 0x00, 0x00, 0x00,
  0x02, 0x00, 0x00, 0x80, 0x00, 0x00, 0x00, 0x00, 0x00, 0x00, 0x00, 0x00,
  0x00, 0x00, 0x00, 0x00, 0x01, 0x00, 0x00, 0x80, 0x00, 0x00, 0x00, 0x00,
  0x00, 0x00, 0x00, 0x00, 0x00, 0x00, 0x00, 0x00, 0x83, 0x00, 0x00, 0x80,
  0x00, 0x00, 0x00, 0x00, 0x00, 0x00, 0x00, 0x00, 0x00, 0x00, 0x00, 0x00,
  0x2d, 0x00, 0x00, 0x80, 0x00, 0x00, 0x00, 0x00, 0x00, 0x00, 0x00, 0x00,
  0x00, 0x00, 0x00, 0x00, 0x2e, 0x00, 0x00, 0x80, 0x00, 0x00, 0x00, 0x00,
  0x00, 0x00, 0x00, 0x00, 0x00, 0x00, 0x00, 0x00, 0x82, 0x00, 0x00, 0x80,
  0x00, 0x00, 0x00, 0x00, 0x00, 0x00, 0x00, 0x00, 0x00, 0x00, 0x00, 0x00,
  0x21, 0x00, 0x00, 0x80, 0x00, 0x00, 0x00, 0x00, 0x00, 0x00, 0x00, 0x00,
  0x00, 0x00, 0x00, 0x00, 0x85, 0x00, 0x00, 0x80, 0x00, 0x00, 0x00, 0x00,
  0x00, 0x00, 0x00, 0x00, 0x00, 0x00, 0x00, 0x00, 0x3f, 0x00, 0x00, 0x80,
  0x00, 0x00, 0x00, 0x00, 0x00, 0x00, 0x00, 0x00, 0x00, 0x00, 0x00, 0x00,
  0x2a, 0x00, 0x00, 0x80, 0x00, 0x00, 0x00, 0x00, 0x00, 0x00, 0x00, 0x00,
  0x00, 0x00, 0x00, 0x00, 0xa3, 0x00, 0x00, 0x80, 0x00, 0x00, 0x00, 0x00,
  0x00, 0x00, 0x00, 0x00, 0x00, 0x00, 0x00, 0x00, 0x1a, 0x00, 0x00, 0x80,
  0x00, 0x00, 0x00, 0x00, 0x00, 0x00, 0x00, 0x00, 0x00, 0x00, 0x00, 0x00,
  0x07, 0x00, 0x00, 0x80, 0x00, 0x00, 0x00, 0x00, 0x00, 0x00, 0x00, 0x00,
  0x00, 0x00, 0x00, 0x00, 0x18, 0x00, 0x00, 0x80, 0x00, 0x00, 0x00, 0x00,
  0x00, 0x00, 0x00, 0x00, 0x00, 0x00, 0x00, 0x00, 0x8a, 0x00, 0x00, 0x80,
  0x00, 0x00, 0x00, 0x00, 0x00, 0x00, 0x00, 0x00, 0x00, 0x00, 0x00, 0x00,
  0x8b, 0x00, 0x00, 0x80, 0x00, 0x00, 0x00, 0x00, 0x00, 0x00, 0x00, 0x00,
  0x00, 0x00, 0x00, 0x00, 0xad, 0x00, 0x00, 0x80, 0x00, 0x00, 0x00, 0x00,
  0x00, 0x00, 0x00, 0x00, 0x00, 0x00, 0x00, 0x00, 0x57, 0x00, 0x00, 0x80,
  0x00, 0x00, 0x00, 0x00, 0x00, 0x00, 0x00, 0x00, 0x00, 0x00, 0x00, 0x00,
  0x25, 0x00, 0x00, 0x80, 0x00, 0x00, 0x00, 0x00, 0x00, 0x00, 0x00, 0x00,
  0x00, 0x00, 0x00, 0x00, 0x29, 0x00, 0x00, 0x80, 0x00, 0x00, 0x00, 0x00,
  0x00, 0x00, 0x00, 0x00, 0x00, 0x00, 0x00, 0x00, 0x56, 0x00, 0x00, 0x80,
  0x00, 0x00, 0x00, 0x00, 0x00, 0x00, 0x00, 0x00, 0x00, 0x00, 0x00, 0x00,
  0x28, 0x00, 0x00, 0x80, 0x00, 0x00, 0x00, 0x00, 0x00, 0x00, 0x00, 0x00,
  0x00, 0x00, 0x00, 0x00, 0x9c, 0x00, 0x00, 0x80, 0x00, 0x00, 0x00, 0x00,
  0x00, 0x00, 0x00, 0x00, 0x00, 0x00, 0x00, 0x00, 0x9b, 0x00, 0x00, 0x80,
  0x00, 0x00, 0x00, 0x00, 0x00, 0x00, 0x00, 0x00, 0x00, 0x00, 0x00, 0x00,
  0x66, 0x00, 0x00, 0x80, 0x00, 0x00, 0x00, 0x00, 0x00, 0x00, 0x00, 0x00,
  0x00, 0x00, 0x00, 0x00, 0xa9, 0x00, 0x00, 0x80, 0x00, 0x00, 0x00, 0x00,
  0x00, 0x00, 0x00, 0x00, 0x00, 0x00, 0x00, 0x00, 0x5e, 0x00, 0x00, 0x80,
  0x00, 0x00, 0x00, 0x00, 0x00, 0x00, 0x00, 0x00, 0x00, 0x00, 0x00, 0x00,
  0x7f, 0x00, 0x00, 0x80, 0x00, 0x00, 0x00, 0x00, 0x00, 0x00, 0x00, 0x00,
  0x00, 0x00, 0x00, 0x00, 0x7b, 0x00, 0x00, 0x80, 0x00, 0x00, 0x00, 0x00,
  0x00, 0x00, 0x00, 0x00, 0x00, 0x00, 0x00, 0x00, 0x5c, 0x00, 0x00, 0x80,
  0x00, 0x00, 0x00, 0x00, 0x00, 0x00, 0x00, 0x00, 0x00, 0x00, 0x00, 0x00,
  0x17, 0x00, 0x00, 0x80, 0x00, 0x00, 0x00, 0x00, 0x00, 0x00, 0x00, 0x00,
  0x00, 0x00, 0x00, 0x00, 0x0a, 0x00, 0x00, 0x80, 0x00, 0x00, 0x00, 0x00,
  0x00, 0x00, 0x00, 0x00, 0x00, 0x00, 0x00, 0x00, 0x8c, 0x00, 0x00, 0x80,
  0x00, 0x00, 0x00, 0x00, 0x00, 0x00, 0x00, 0x00, 0x00, 0x00, 0x00, 0x00,
  0x78, 0x00, 0x00, 0x80, 0x00, 0x00, 0x00, 0x00, 0x00, 0x00, 0x00, 0x00,
  0x00, 0x00, 0x00, 0x00, 0xa8, 0x00, 0x00, 0x80, 0x00, 0x00, 0x00, 0x00,
  0x00, 0x00, 0x00, 0x00, 0x00, 0x00, 0x00, 0x00, 0xa6, 0x00, 0x00, 0x80,
  0x00, 0x00, 0x00, 0x00, 0x00, 0x00, 0x00, 0x00, 0x00, 0x00, 0x00, 0x00,
  0x59, 0x00, 0x00, 0x80, 0x00, 0x00, 0x00, 0x00, 0x00, 0x00, 0x00, 0x00,
  0x00, 0x00, 0x00, 0x00, 0x1d, 0x00, 0x00, 0x80, 0x00, 0x00, 0x00, 0x00,
  0x00, 0x00, 0x00, 0x00, 0x00, 0x00, 0x00, 0x00, 0x9e, 0x00, 0x00, 0x80,
  0x00, 0x00, 0x00, 0x00, 0x00, 0x00, 0x00, 0x00, 0x00, 0x00, 0x00, 0x00,
  0x6f, 0x00, 0x00, 0x80, 0x00, 0x00, 0x00, 0x00, 0x00, 0x00, 0x00, 0x00,
  0x00, 0x00, 0x00, 0x00, 0x5b, 0x00, 0x00, 0x80, 0x00, 0x00, 0x00, 0x00,
  0x00, 0x00, 0x00, 0x00, 0x00, 0x00, 0x00, 0x00, 0xb0, 0x00, 0x00, 0x80,
  0x00, 0x00, 0x00, 0x00, 0x00, 0x00, 0x00, 0x00, 0x00, 0x00, 0x00, 0x00,
  0x70, 0x00, 0x00, 0x80, 0x00, 0x00, 0x00, 0x00, 0x00, 0x00, 0x00, 0x00,
  0x00, 0x00, 0x00, 0x00, 0xb4, 0x00, 0x00, 0x80, 0x00, 0x00, 0x00, 0x00,
  0x00, 0x00, 0x00, 0x00, 0x00, 0x00, 0x00, 0x00, 0xb5, 0x00, 0x00, 0x80,
  0x00, 0x00, 0x00, 0x00, 0x00, 0x00, 0x00, 0x00, 0x00, 0x00, 0x00, 0x00,
  0x31, 0x00, 0x00, 0x80, 0x00, 0x00, 0x00, 0x00, 0x00, 0x00, 0x00, 0x00,
  0x00, 0x00, 0x00, 0x00, 0x65, 0x00, 0x00, 0x80, 0x00, 0x00, 0x00, 0x00,
  0x00, 0x00, 0x00, 0x00, 0x00, 0x00, 0x00, 0x00, 0xb8, 0x00, 0x00, 0x80,
  0x00, 0x00, 0x00, 0x00, 0x00, 0x00, 0x00, 0x00, 0x00, 0x00, 0x00, 0x00,
  0x45, 0x00, 0x00, 0x80, 0x00, 0x00, 0x00, 0x00, 0x00, 0x00, 0x00, 0x00,
  0x00, 0x00, 0x00, 0x00, 0x27, 0x00, 0x00, 0x80, 0x00, 0x00, 0x00, 0x00,
  0x00, 0x00, 0x00, 0x00, 0x00, 0x00, 0x00, 0x00, 0x48, 0x00, 0x00, 0x80,
  0x00, 0x00, 0x00, 0x00, 0x00, 0x00, 0x00, 0x00, 0x00, 0x00, 0x00, 0x00,
  0x1e, 0x00, 0x00, 0x80, 0x00, 0x00, 0x00, 0x00, 0x00, 0x00, 0x00, 0x00,
  0x00, 0x00, 0x00, 0x00, 0x95, 0x00, 0x00, 0x80, 0x00, 0x00, 0x00, 0x00,
  0x00, 0x00, 0x00, 0x00, 0x00, 0x00, 0x00, 0x00, 0xb6, 0x00, 0x00, 0x80,
  0x00, 0x00, 0x00, 0x00, 0x00, 0x00, 0x00, 0x00, 0x00, 0x00, 0x00, 0x00,
  0x5a, 0x00, 0x00, 0x80, 0x00, 0x00, 0x00, 0x00, 0x00, 0x00, 0x00, 0x00,
  0x00, 0x00, 0x00, 0x00, 0x79, 0x00, 0x00, 0x80, 0x00, 0x00, 0x00, 0x00,
  0x00, 0x00, 0x00, 0x00, 0x00, 0x00, 0x00, 0x00, 0x7a, 0x00, 0x00, 0x80,
  0x00, 0x00, 0x00, 0x00, 0x00, 0x00, 0x00, 0x00, 0x00, 0x00, 0x00, 0x00,
  0x1c, 0x00, 0x00, 0x80, 0x00, 0x00, 0x00, 0x00, 0x00, 0x00, 0x00, 0x00,
  0x00, 0x00, 0x00, 0x00, 0x09, 0x00, 0x00, 0x80, 0x00, 0x00, 0x00, 0x00,
  0x00, 0x00, 0x00, 0x00, 0x00, 0x00, 0x00, 0x00, 0x90, 0x00, 0x00, 0x80,
  0x00, 0x00, 0x00, 0x00, 0x00, 0x00, 0x00, 0x00, 0x00, 0x00, 0x00, 0x00,
  0x0c, 0x00, 0x00, 0x80, 0x00, 0x00, 0x00, 0x00, 0x00, 0x00, 0x00, 0x00,
  0x00, 0x00, 0x00, 0x00, 0x8d, 0x00, 0x00, 0x80, 0x00, 0x00, 0x00, 0x00,
  0x00, 0x00, 0x00, 0x00, 0x00, 0x00, 0x00, 0x00, 0x0d, 0x00, 0x00, 0x80,
  0x00, 0x00, 0x00, 0x00, 0x00, 0x00, 0x00, 0x00, 0x00, 0x00, 0x00, 0x00,
  0x9a, 0x00, 0x00, 0x80, 0x00, 0x00, 0x00, 0x00, 0x00, 0x00, 0x00, 0x00,
  0x00, 0x00, 0x00, 0x00, 0x1b, 0x00, 0x00, 0x80, 0x00, 0x00, 0x00, 0x00,
  0x00, 0x00, 0x00, 0x00, 0x00, 0x00, 0x00, 0x00, 0xa0, 0x00, 0x00, 0x80,
  0x00, 0x00, 0x00, 0x00, 0x00, 0x00, 0x00, 0x00, 0x00, 0x00, 0x00, 0x00,
  0x0e, 0x00, 0x00, 0x80, 0x00, 0x00, 0x00, 0x00, 0x00, 0x00, 0x00, 0x00,
  0x00, 0x00, 0x00, 0x00, 0x8f, 0x00, 0x00, 0x80, 0x00, 0x00, 0x00, 0x00,
  0x00, 0x00, 0x00, 0x00, 0x00, 0x00, 0x00, 0x00, 0x44, 0x00, 0x00, 0x80,
  0x00, 0x00, 0x00, 0x00, 0x00, 0x00, 0x00, 0x00, 0x00, 0x00, 0x00, 0x00,
  0x43, 0x00, 0x00, 0x80, 0x00, 0x00, 0x00, 0x00, 0x00, 0x00, 0x00, 0x00,
  0x00, 0x00, 0x00, 0x00, 0x69, 0x00, 0x00, 0x80, 0x00, 0x00, 0x00, 0x00,
  0x00, 0x00, 0x00, 0x00, 0x00, 0x00, 0x00, 0x00, 0x68, 0x00, 0x00, 0x80,
  0x00, 0x00, 0x00, 0x00, 0x00, 0x00, 0x00, 0x00, 0x00, 0x00, 0x00, 0x00,
  0x71, 0x00, 0x00, 0x80, 0x00, 0x00, 0x00, 0x00, 0x00, 0x00, 0x00, 0x00,
  0x00, 0x00, 0x00, 0x00, 0x24, 0x00, 0x00, 0x80, 0x00, 0x00, 0x00, 0x00,
  0x00, 0x00, 0x00, 0x00, 0x00, 0x00, 0x00, 0x00, 0x5d, 0x00, 0x00, 0x80,
  0x00, 0x00, 0x00, 0x00, 0x00, 0x00, 0x00, 0x00, 0x00, 0x00, 0x00, 0x00,
  0x98, 0x00, 0x00, 0x80, 0x00, 0x00, 0x00, 0x00, 0x00, 0x00, 0x00, 0x00,
  0x00, 0x00, 0x00, 0x00, 0x30, 0x00, 0x00, 0x80, 0x00, 0x00, 0x00, 0x00,
  0x00, 0x00, 0x00, 0x00, 0x00, 0x00, 0x00, 0x00, 0x75, 0x00, 0x00, 0x80,
  0x00, 0x00, 0x00, 0x00, 0x00, 0x00, 0x00, 0x00, 0x00, 0x00, 0x00, 0x00,
  0x1f, 0x00, 0x00, 0x80, 0x00, 0x00, 0x00, 0x00, 0x00, 0x00, 0x00, 0x00,
  0x00, 0x00, 0x00, 0x00, 0xb9, 0x00, 0x00, 0x80, 0x00, 0x00, 0x00, 0x00,
  0x00, 0x00, 0x00, 0x00, 0x00, 0x00, 0x00, 0x00, 0x92, 0x00, 0x00, 0x80,
  0x00, 0x00, 0x00, 0x00, 0x00, 0x00, 0x00, 0x00, 0x00, 0x00, 0x00, 0x00,
  0x76, 0x00, 0x00, 0x80, 0x00, 0x00, 0x00, 0x00, 0x00, 0x00, 0x00, 0x00,
  0x00, 0x00, 0x00, 0x00, 0x20, 0x00, 0x00, 0x80, 0x00, 0x00, 0x00, 0x00,
  0x00, 0x00, 0x00, 0x00, 0x00, 0x00, 0x00, 0x00, 0x0f, 0x00, 0x00, 0x80,
  0x00, 0x00, 0x00, 0x00, 0x00, 0x00, 0x00, 0x00, 0x00, 0x00, 0x00, 0x00,
  0x8e, 0x00, 0x00, 0x80, 0x00, 0x00, 0x00, 0x00, 0x00, 0x00, 0x00, 0x00,
  0x00, 0x00, 0x00, 0x00, 0xae, 0x00, 0x00, 0x80, 0x00, 0x00, 0x00, 0x00,
  0x00, 0x00, 0x00, 0x00, 0x00, 0x00, 0x00, 0x00, 0x0b, 0x00, 0x00, 0x80,
  0x00, 0x00, 0x00, 0x00, 0x00, 0x00, 0x00, 0x00, 0x00, 0x00, 0x00, 0x00,
  0x3b, 0x00, 0x00, 0x80, 0x00, 0x00, 0x00, 0x00, 0x00, 0x00, 0x00, 0x00,
  0x00, 0x00, 0x00, 0x00, 0x04, 0x00, 0x00, 0x80, 0x00, 0x00, 0x00, 0x00,
  0x00, 0x00, 0x00, 0x00, 0x00, 0x00, 0x00, 0x00, 0x26, 0x00, 0x00, 0x80,
  0x00, 0x00, 0x00, 0x00, 0x00, 0x00, 0x00, 0x00, 0x00, 0x00, 0x00, 0x00,
  0xb3, 0x00, 0x00, 0x80, 0x00, 0x00, 0x00, 0x00, 0x00, 0x00, 0x00, 0x00,
  0x00, 0x00, 0x00, 0x00, 0x89, 0x00, 0x00, 0x80, 0x00, 0x00, 0x00, 0x00,
  0x00, 0x00, 0x00, 0x00, 0x00, 0x00, 0x00, 0x00, 0x9f, 0x00, 0x00, 0x80,
  0x00, 0x00, 0x00, 0x00, 0x00, 0x00, 0x00, 0x00, 0x00, 0x00, 0x00, 0x00,
  0x88, 0x00, 0x00, 0x80, 0x00, 0x00, 0x00, 0x00, 0x00, 0x00, 0x00, 0x00,
  0x00, 0x00, 0x00, 0x00, 0x10, 0x00, 0x00, 0x80, 0x00, 0x00, 0x00, 0x00,
  0x00, 0x00, 0x00, 0x00, 0x00, 0x00, 0x00, 0x00, 0x97, 0x00, 0x00, 0x80,
  0x00, 0x00, 0x00, 0x00, 0x00, 0x00, 0x00, 0x00, 0x00, 0x00, 0x00, 0x00,
  0xa2, 0x00, 0x00, 0x80, 0x00, 0x00, 0x00, 0x00, 0x00, 0x00, 0x00, 0x00,
  0x00, 0x00, 0x00, 0x00, 0x11, 0x00, 0x00, 0x80, 0x00, 0x00, 0x00, 0x00,
  0x00, 0x00, 0x00, 0x00, 0x00, 0x00, 0x00, 0x00, 0x91, 0x00, 0x00, 0x80,
  0x00, 0x00, 0x00, 0x00, 0x00, 0x00, 0x00, 0x00, 0x00, 0x00, 0x00, 0x00,
  0x15, 0x00, 0x00, 0x80, 0x00, 0x00, 0x00, 0x00, 0x00, 0x00, 0x00, 0x00,
  0x00, 0x00, 0x00, 0x00, 0x36, 0x00, 0x00, 0x80, 0x00, 0x00, 0x00, 0x00,
  0x00, 0x00, 0x00, 0x00, 0x00, 0x00, 0x00, 0x00, 0x3c, 0x00, 0x00, 0x80,
  0x00, 0x00, 0x00, 0x00, 0x00, 0x00, 0x00, 0x00, 0x00, 0x00, 0x00, 0x00,
  0xaf, 0x00, 0x00, 0x80, 0x00, 0x00, 0x00, 0x00, 0x00, 0x00, 0x00, 0x00,
  0x00, 0x00, 0x00, 0x00, 0x84, 0x00, 0x00, 0x80, 0x00, 0x00, 0x00, 0x00,
  0x00, 0x00, 0x00, 0x00, 0x00, 0x00, 0x00, 0x00, 0x22, 0x00, 0x00, 0x80,
  0x00, 0x00, 0x00, 0x00, 0x00, 0x00, 0x00, 0x00, 0x00, 0x00, 0x00, 0x00,
  0x46, 0x00, 0x00, 0x80, 0x00, 0x00, 0x00, 0x00, 0x00, 0x00, 0x00, 0x00,
  0x00, 0x00, 0x00, 0x00, 0xb2, 0x00, 0x00, 0x80, 0x00, 0x00, 0x00, 0x00,
  0x00, 0x00, 0x00, 0x00, 0x00, 0x00, 0x00, 0x00, 0x12, 0x00, 0x00, 0x80,
  0x00, 0x00, 0x00, 0x00, 0x00, 0x00, 0x00, 0x00, 0x00, 0x00, 0x00, 0x00,
  0x7c, 0x00, 0x00, 0x80, 0x00, 0x00, 0x00, 0x00, 0x00, 0x00, 0x00, 0x00,
  0x00, 0x00, 0x00, 0x00, 0x7d, 0x00, 0x00, 0x80, 0x00, 0x00, 0x00, 0x00,
  0x00, 0x00, 0x00, 0x00, 0x00, 0x00, 0x00, 0x00, 0x99, 0x00, 0x00, 0x80,
  0x00, 0x00, 0x00, 0x00, 0x00, 0x00, 0x00, 0x00, 0x00, 0x00, 0x00, 0x00,
  0x72, 0x00, 0x00, 0x80, 0x00, 0x00, 0x00, 0x00, 0x00, 0x00, 0x00, 0x00,
  0x00, 0x00, 0x00, 0x00, 0x73, 0x00, 0x00, 0x80, 0x00, 0x00, 0x00, 0x00,
  0x00, 0x00, 0x00, 0x00, 0x00, 0x00, 0x00, 0x00, 0x74, 0x00, 0x00, 0x80,
  0x00, 0x00, 0x00, 0x00, 0x00, 0x00, 0x00, 0x00, 0x00, 0x00, 0x00, 0x00,
  0xa4, 0x00, 0x00, 0x80, 0x00, 0x00, 0x00, 0x00, 0x00, 0x00, 0x00, 0x00,
  0x00, 0x00, 0x00, 0x00, 0xac, 0x00, 0x00, 0x80, 0x00, 0x00, 0x00, 0x00,
  0x00, 0x00, 0x00, 0x00, 0x00, 0x00, 0x00, 0x00, 0xb1, 0x00, 0x00, 0x80,
  0x00, 0x00, 0x00, 0x00, 0x00, 0x00, 0x00, 0x00, 0x00, 0x00, 0x00, 0x00,
  0xaa, 0x00, 0x00, 0x80, 0x00, 0x00, 0x00, 0x00, 0x00, 0x00, 0x00, 0x00,
  0x00, 0x00, 0x00, 0x00, 0xab, 0x00, 0x00, 0x80, 0x00, 0x00, 0x00, 0x00,
  0x00, 0x00, 0x00, 0x00, 0x00, 0x00, 0x00, 0x00, 0x00, 0x00, 0x00, 0x00,
  0x00, 0x00, 0x00, 0x00, 0x00, 0x00, 0x00, 0x00, 0x00, 0x00, 0x00, 0x00,
  0x00, 0x00, 0x00, 0x00, 0x00, 0x00, 0x00, 0x00, 0x00, 0x00, 0x00, 0x00,
  0x00, 0x00, 0x00, 0x00, 0x00, 0x00, 0x00, 0x00, 0x00, 0x00, 0x00, 0x00,
  0x00, 0x00, 0x00, 0x00, 0x00, 0x00, 0x00, 0x00, 0x00, 0x00, 0x00, 0x00,
  0x00, 0x00, 0x00, 0x00, 0x00, 0x00, 0x00, 0x00, 0x00, 0x00, 0x00, 0x00,
  0x00, 0x00, 0x00, 0x00, 0x00, 0x00, 0x00, 0x00, 0x00, 0x00, 0x00, 0x00,
  0x00, 0x00, 0x00, 0x00, 0x00, 0x00, 0x00, 0x00, 0x00, 0x00, 0x00, 0x00,
  0x00, 0x00, 0x00, 0x00, 0x00, 0x00, 0x00, 0x00, 0x00, 0x00, 0x00, 0x00,
  0x00, 0x00, 0x00, 0x00, 0x00, 0x00, 0x00, 0x00, 0x00, 0x00, 0x00, 0x00,
  0x00, 0x00, 0x00, 0x00, 0x00, 0x00, 0x00, 0x00, 0x00, 0x00, 0x00, 0x00,
  0x00, 0x00, 0x00, 0x00, 0x00, 0x00, 0x00, 0x00, 0x00, 0x00, 0x00, 0x00,
  0x00, 0x00, 0x00, 0x00, 0x00, 0x00, 0x00, 0x00, 0x00, 0x00, 0x00, 0x00,
  0x00, 0x00, 0x00, 0x00, 0x00, 0x00, 0x00, 0x00, 0x00, 0x00, 0x00, 0x00,
  0x00, 0x00, 0x00, 0x00, 0x00, 0x00, 0x00, 0x00, 0x00, 0x00, 0x00, 0x00,
  0x00, 0x00, 0x00, 0x00, 0x00, 0x00, 0x00, 0x00, 0x00, 0x00, 0x00, 0x00,
  0x00, 0x00, 0x80, 0x3f, 0x9a, 0x99, 0x59, 0x3f, 0x00, 0x00, 0x87, 0x44,
  0x00, 0x00, 0x70, 0x42, 0xcd, 0xcc, 0x4c, 0x3e, 0x33, 0x33, 0x73, 0x3f,
  0x00, 0x00, 0xa0, 0x41, 0x00, 0x00, 0xd0, 0x41, 0x9a, 0x99, 0x99, 0x3e,
  0x33, 0x33, 0x33, 0x3f, 0x00, 0x00, 0x00, 0x00, 0x00, 0x00, 0x00, 0x00,
  0x01, 0x23, 0x45, 0x67, 0x89, 0xab, 0xcd, 0xef, 0xfe, 0xdc, 0xba, 0x98,
  0x76, 0x54, 0x32, 0x10, 0x33, 0x33, 0x33, 0x3f, 0x00, 0x00, 0x80, 0x3f,
  0x00, 0x00, 0x00, 0x00, 0x00, 0x00, 0x00, 0x00, 0xcd, 0xcc, 0x4c, 0x3e,
  0x33, 0x33, 0x73, 0x3f, 0x00, 0x00, 0x00, 0x00, 0x00, 0x00, 0x00, 0x00,
  0x00, 0x00, 0x80, 0x3f, 0xcd, 0xcc, 0x0c, 0x3f, 0x00, 0x00, 0x00, 0x00,
  0x00, 0x00, 0x00, 0x00, 0x9a, 0x99, 0x19, 0x3e, 0x00, 0x00, 0x80, 0x3f,
  0x00, 0x00, 0x00, 0x00, 0x00, 0x00, 0x00, 0x00, 0x00, 0x00, 0x80, 0x3f,
  0x9a, 0x99, 0x19, 0x3e, 0x00, 0x00, 0x00, 0x00, 0x00, 0x00, 0x00, 0x00,
  0x8f, 0xc2, 0xf5, 0x3d, 0x00, 0x00, 0x80, 0x3f, 0x00, 0x00, 0x00, 0x00,
  0x00, 0x00, 0x00, 0x00, 0x00, 0x00, 0x80, 0x3e, 0x00, 0x00, 0x80, 0x3f,
  0x00, 0x00, 0x00, 0x00, 0x00, 0x00, 0x00, 0x00, 0x33, 0x33, 0x73, 0x3f,
  0x66, 0x66, 0x66, 0x3f, 0x00, 0x00, 0x00, 0x00, 0x00, 0x00, 0x00, 0x00,
  0x51, 0x8d, 0x64, 0xa6, 0x35, 0xde, 0xd8, 0xc1, 0xe6, 0xb0, 0x39, 0xb1,
  0xc3, 0xe5, 0x52, 0x30, 0x9a, 0x99, 0x99, 0x3e, 0x00, 0x00, 0x80, 0x3f,
  0x00, 0x00, 0x00, 0x00, 0x00, 0x00, 0x00, 0x00, 0x00, 0x00, 0x80, 0x3f,
  0x00, 0x00, 0x40, 0x3f, 0x00, 0x00, 0x00, 0x00, 0x00, 0x00, 0x00, 0x00,
  0xcd, 0xcc, 0xcc, 0x3d, 0x00, 0x00, 0x80, 0x3f, 0x00, 0x00, 0x00, 0x00,
  0x00, 0x00, 0x00, 0x00, 0xcd, 0xcc, 0x0c, 0x3f, 0x33, 0x33, 0x73, 0x3f,
  0x00, 0x00, 0x00, 0x00, 0x00, 0x00, 0x00, 0x00, 0x00, 0x00, 0x00, 0x00,
  0x00, 0x00, 0x3e, 0x40, 0x33, 0x33, 0x33, 0x3f, 0x00, 0x00, 0x80, 0x3f,
  0x00, 0x00, 0x80, 0x3f, 0x00, 0x00, 0x40, 0x3f, 0xcd, 0xcc, 0x4c, 0x3e,
  0x33, 0x33, 0x73, 0x3f, 0x00, 0x00, 0x80, 0x3f, 0xcd, 0xcc, 0x0c, 0x3f,
  0xcd, 0xcc, 0xcc, 0x3d, 0x00, 0x00, 0x80, 0x3f, 0x8f, 0xc2, 0xf5, 0x3d,
  0x00, 0x00, 0x80, 0x3f, 0x00, 0x00, 0x00, 0x00, 0x00, 0x00, 0x44, 0x40,
  0x33, 0x33, 0x73, 0x3f, 0x66, 0x66, 0x66, 0x3f, 0x00, 0x00, 0x80, 0x3f,
  0x9a, 0x99, 0x19, 0x3e, 0x00, 0x00, 0x80, 0x3e, 0x00, 0x00, 0x80, 0x3f,
  0x00, 0x00, 0x00, 0x00, 0x00, 0x00, 0x34, 0x40, 0x9a, 0x99, 0x99, 0x3e,
  0x00, 0x00, 0x80, 0x3f, 0x9a, 0x99, 0x19, 0x3e, 0x00, 0x00, 0x80, 0x3f,
  0xcd, 0xcc, 0x0c, 0x3f, 0x33, 0x33, 0x73, 0x3f, 0xe6, 0x34, 0xff, 0xff,
  0x2a, 0x35, 0xff, 0xff, 0xef, 0x34, 0xff, 0xff, 0xf8, 0x34, 0xff, 0xff,
  0x6d, 0x6f, 0x6e, 0x6f, 0x5f, 0x70, 0x72, 0x6f, 0x70, 0x65, 0x72, 0x74,
  0x79, 0x5f, 0x67, 0x65, 0x74, 0x5f, 0x73, 0x65, 0x74, 0x5f, 0x6d, 0x65,
  0x74, 0x68, 0x6f, 0x64, 0x00, 0x6c, 0x69, 0x62, 0x53, 0x63, 0x65, 0x46,
  0x73, 0x49, 0x6e, 0x74, 0x65, 0x72, 0x6e, 0x61, 0x6c, 0x46, 0x6f, 0x72,
  0x56, 0x73, 0x68, 0x2e, 0x73, 0x70, 0x72, 0x78, 0x00, 0x2f, 0x73, 0x79,
  0x73, 0x74, 0x65, 0x6d, 0x2f, 0x63, 0x6f, 0x6d, 0x6d, 0x6f, 0x6e, 0x2f,
  0x6c, 0x69, 0x62, 0x2f, 0x6c, 0x69, 0x62, 0x6b, 0x65, 0x72, 0x6e, 0x65,
  0x6c, 0x5f, 0x73, 0x79, 0x73, 0x2e, 0x73, 0x70, 0x72, 0x78, 0x00, 0x6d,
  0x6f, 0x6e, 0x6f, 0x5f, 0x72, 0x75, 0x6e, 0x74, 0x69, 0x6d, 0x65, 0x5f,
  0x69, 0x6e, 0x76, 0x6f, 0x6b, 0x65, 0x00, 0x69, 0x64, 0x5f, 0x66, 0x70,
  0x73, 0x5f, 0x76, 0x61, 0x6c, 0x75, 0x65, 0x00, 0x76, 0x6d, 0x2e, 0x73,
  0x74, 0x61, 0x74, 0x73, 0x2e, 0x76, 0x6d, 0x2e, 0x76, 0x5f, 0x61, 0x63,
  0x74, 0x69, 0x76, 0x65, 0x5f, 0x63, 0x6f, 0x75, 0x6e, 0x74, 0x00, 0x2f,
  0x75, 0x73, 0x65, 0x72, 0x2f, 0x68, 0x6f, 0x6d, 0x65, 0x62, 0x72, 0x65,
  0x77, 0x2f, 0x6c, 0x69, 0x62, 0x2f, 0x25, 0x73, 0x00, 0x67, 0x65, 0x74,
  0x65, 0x6e, 0x76, 0x00, 0x6d, 0x70, 0x72, 0x6f, 0x74, 0x65, 0x63, 0x74,
  0x00, 0x73, 0x63, 0x65, 0x53, 0x79, 0x73, 0x6d, 0x6f, 0x64, 0x75, 0x6c,
  0x65, 0x4c, 0x6f, 0x61, 0x64, 0x4d, 0x6f, 0x64, 0x75, 0x6c, 0x65, 0x49,
  0x6e, 0x74, 0x65, 0x72, 0x6e, 0x61, 0x6c, 0x3a, 0x20, 0x30, 0x78, 0x25,
  0x78, 0x0a, 0x00, 0x6c, 0x69, 0x62, 0x53, 0x63, 0x65, 0x41, 0x62, 0x73,
  0x74, 0x72, 0x61, 0x63, 0x74, 0x59, 0x6f, 0x75, 0x74, 0x75, 0x62, 0x65,
  0x2e, 0x73, 0x70, 0x72, 0x78, 0x00, 0x6c, 0x69, 0x62, 0x53, 0x63, 0x65,
  0x41, 0x63, 0x33, 0x45, 0x6e, 0x63, 0x2e, 0x73, 0x70, 0x72, 0x78, 0x00,
  0x6c, 0x69, 0x62, 0x53, 0x63, 0x65, 0x4d, 0x65, 0x64, 0x69, 0x61, 0x46,
  0x72, 0x61, 0x6d, 0x65, 0x77, 0x6f, 0x72, 0x6b, 0x55, 0x74, 0x69, 0x6c,
  0x2e, 0x73, 0x70, 0x72, 0x78, 0x00, 0x55, 0x6e, 0x61, 0x62, 0x6c, 0x65,
  0x20, 0x74, 0x6f, 0x20, 0x6c, 0x6f, 0x61, 0x64, 0x20, 0x25, 0x73, 0x0a,
  0x00, 0x66, 0x70, 0x73, 0x00, 0x46, 0x6f, 0x6e, 0x74, 0x00, 0x25, 0x64,
  0xc2, 0xb0, 0x25, 0x63, 0x00, 0x5f, 0x5f, 0x69, 0x73, 0x74, 0x68, 0x72,
  0x65, 0x61, 0x64, 0x65, 0x64, 0x00, 0x73, 0x70, 0x72, 0x69, 0x6e, 0x74,
  0x66, 0x00, 0x63, 0x61, 0x6c, 0x6c, 0x6f, 0x63, 0x00, 0x6c, 0x69, 0x62,
  0x53, 0x63, 0x65, 0x41, 0x70, 0x70, 0x49, 0x6e, 0x73, 0x74, 0x55, 0x74,
  0x69, 0x6c, 0x2e, 0x73, 0x70, 0x72, 0x78, 0x00, 0x6c, 0x69, 0x62, 0x53,
  0x63, 0x65, 0x48, 0x74, 0x74, 0x70, 0x32, 0x2e, 0x73, 0x70, 0x72, 0x78,
  0x00, 0x6c, 0x69, 0x62, 0x53, 0x63, 0x65, 0x4e, 0x70, 0x57, 0x65, 0x62,
  0x41, 0x70, 0x69, 0x2e, 0x73, 0x70, 0x72, 0x78, 0x00, 0x6c, 0x69, 0x62,
  0x53, 0x63, 0x65, 0x56, 0x64, 0x65, 0x63, 0x53, 0x76, 0x70, 0x39, 0x2e,
  0x6e, 0x61, 0x74, 0x69, 0x76, 0x65, 0x2e, 0x73, 0x70, 0x72, 0x78, 0x00,
  0x6c, 0x69, 0x62, 0x53, 0x63, 0x65, 0x56, 0x65, 0x6e, 0x63, 0x2e, 0x73,
  0x70, 0x72, 0x78, 0x00, 0x47, 0x61, 0x6d, 0x65, 0x00, 0x46, 0x50, 0x53,
  0x00, 0x58, 0x00, 0x6c, 0x69, 0x62, 0x53, 0x63, 0x65, 0x53, 0x79, 0x73,
  0x6d, 0x6f, 0x64, 0x75, 0x6c, 0x65, 0x2e, 0x73, 0x70, 0x72, 0x78, 0x00,
  0x6c, 0x69, 0x62, 0x53, 0x63, 0x65, 0x41, 0x67, 0x63, 0x56, 0x73, 0x68,
  0x2e, 0x73, 0x70, 0x72, 0x78, 0x00, 0x6c, 0x69, 0x62, 0x53, 0x63, 0x65,
  0x43, 0x64, 0x6c, 0x67, 0x55, 0x74, 0x69, 0x6c, 0x53, 0x65, 0x72, 0x76,
  0x65, 0x72, 0x2e, 0x73, 0x70, 0x72, 0x78, 0x00, 0x6c, 0x69, 0x62, 0x53,
  0x63, 0x65, 0x47, 0x76, 0x4d, 0x70, 0x34, 0x50, 0x61, 0x72, 0x73, 0x65,
  0x72, 0x2e, 0x73, 0x70, 0x72, 0x78, 0x00, 0x6c, 0x69, 0x62, 0x53, 0x63,
  0x65, 0x4f, 0x72, 0x62, 0x69, 0x73, 0x43, 0x6f, 0x6d, 0x70, 0x61, 0x74,
  0x2e, 0x73, 0x70, 0x72, 0x78, 0x00, 0x6c, 0x69, 0x62, 0x53, 0x63, 0x65,
  0x57, 0x65, 0x62, 0x4b, 0x69, 0x74, 0x32, 0x2e, 0x73, 0x70, 0x72, 0x78,
  0x00, 0x72, 0x61, 0x6d, 0x5f, 0x75, 0x73, 0x61, 0x67, 0x65, 0x00, 0x25,
  0x73, 0x2f, 0x25, 0x73, 0x00, 0x6f, 0x70, 0x65, 0x6e, 0x00, 0x6c, 0x69,
  0x62, 0x53, 0x63, 0x65, 0x43, 0x6f, 0x6e, 0x74, 0x65, 0x6e, 0x74, 0x4c,
  0x69, 0x73, 0x74, 0x43, 0x6f, 0x6e, 0x74, 0x72, 0x6f, 0x6c, 0x6c, 0x65,
  0x72, 0x2e, 0x73, 0x70, 0x72, 0x78, 0x00, 0x6c, 0x69, 0x62, 0x53, 0x63,
  0x65, 0x4e, 0x65, 0x74, 0x2e, 0x73, 0x70, 0x72, 0x78, 0x00, 0x6c, 0x69,
  0x62, 0x53, 0x63, 0x65, 0x50, 0x73, 0x6d, 0x2e, 0x73, 0x70, 0x72, 0x78,
  0x00, 0x6c, 0x69, 0x62, 0x53, 0x63, 0x65, 0x53, 0x61, 0x76, 0x65, 0x44,
  0x61, 0x74, 0x61, 0x2e, 0x73, 0x70, 0x72, 0x78, 0x00, 0x6c, 0x69, 0x62,
  0x53, 0x63, 0x65, 0x56, 0x69, 0x64, 0x65, 0x6f, 0x53, 0x74, 0x72, 0x65,
  0x61, 0x6d, 0x69, 0x6e, 0x67, 0x45, 0x6e, 0x67, 0x69, 0x6e, 0x65, 0x5f,
  0x73, 0x79, 0x73, 0x2e, 0x73, 0x70, 0x72, 0x78, 0x00, 0x53, 0x53, 0x44,
  0x00, 0x46, 0x69, 0x74, 0x48, 0x65, 0x69, 0x67, 0x68, 0x74, 0x54, 0x6f,
  0x54, 0x65, 0x78, 0x74, 0x00, 0x41, 0x70, 0x70, 0x65, 0x6e, 0x64, 0x43,
  0x68, 0x69, 0x6c, 0x64, 0x00, 0x67, 0x65, 0x74, 0x61, 0x72, 0x67, 0x76,
  0x00, 0x3c, 0x31, 0x31, 0x38, 0x3e, 0x5b, 0x25, 0x73, 0x5d, 0x20, 0x25,
  0x73, 0x0a, 0x00, 0x2f, 0x73, 0x79, 0x73, 0x74, 0x65, 0x6d, 0x2f, 0x63,
  0x6f, 0x6d, 0x6d, 0x6f, 0x6e, 0x2f, 0x6c, 0x69, 0x62, 0x2f, 0x6c, 0x69,
  0x62, 0x53, 0x63, 0x65, 0x53, 0x79, 0x73, 0x6d, 0x6f, 0x64, 0x75, 0x6c,
  0x65, 0x2e, 0x73, 0x70, 0x72, 0x78, 0x00, 0x6c, 0x69, 0x62, 0x53, 0x63,
  0x65, 0x41, 0x75, 0x64, 0x69, 0x6f, 0x49, 0x6e, 0x2e, 0x73, 0x70, 0x72,
  0x78, 0x00, 0x6c, 0x69, 0x62, 0x53, 0x63, 0x65, 0x48, 0x69, 0x64, 0x43,
  0x6f, 0x6e, 0x74, 0x72, 0x6f, 0x6c, 0x2e, 0x73, 0x70, 0x72, 0x78, 0x00,
  0x6c, 0x69, 0x62, 0x53, 0x63, 0x65, 0x53, 0x79, 0x73, 0x43, 0x6f, 0x72,
  0x65, 0x2e, 0x73, 0x70, 0x72, 0x78, 0x00, 0x6c, 0x69, 0x62, 0x53, 0x63,
  0x65, 0x57, 0x65, 0x62, 0x6d, 0x50, 0x61, 0x72, 0x73, 0x65, 0x72, 0x4d,
  0x64, 0x72, 0x77, 0x2e, 0x73, 0x70, 0x72, 0x78, 0x00, 0x2f, 0x73, 0x79,
  0x73, 0x74, 0x65, 0x6d, 0x2f, 0x63, 0x6f, 0x6d, 0x6d, 0x6f, 0x6e, 0x2f,
  0x6c, 0x69, 0x62, 0x2f, 0x6c, 0x69, 0x62, 0x6d, 0x6f, 0x6e, 0x6f, 0x73,
  0x67, 0x65, 0x6e, 0x2d, 0x32, 0x2e, 0x30, 0x2e, 0x73, 0x70, 0x72, 0x78,
  0x00, 0x2d, 0x2d, 0x25, 0x00, 0x56, 0x69, 0x73, 0x69, 0x62, 0x6c, 0x65,
  0x00, 0x55, 0x6e, 0x61, 0x62, 0x6c, 0x65, 0x20, 0x74, 0x6f, 0x20, 0x69,
  0x6e, 0x69, 0x74, 0x69, 0x61, 0x6c, 0x69, 0x7a, 0x65, 0x20, 0x70, 0x61,
  0x74, 0x63, 0x68, 0x65, 0x73, 0x00, 0x73, 0x74, 0x72, 0x6e, 0x63, 0x6d,
  0x70, 0x00, 0x6c, 0x69, 0x62, 0x53, 0x63, 0x65, 0x49, 0x63, 0x75, 0x2e,
  0x73, 0x70, 0x72, 0x78, 0x00, 0x6c, 0x69, 0x62, 0x53, 0x63, 0x65, 0x4e,
  0x70, 0x47, 0x61, 0x6d, 0x65, 0x49, 0x6e, 0x74, 0x65, 0x6e, 0x74, 0x2e,
  0x73, 0x70, 0x72, 0x78, 0x00, 0x6c, 0x69, 0x62, 0x53, 0x63, 0x65, 0x56,
  0x6e, 0x61, 0x49, 0x6e, 0x74, 0x65, 0x72, 0x6e, 0x61, 0x6c, 0x2e, 0x73,
  0x70, 0x72, 0x78, 0x00, 0x6c, 0x69, 0x62, 0x70, 0x6e, 0x67, 0x31, 0x36,
  0x2e, 0x73, 0x70, 0x72, 0x78, 0x00, 0x62, 0x6f, 0x74, 0x74, 0x6f, 0x6d,
  0x2d, 0x72, 0x69, 0x67, 0x68, 0x74, 0x00, 0x69, 0x64, 0x5f, 0x72, 0x61,
  0x6d, 0x5f, 0x76, 0x61, 0x6c, 0x75, 0x65, 0x00, 0x46, 0x69, 0x74, 0x57,
  0x69, 0x64, 0x74, 0x68, 0x54, 0x6f, 0x54, 0x65, 0x78, 0x74, 0x00, 0x00,
  0x25, 0x73, 0x3a, 0x20, 0x4e, 0x6f, 0x74, 0x20, 0x61, 0x20, 0x73, 0x68,
  0x61, 0x72, 0x65, 0x64, 0x20, 0x6f, 0x62, 0x6a, 0x65, 0x63, 0x74, 0x0a,
  0x00, 0x73, 0x63, 0x65, 0x4b, 0x65, 0x72, 0x6e, 0x65, 0x6c, 0x53, 0x74,
  0x6f, 0x70, 0x55, 0x6e, 0x6c, 0x6f, 0x61, 0x64, 0x4d, 0x6f, 0x64, 0x75,
  0x6c, 0x65, 0x00, 0x6c, 0x69, 0x62, 0x53, 0x63, 0x65, 0x41, 0x70, 0x70,
  0x44, 0x62, 0x53, 0x68, 0x65, 0x6c, 0x6c, 0x43, 0x6f, 0x72, 0x65, 0x43,
  0x6c, 0x69, 0x65, 0x6e, 0x74, 0x2e, 0x73, 0x70, 0x72, 0x78, 0x00, 0x6c,
  0x69, 0x62, 0x53, 0x63, 0x65, 0x42, 0x61, 0x63, 0x6b, 0x75, 0x70, 0x52,
  0x65, 0x73, 0x74, 0x6f, 0x72, 0x65, 0x55, 0x74, 0x69, 0x6c, 0x2e, 0x73,
  0x70, 0x72, 0x78, 0x00, 0x6c, 0x69, 0x62, 0x53, 0x63, 0x65, 0x4d, 0x62,
  0x75, 0x73, 0x2e, 0x73, 0x70, 0x72, 0x78, 0x00, 0x6c, 0x69, 0x62, 0x53,
  0x63, 0x65, 0x53, 0x68, 0x61, 0x72, 0x65, 0x49, 0x6e, 0x74, 0x65, 0x72,
  0x6e, 0x61, 0x6c, 0x2e, 0x6e, 0x61, 0x74, 0x69, 0x76, 0x65, 0x2e, 0x73,
  0x70, 0x72, 0x78, 0x00, 0x6c, 0x69, 0x62, 0x53, 0x63, 0x65, 0x55, 0x73,
  0x65, 0x72, 0x53, 0x65, 0x72, 0x76, 0x69, 0x63, 0x65, 0x2e, 0x73, 0x70,
  0x72, 0x78, 0x00, 0x6c, 0x69, 0x62, 0x53, 0x63, 0x65, 0x56, 0x64, 0x65,
  0x63, 0x53, 0x61, 0x76, 0x63, 0x32, 0x2e, 0x6e, 0x61, 0x74, 0x69, 0x76,
  0x65, 0x2e, 0x73, 0x70, 0x72, 0x78, 0x00, 0x6c, 0x69, 0x62, 0x53, 0x63,
  0x65, 0x57, 0x65, 0x62, 0x4b, 0x69, 0x74, 0x32, 0x53, 0x65, 0x63, 0x75,
  0x72, 0x65, 0x2e, 0x73, 0x70, 0x72, 0x78, 0x00, 0x73, 0x6e, 0x70, 0x72,
  0x69, 0x6e, 0x74, 0x66, 0x00, 0x6d, 0x65, 0x6d, 0x63, 0x70, 0x79, 0x00,
  0x6c, 0x69, 0x62, 0x53, 0x63, 0x65, 0x52, 0x65, 0x67, 0x4d, 0x67, 0x72,
  0x2e, 0x73, 0x70, 0x72, 0x78, 0x00, 0x6c, 0x69, 0x62, 0x53, 0x63, 0x65,
  0x56, 0x6e, 0x61, 0x57, 0x65, 0x62, 0x73, 0x6f, 0x63, 0x6b, 0x65, 0x74,
  0x2e, 0x73, 0x70, 0x72, 0x78, 0x00, 0x6c, 0x69, 0x62, 0x53, 0x63, 0x65,
  0x56, 0x6f, 0x69, 0x63, 0x65, 0x43, 0x6f, 0x6d, 0x6d, 0x61, 0x6e, 0x64,
  0x2e, 0x73, 0x70, 0x72, 0x78, 0x00, 0x6d, 0x6f, 0x6e, 0x6f, 0x5f, 0x73,
  0x74, 0x72, 0x69, 0x6e, 0x67, 0x5f, 0x6e, 0x65, 0x77, 0x00, 0x55, 0x49,
  0x43, 0x6f, 0x6c, 0x6f, 0x72, 0x00, 0x2f, 0x73, 0x79, 0x73, 0x74, 0x65,
  0x6d, 0x5f, 0x65, 0x78, 0x2f, 0x63, 0x6f, 0x6d, 0x6d, 0x6f, 0x6e, 0x5f,
  0x65, 0x78, 0x2f, 0x6c, 0x69, 0x62, 0x2f, 0x25, 0x73, 0x00, 0x2f, 0x25,
  0x73, 0x2f, 0x63, 0x6f, 0x6d, 0x6d, 0x6f, 0x6e, 0x2f, 0x6c, 0x69, 0x62,
  0x2f, 0x25, 0x73, 0x00, 0x66, 0x72, 0x65, 0x65, 0x00, 0x6c, 0x69, 0x62,
  0x53, 0x63, 0x65, 0x41, 0x6a, 0x6d, 0x69, 0x2e, 0x73, 0x70, 0x72, 0x78,
  0x00, 0x6c, 0x69, 0x62, 0x53, 0x63, 0x65, 0x45, 0x6d, 0x62, 0x65, 0x64,
  0x64, 0x65, 0x64, 0x54, 0x74, 0x73, 0x2e, 0x73, 0x70, 0x72, 0x78, 0x00,
  0x6c, 0x69, 0x62, 0x53, 0x63, 0x65, 0x47, 0x70, 0x75, 0x54, 0x72, 0x61,
  0x63, 0x65, 0x2e, 0x73, 0x70, 0x72, 0x78, 0x00, 0x6c, 0x69, 0x62, 0x53,
  0x63, 0x65, 0x50, 0x6f, 0x73, 0x69, 0x78, 0x46, 0x6f, 0x72, 0x57, 0x65,
  0x62, 0x4b, 0x69, 0x74, 0x2e, 0x73, 0x70, 0x72, 0x78, 0x00, 0x6c, 0x69,
  0x62, 0x53, 0x63, 0x65, 0x53, 0x79, 0x73, 0x74, 0x65, 0x6d, 0x4c, 0x6f,
  0x67, 0x67, 0x65, 0x72, 0x32, 0x44, 0x65, 0x6c, 0x69, 0x76, 0x65, 0x72,
  0x79, 0x2e, 0x73, 0x70, 0x72, 0x78, 0x00, 0x73, 0x63, 0x65, 0x4b, 0x65,
  0x72, 0x6e, 0x65, 0x6c, 0x47, 0x65, 0x74, 0x53, 0x6f, 0x63, 0x53, 0x65,
  0x6e, 0x73, 0x6f, 0x72, 0x54, 0x65, 0x6d, 0x70, 0x65, 0x72, 0x61, 0x74,
  0x75, 0x72, 0x65, 0x00, 0x52, 0x6f, 0x6f, 0x74, 0x57, 0x69, 0x64, 0x67,
  0x65, 0x74, 0x00, 0x67, 0x65, 0x74, 0x61, 0x72, 0x67, 0x63, 0x00, 0x72,
  0x65, 0x61, 0x64, 0x00, 0x6c, 0x69, 0x62, 0x53, 0x63, 0x65, 0x41, 0x67,
  0x63, 0x56, 0x73, 0x68, 0x44, 0x65, 0x62, 0x75, 0x67, 0x2e, 0x73, 0x70,
  0x72, 0x78, 0x00, 0x6c, 0x69, 0x62, 0x53, 0x63, 0x65, 0x41, 0x6a, 0x6d,
  0x2e, 0x6e, 0x61, 0x74, 0x69, 0x76, 0x65, 0x2e, 0x73, 0x70, 0x72, 0x78,
  0x00, 0x6c, 0x69, 0x62, 0x53, 0x63, 0x65, 0x49, 0x64, 0x75, 0x2e, 0x73,
  0x70, 0x72, 0x78, 0x00, 0x6c, 0x69, 0x62, 0x53, 0x63, 0x65, 0x4e, 0x70,
  0x52, 0x65, 0x6d, 0x6f, 0x74, 0x65, 0x50, 0x6c, 0x61, 0x79, 0x53, 0x65,
  0x73, 0x73, 0x69, 0x6f, 0x6e, 0x53, 0x69, 0x67, 0x6e, 0x61, 0x6c, 0x69,
  0x6e, 0x67, 0x2e, 0x73, 0x70, 0x72, 0x78, 0x00, 0x6c, 0x69, 0x62, 0x53,
  0x63, 0x65, 0x4e, 0x70, 0x57, 0x65, 0x62, 0x41, 0x70, 0x69, 0x32, 0x2e,
  0x73, 0x70, 0x72, 0x78, 0x00, 0x6c, 0x69, 0x62, 0x53, 0x63, 0x65, 0x53,
  0x6f, 0x63, 0x69, 0x61, 0x6c, 0x53, 0x63, 0x72, 0x65, 0x65, 0x6e, 0x2e,
  0x73, 0x70, 0x72, 0x78, 0x00, 0x6c, 0x69, 0x62, 0x53, 0x63, 0x65, 0x53,
  0x73, 0x6c, 0x2e, 0x73, 0x70, 0x72, 0x78, 0x00, 0x6c, 0x69, 0x62, 0x53,
  0x63, 0x65, 0x53, 0x79, 0x73, 0x55, 0x74, 0x69, 0x6c, 0x2e, 0x73, 0x70,
  0x72, 0x78, 0x00, 0x6d, 0x6f, 0x6e, 0x6f, 0x5f, 0x63, 0x6c, 0x61, 0x73,
  0x73, 0x5f, 0x66, 0x72, 0x6f, 0x6d, 0x5f, 0x6e, 0x61, 0x6d, 0x65, 0x00,
  0x73, 0x6f, 0x63, 0x5f, 0x74, 0x65, 0x6d, 0x70, 0x00, 0x55, 0x49, 0x46,
  0x6f, 0x6e, 0x74, 0x00, 0x70, 0x69, 0x64, 0x3a, 0x25, 0x64, 0x00, 0x73,
  0x74, 0x72, 0x63, 0x70, 0x79, 0x00, 0x63, 0x6c, 0x6f, 0x73, 0x65, 0x00,
  0x6c, 0x69, 0x62, 0x53, 0x63, 0x65, 0x41, 0x67, 0x63, 0x52, 0x65, 0x73,
  0x6f, 0x75, 0x72, 0x63, 0x65, 0x52, 0x65, 0x67, 0x69, 0x73, 0x74, 0x72,
  0x61, 0x74, 0x69, 0x6f, 0x6e, 0x2e, 0x73, 0x70, 0x72, 0x78, 0x00, 0x6c,
  0x69, 0x62, 0x53, 0x63, 0x65, 0x44, 0x62, 0x67, 0x2e, 0x73, 0x70, 0x72,
  0x78, 0x00, 0x6c, 0x69, 0x62, 0x53, 0x63, 0x65, 0x47, 0x69, 0x66, 0x50,
  0x61, 0x72, 0x73, 0x65, 0x72, 0x2e, 0x73, 0x70, 0x72, 0x78, 0x00, 0x6c,
  0x69, 0x62, 0x53, 0x63, 0x65, 0x4a, 0x69, 0x74, 0x42, 0x72, 0x69, 0x64,
  0x67, 0x65, 0x2e, 0x73, 0x70, 0x72, 0x78, 0x00, 0x6c, 0x69, 0x62, 0x53,
  0x63, 0x65, 0x4c, 0x69, 0x62, 0x72, 0x65, 0x53, 0x73, 0x6c, 0x2e, 0x73,
  0x70, 0x72, 0x78, 0x00, 0x6c, 0x69, 0x62, 0x53, 0x63, 0x65, 0x4d, 0x61,
  0x72, 0x6c, 0x69, 0x6e, 0x2e, 0x73, 0x70, 0x72, 0x78, 0x00, 0x6c, 0x69,
  0x62, 0x53, 0x63, 0x65, 0x50, 0x6e, 0x67, 0x50, 0x61, 0x72, 0x73, 0x65,
  0x72, 0x2e, 0x73, 0x70, 0x72, 0x78, 0x00, 0x6c, 0x69, 0x62, 0x53, 0x63,
  0x65, 0x57, 0x65, 0x62, 0x2e, 0x73, 0x70, 0x72, 0x78, 0x00, 0x6c, 0x69,
  0x62, 0x63, 0x61, 0x69, 0x72, 0x6f, 0x2e, 0x73, 0x70, 0x72, 0x78, 0x00,
  0x67, 0x70, 0x75, 0x5f, 0x74, 0x65, 0x6d, 0x70, 0x00, 0x69, 0x64, 0x5f,
  0x72, 0x61, 0x6d, 0x5f, 0x6c, 0x61, 0x62, 0x65, 0x6c, 0x00, 0x52, 0x41,
  0x4d, 0x00, 0x2f, 0x73, 0x79, 0x73, 0x74, 0x65, 0x6d, 0x5f, 0x65, 0x78,
  0x2f, 0x70, 0x72, 0x69, 0x76, 0x5f, 0x65, 0x78, 0x2f, 0x6c, 0x69, 0x62,
  0x2f, 0x25, 0x73, 0x00, 0x73, 0x74, 0x72, 0x6c, 0x65, 0x6e, 0x00, 0x6c,
  0x69, 0x62, 0x53, 0x63, 0x65, 0x42, 0x67, 0x73, 0x53, 0x74, 0x6f, 0x72,
  0x61, 0x67, 0x65, 0x2e, 0x73, 0x70, 0x72, 0x78, 0x00, 0x6c, 0x69, 0x62,
  0x53, 0x63, 0x65, 0x43, 0x6f, 0x6d, 0x6d, 0x6f, 0x6e, 0x44, 0x69, 0x61,
  0x6c, 0x6f, 0x67, 0x2e, 0x73, 0x70, 0x72, 0x78, 0x00, 0x6c, 0x69, 0x62,
  0x53, 0x63, 0x65, 0x53, 0x79, 0x73, 0x74, 0x65, 0x6d, 0x54, 0x74, 0x73,
  0x2e, 0x73, 0x70, 0x72, 0x78, 0x00, 0x6d, 0x6f, 0x6e, 0x6f, 0x5f, 0x69,
  0x6d, 0x61, 0x67, 0x65, 0x5f, 0x6c, 0x6f, 0x61, 0x64, 0x65, 0x64, 0x00,
  0x74, 0x6f, 0x70, 0x2d, 0x72, 0x69, 0x67, 0x68, 0x74, 0x00, 0x4e, 0x61,
  0x6d, 0x65, 0x00, 0x2f, 0x25, 0x73, 0x2f, 0x70, 0x72, 0x69, 0x76, 0x2f,
  0x6c, 0x69, 0x62, 0x2f, 0x25, 0x73, 0x00, 0x6c, 0x69, 0x62, 0x53, 0x63,
  0x65, 0x41, 0x67, 0x63, 0x2e, 0x73, 0x70, 0x72, 0x78, 0x00, 0x6c, 0x69,
  0x62, 0x53, 0x63, 0x65, 0x41, 0x76, 0x53, 0x65, 0x74, 0x74, 0x69, 0x6e,
  0x67, 0x2e, 0x73, 0x70, 0x72, 0x78, 0x00, 0x6c, 0x69, 0x62, 0x53, 0x63,
  0x65, 0x52, 0x6e, 0x70, 0x73, 0x41, 0x70, 0x70, 0x4d, 0x67, 0x72, 0x2e,
  0x73, 0x70, 0x72, 0x78, 0x00, 0x6c, 0x69, 0x62, 0x53, 0x63, 0x65, 0x56,
  0x69, 0x73, 0x69, 0x6f, 0x6e, 0x4d, 0x61, 0x6e, 0x61, 0x67, 0x65, 0x72,
  0x2e, 0x73, 0x70, 0x72, 0x78, 0x00, 0x6d, 0x6f, 0x6e, 0x6f, 0x5f, 0x67,
  0x65, 0x74, 0x5f, 0x72, 0x6f, 0x6f, 0x74, 0x5f, 0x64, 0x6f, 0x6d, 0x61,
  0x69, 0x6e, 0x00, 0x6d, 0x6f, 0x6e, 0x6f, 0x5f, 0x70, 0x72, 0x6f, 0x70,
  0x65, 0x72, 0x74, 0x79, 0x5f, 0x67, 0x65, 0x74, 0x5f, 0x67, 0x65, 0x74,
  0x5f, 0x6d, 0x65, 0x74, 0x68, 0x6f, 0x64, 0x00, 0x0d, 0x0a, 0x00, 0x76,
  0x73, 0x6e, 0x70, 0x72, 0x69, 0x6e, 0x74, 0x66, 0x00, 0x6c, 0x69, 0x62,
  0x53, 0x63, 0x65, 0x41, 0x73, 0x79, 0x6e, 0x63, 0x53, 0x74, 0x6f, 0x72,
  0x61, 0x67, 0x65, 0x49, 0x6e, 0x74, 0x65, 0x72, 0x6e, 0x61, 0x6c, 0x2e,
  0x73, 0x70, 0x72, 0x78, 0x00, 0x6c, 0x69, 0x62, 0x53, 0x63, 0x65, 0x44,
  0x74, 0x73, 0x45, 0x6e, 0x63, 0x2e, 0x73, 0x70, 0x72, 0x78, 0x00, 0x6c,
  0x69, 0x62, 0x53, 0x63, 0x65, 0x4c, 0x69, 0x62, 0x72, 0x65, 0x53, 0x73,
  0x6c, 0x33, 0x2e, 0x73, 0x70, 0x72, 0x78, 0x00, 0x6c, 0x69, 0x62, 0x53,
  0x63, 0x65, 0x4f, 0x70, 0x75, 0x73, 0x43, 0x65, 0x6c, 0x74, 0x45, 0x6e,
  0x63, 0x2e, 0x73, 0x70, 0x72, 0x78, 0x00, 0x55, 0x6e, 0x61, 0x62, 0x6c,
  0x65, 0x20, 0x74, 0x6f, 0x20, 0x72, 0x65, 0x73, 0x6f, 0x6c, 0x76, 0x65,
  0x20, 0x27, 0x25, 0x73, 0x27, 0x0a, 0x00, 0x5f, 0x53, 0x74, 0x72, 0x65,
  0x72, 0x72, 0x6f, 0x72, 0x00, 0x6d, 0x65, 0x74, 0x72, 0x69, 0x63, 0x00,
  0x53, 0x63, 0x65, 0x6e, 0x65, 0x00, 0x69, 0x64, 0x5f, 0x73, 0x73, 0x64,
  0x5f, 0x74, 0x65, 0x6d, 0x70, 0x5f, 0x76, 0x61, 0x6c, 0x75, 0x65, 0x00,
  0x6d, 0x61, 0x6c, 0x6c, 0x6f, 0x63, 0x00, 0x6c, 0x69, 0x62, 0x53, 0x63,
  0x65, 0x47, 0x70, 0x75, 0x43, 0x61, 0x70, 0x74, 0x75, 0x72, 0x65, 0x2e,
  0x73, 0x70, 0x72, 0x78, 0x00, 0x6c, 0x69, 0x62, 0x53, 0x63, 0x65, 0x52,
  0x65, 0x6d, 0x6f, 0x74, 0x65, 0x50, 0x6c, 0x61, 0x79, 0x43, 0x6c, 0x69,
  0x65, 0x6e, 0x74, 0x49, 0x70, 0x63, 0x2e, 0x73, 0x70, 0x72, 0x78, 0x00,
  0x6c, 0x69, 0x62, 0x53, 0x63, 0x65, 0x56, 0x69, 0x64, 0x65, 0x6f, 0x4f,
  0x75, 0x74, 0x2e, 0x73, 0x70, 0x72, 0x78, 0x00, 0x55, 0x6e, 0x6b, 0x6e,
  0x6f, 0x77, 0x6e, 0x20, 0x6b, 0x65, 0x72, 0x6e, 0x65, 0x6c, 0x20, 0x49,
  0x2f, 0x4f, 0x20, 0x65, 0x72, 0x72, 0x6f, 0x72, 0x00, 0x6c, 0x69, 0x62,
  0x53, 0x63, 0x65, 0x41, 0x75, 0x64, 0x69, 0x6f, 0x64, 0x65, 0x63, 0x43,
  0x70, 0x75, 0x44, 0x74, 0x73, 0x48, 0x64, 0x4d, 0x61, 0x2e, 0x73, 0x70,
  0x72, 0x78, 0x00, 0x6c, 0x69, 0x62, 0x53, 0x63, 0x65, 0x49, 0x70, 0x6d,
  0x69, 0x2e, 0x73, 0x70, 0x72, 0x78, 0x00, 0x6c, 0x69, 0x62, 0x53, 0x63,
  0x65, 0x4d, 0x61, 0x74, 0x2e, 0x73, 0x70, 0x72, 0x78, 0x00, 0x6c, 0x69,
  0x62, 0x53, 0x63, 0x65, 0x53, 0x79, 0x73, 0x74, 0x65, 0x6d, 0x4c, 0x6f,
  0x67, 0x67, 0x65, 0x72, 0x32, 0x47, 0x61, 0x6d, 0x65, 0x2e, 0x73, 0x70,
  0x72, 0x78, 0x00, 0x2d, 0x2d, 0x43, 0x00, 0x59, 0x00, 0x2d, 0x2d, 0x25,
  0x25, 0x00, 0x3c, 0x31, 0x31, 0x38, 0x3e, 0x5b, 0x25, 0x73, 0x5d, 0x20,
  0x25, 0x73, 0x3a, 0x20, 0x25, 0x73, 0x0a, 0x00, 0x2f, 0x25, 0x73, 0x2f,
  0x63, 0x6f, 0x6d, 0x6d, 0x6f, 0x6e, 0x5f, 0x65, 0x78, 0x2f, 0x6c, 0x69,
  0x62, 0x2f, 0x25, 0x73, 0x00, 0x6c, 0x69, 0x62, 0x53, 0x63, 0x65, 0x4e,
  0x4b, 0x57, 0x65, 0x62, 0x2e, 0x73, 0x70, 0x72, 0x78, 0x00, 0x6c, 0x69,
  0x62, 0x53, 0x63, 0x65, 0x4e, 0x4b, 0x57, 0x65, 0x62, 0x4b, 0x69, 0x74,
  0x2e, 0x73, 0x70, 0x72, 0x78, 0x00, 0x6c, 0x69, 0x62, 0x53, 0x63, 0x65,
  0x4e, 0x65, 0x74, 0x43, 0x74, 0x6c, 0x2e, 0x73, 0x70, 0x72, 0x78, 0x00,
  0x6c, 0x69, 0x62, 0x53, 0x63, 0x65, 0x4e, 0x70, 0x53, 0x6e, 0x73, 0x2e,
  0x73, 0x70, 0x72, 0x78, 0x00, 0x6c, 0x69, 0x62, 0x53, 0x63, 0x65, 0x4f,
  0x70, 0x75, 0x73, 0x53, 0x69, 0x6c, 0x6b, 0x45, 0x6e, 0x63, 0x2e, 0x73,
  0x70, 0x72, 0x78, 0x00, 0x6c, 0x69, 0x62, 0x53, 0x63, 0x65, 0x52, 0x65,
  0x73, 0x6f, 0x75, 0x72, 0x63, 0x65, 0x41, 0x72, 0x62, 0x69, 0x74, 0x72,
  0x61, 0x74, 0x6f, 0x72, 0x2e, 0x73, 0x70, 0x72, 0x78, 0x00, 0x6c, 0x69,
  0x62, 0x53, 0x63, 0x65, 0x56, 0x64, 0x65, 0x63, 0x53, 0x68, 0x65, 0x76,
  0x63, 0x2e, 0x6e, 0x61, 0x74, 0x69, 0x76, 0x65, 0x2e, 0x73, 0x70, 0x72,
  0x78, 0x00, 0x6d, 0x6f, 0x6e, 0x6f, 0x5f, 0x63, 0x6c, 0x61, 0x73, 0x73,
  0x5f, 0x67, 0x65, 0x74, 0x5f, 0x70, 0x72, 0x6f, 0x70, 0x65, 0x72, 0x74,
  0x79, 0x5f, 0x66, 0x72, 0x6f, 0x6d, 0x5f, 0x6e, 0x61, 0x6d, 0x65, 0x00,
  0x6f, 0x76, 0x65, 0x72, 0x6c, 0x61, 0x79, 0x5f, 0x70, 0x6f, 0x73, 0x69,
  0x74, 0x69, 0x6f, 0x6e, 0x00, 0x53, 0x63, 0x65, 0x2e, 0x50, 0x6c, 0x61,
  0x79, 0x53, 0x74, 0x61, 0x74, 0x69, 0x6f, 0x6e, 0x2e, 0x50, 0x55, 0x49,
  0x2e, 0x55, 0x49, 0x32, 0x00, 0x69, 0x64, 0x5f, 0x73, 0x6f, 0x63, 0x5f,
  0x6c, 0x61, 0x62, 0x65, 0x6c, 0x00, 0x5f, 0x5f, 0x70, 0x72, 0x6f, 0x67,
  0x6e, 0x61, 0x6d, 0x65, 0x00, 0x6c, 0x69, 0x62, 0x53, 0x63, 0x65, 0x41,
  0x62, 0x73, 0x74, 0x72, 0x61, 0x63, 0x74, 0x54, 0x77, 0x69, 0x74, 0x74,
  0x65, 0x72, 0x2e, 0x73, 0x70, 0x72, 0x78, 0x00, 0x6c, 0x69, 0x62, 0x53,
  0x63, 0x65, 0x43, 0x6f, 0x6d, 0x70, 0x6f, 0x73, 0x69, 0x74, 0x65, 0x45,
  0x78, 0x74, 0x2e, 0x73, 0x70, 0x72, 0x78, 0x00, 0x6c, 0x69, 0x62, 0x53,
  0x63, 0x65, 0x4e, 0x70, 0x4d, 0x61, 0x6e, 0x61, 0x67, 0x65, 0x72, 0x2e,
  0x73, 0x70, 0x72, 0x78, 0x00, 0x6c, 0x69, 0x62, 0x53, 0x63, 0x65, 0x56,
  0x63, 0x6f, 0x64, 0x65, 0x63, 0x2e, 0x73, 0x70, 0x72, 0x78, 0x00, 0x69,
  0x64, 0x5f, 0x73, 0x6f, 0x63, 0x5f, 0x74, 0x65, 0x6d, 0x70, 0x5f, 0x76,
  0x61, 0x6c, 0x75, 0x65, 0x00, 0x5f, 0x5f, 0x65, 0x72, 0x72, 0x6f, 0x72,
  0x00, 0x2f, 0x25, 0x73, 0x2f, 0x70, 0x72, 0x69, 0x76, 0x5f, 0x65, 0x78,
  0x2f, 0x6c, 0x69, 0x62, 0x2f, 0x25, 0x73, 0x00, 0x6c, 0x69, 0x62, 0x6b,
  0x65, 0x72, 0x6e, 0x65, 0x6c, 0x5f, 0x77, 0x65, 0x62, 0x2e, 0x73, 0x70,
  0x72, 0x78, 0x00, 0x6c, 0x69, 0x62, 0x53, 0x63, 0x65, 0x41, 0x62, 0x73,
  0x74, 0x72, 0x61, 0x63, 0x74, 0x4c, 0x6f, 0x63, 0x61, 0x6c, 0x2e, 0x73,
  0x70, 0x72, 0x78, 0x00, 0x6c, 0x69, 0x62, 0x53, 0x63, 0x65, 0x4b, 0x62,
  0x45, 0x6d, 0x75, 0x6c, 0x61, 0x74, 0x65, 0x2e, 0x73, 0x70, 0x72, 0x78,
  0x00, 0x6c, 0x69, 0x62, 0x53, 0x63, 0x65, 0x4d, 0x65, 0x74, 0x61, 0x64,
  0x61, 0x74, 0x61, 0x52, 0x65, 0x61, 0x64, 0x65, 0x72, 0x57, 0x72, 0x69,
  0x74, 0x65, 0x72, 0x2e, 0x73, 0x70, 0x72, 0x78, 0x00, 0x6c, 0x69, 0x62,
  0x53, 0x63, 0x65, 0x52, 0x74, 0x63, 0x2e, 0x73, 0x70, 0x72, 0x78, 0x00,
  0x55, 0x6e, 0x73, 0x75, 0x70, 0x70, 0x6f, 0x72, 0x74, 0x65, 0x64, 0x20,
  0x70, 0x6c, 0x74, 0x20, 0x74, 0x79, 0x70, 0x65, 0x20, 0x25, 0x78, 0x0a,
  0x00, 0x6c, 0x69, 0x62, 0x6d, 0x6f, 0x6e, 0x6f, 0x73, 0x67, 0x65, 0x6e,
  0x2d, 0x32, 0x2e, 0x30, 0x2e, 0x73, 0x70, 0x72, 0x78, 0x00, 0x63, 0x70,
  0x75, 0x5f, 0x74, 0x65, 0x6d, 0x70, 0x00, 0x73, 0x73, 0x64, 0x5f, 0x74,
  0x65, 0x6d, 0x70, 0x00, 0x43, 0x50, 0x55, 0x00, 0x53, 0x6f, 0x43, 0x00,
  0x4c, 0x61, 0x62, 0x65, 0x6c, 0x00, 0x57, 0x69, 0x64, 0x67, 0x65, 0x74,
  0x00, 0x67, 0x65, 0x74, 0x70, 0x69, 0x64, 0x00, 0x2f, 0x73, 0x79, 0x73,
  0x74, 0x65, 0x6d, 0x2f, 0x63, 0x6f, 0x6d, 0x6d, 0x6f, 0x6e, 0x2f, 0x6c,
  0x69, 0x62, 0x2f, 0x25, 0x73, 0x00, 0x6c, 0x69, 0x62, 0x53, 0x63, 0x65,
  0x4c, 0x6f, 0x67, 0x69, 0x6e, 0x4d, 0x67, 0x72, 0x53, 0x65, 0x72, 0x76,
  0x65, 0x72, 0x2e, 0x73, 0x70, 0x72, 0x78, 0x00, 0x6c, 0x69, 0x62, 0x53,
  0x63, 0x65, 0x52, 0x61, 0x7a, 0x6f, 0x72, 0x43, 0x70, 0x75, 0x5f, 0x64,
  0x65, 0x62, 0x75, 0x67, 0x2e, 0x73, 0x70, 0x72, 0x78, 0x00, 0x6c, 0x69,
  0x62, 0x53, 0x63, 0x65, 0x53, 0x75, 0x6c, 0x70, 0x68, 0x61, 0x44, 0x72,
  0x76, 0x2e, 0x73, 0x70, 0x72, 0x78, 0x00, 0x6d, 0x6f, 0x6e, 0x6f, 0x5f,
  0x74, 0x68, 0x72, 0x65, 0x61, 0x64, 0x5f, 0x61, 0x74, 0x74, 0x61, 0x63,
  0x68, 0x00, 0x62, 0x6f, 0x74, 0x74, 0x6f, 0x6d, 0x20, 0x72, 0x69, 0x67,
  0x68, 0x74, 0x00, 0x55, 0x6e, 0x73, 0x75, 0x70, 0x70, 0x6f, 0x72, 0x74,
  0x65, 0x64, 0x20, 0x70, 0x6c, 0x74, 0x20, 0x72, 0x65, 0x6c, 0x6f, 0x63,
  0x61, 0x74, 0x69, 0x6f, 0x6e, 0x20, 0x74, 0x79, 0x70, 0x65, 0x20, 0x25,
  0x78, 0x0a, 0x00, 0x6c, 0x69, 0x62, 0x53, 0x63, 0x65, 0x43, 0x61, 0x6d,
  0x65, 0x72, 0x61, 0x2e, 0x73, 0x70, 0x72, 0x78, 0x00, 0x6c, 0x69, 0x62,
  0x53, 0x63, 0x65, 0x44, 0x61, 0x74, 0x61, 0x54, 0x72, 0x61, 0x6e, 0x73,
  0x66, 0x65, 0x72, 0x2e, 0x73, 0x70, 0x72, 0x78, 0x00, 0x6c, 0x69, 0x62,
  0x53, 0x63, 0x65, 0x4d, 0x65, 0x64, 0x69, 0x61, 0x46, 0x72, 0x61, 0x6d,
  0x65, 0x77, 0x6f, 0x72, 0x6b, 0x49, 0x6e, 0x74, 0x65, 0x72, 0x66, 0x61,
  0x63, 0x65, 0x2e, 0x73, 0x70, 0x72, 0x78, 0x00, 0x6c, 0x69, 0x62, 0x6b,
  0x65, 0x72, 0x6e, 0x65, 0x6c, 0x5f, 0x73, 0x79, 0x73, 0x2e, 0x73, 0x70,
  0x72, 0x78, 0x00, 0x72, 0x00, 0x54, 0x65, 0x78, 0x74, 0x43, 0x6f, 0x6c,
  0x6f, 0x72, 0x00, 0x2d, 0x2d, 0x00, 0x6c, 0x73, 0x65, 0x65, 0x6b, 0x00,
  0x6c, 0x69, 0x62, 0x53, 0x63, 0x65, 0x41, 0x67, 0x63, 0x44, 0x72, 0x69,
  0x76, 0x65, 0x72, 0x2e, 0x73, 0x70, 0x72, 0x78, 0x00, 0x6c, 0x69, 0x62,
  0x53, 0x63, 0x65, 0x42, 0x67, 0x66, 0x74, 0x2e, 0x73, 0x70, 0x72, 0x78,
  0x00, 0x6c, 0x69, 0x62, 0x53, 0x63, 0x65, 0x4e, 0x67, 0x73, 0x32, 0x2e,
  0x73, 0x70, 0x72, 0x78, 0x00, 0x6c, 0x69, 0x62, 0x53, 0x63, 0x65, 0x4f,
  0x70, 0x75, 0x73, 0x44, 0x65, 0x63, 0x2e, 0x73, 0x70, 0x72, 0x78, 0x00,
  0x6c, 0x69, 0x62, 0x53, 0x63, 0x65, 0x56, 0x64, 0x65, 0x63, 0x43, 0x6f,
  0x72, 0x65, 0x2e, 0x6e, 0x61, 0x74, 0x69, 0x76, 0x65, 0x2e, 0x73, 0x70,
  0x72, 0x78, 0x00, 0x2e, 0x63, 0x74, 0x6f, 0x72, 0x00, 0x54, 0x65, 0x78,
  0x74, 0x00, 0x55, 0x6e, 0x61, 0x62, 0x6c, 0x65, 0x20, 0x74, 0x6f, 0x20,
  0x69, 0x6e, 0x69, 0x74, 0x69, 0x61, 0x6c, 0x69, 0x7a, 0x65, 0x20, 0x72,
  0x74, 0x6c, 0x64, 0x00, 0x6c, 0x69, 0x62, 0x53, 0x63, 0x65, 0x41, 0x75,
  0x64, 0x69, 0x6f, 0x64, 0x65, 0x63, 0x43, 0x70, 0x75, 0x54, 0x72, 0x68,
  0x64, 0x2e, 0x73, 0x70, 0x72, 0x78, 0x00, 0x6c, 0x69, 0x62, 0x53, 0x63,
  0x65, 0x44, 0x69, 0x70, 0x73, 0x77, 0x2e, 0x73, 0x70, 0x72, 0x78, 0x00,
  0x6c, 0x69, 0x62, 0x53, 0x63, 0x65, 0x48, 0x74, 0x74, 0x70, 0x43, 0x61,
  0x63, 0x68, 0x65, 0x2e, 0x73, 0x70, 0x72, 0x78, 0x00, 0x6c, 0x69, 0x62,
  0x53, 0x63, 0x65, 0x4a, 0x70, 0x65, 0x67, 0x50, 0x61, 0x72, 0x73, 0x65,
  0x72, 0x2e, 0x73, 0x70, 0x72, 0x78, 0x00, 0x6c, 0x69, 0x62, 0x53, 0x63,
  0x65, 0x53, 0x79, 0x73, 0x74, 0x65, 0x6d, 0x53, 0x65, 0x72, 0x76, 0x69,
  0x63, 0x65, 0x2e, 0x73, 0x70, 0x72, 0x78, 0x00, 0x6d, 0x6f, 0x6e, 0x6f,
  0x5f, 0x6f, 0x62, 0x6a, 0x65, 0x63, 0x74, 0x5f, 0x75, 0x6e, 0x62, 0x6f,
  0x78, 0x00, 0x53, 0x63, 0x65, 0x2e, 0x50, 0x6c, 0x61, 0x79, 0x53, 0x74,
  0x61, 0x74, 0x69, 0x6f, 0x6e, 0x2e, 0x50, 0x55, 0x49, 0x00, 0x69, 0x64,
  0x5f, 0x66, 0x70, 0x73, 0x5f, 0x6c, 0x61, 0x62, 0x65, 0x6c, 0x00, 0x55,
  0x6e, 0x61, 0x62, 0x6c, 0x65, 0x20, 0x74, 0x6f, 0x20, 0x72, 0x65, 0x73,
  0x6f, 0x6c, 0x76, 0x65, 0x20, 0x74, 0x68, 0x65, 0x20, 0x73, 0x79, 0x6d,
  0x62, 0x6f, 0x6c, 0x20, 0x27, 0x5f, 0x5f, 0x69, 0x73, 0x74, 0x68, 0x72,
  0x65, 0x61, 0x64, 0x65, 0x64, 0x27, 0x00, 0x73, 0x74, 0x72, 0x63, 0x6d,
  0x70, 0x00, 0x6c, 0x69, 0x62, 0x53, 0x63, 0x65, 0x41, 0x75, 0x64, 0x69,
  0x6f, 0x53, 0x79, 0x73, 0x74, 0x65, 0x6d, 0x2e, 0x73, 0x70, 0x72, 0x78,
  0x00, 0x6c, 0x69, 0x62, 0x53, 0x63, 0x65, 0x45, 0x6d, 0x62, 0x65, 0x64,
  0x64, 0x65, 0x64, 0x54, 0x74, 0x73, 0x43, 0x6f, 0x72, 0x65, 0x47, 0x33,
  0x2e, 0x73, 0x70, 0x72, 0x78, 0x00, 0x6c, 0x69, 0x62, 0x53, 0x63, 0x65,
  0x53, 0x79, 0x73, 0x74, 0x65, 0x6d, 0x4c, 0x6f, 0x67, 0x67, 0x65, 0x72,
  0x32, 0x2e, 0x73, 0x70, 0x72, 0x78, 0x00, 0x73, 0x63, 0x65, 0x4b, 0x65,
  0x72, 0x6e, 0x65, 0x6c, 0x47, 0x65, 0x74, 0x43, 0x70, 0x75, 0x54, 0x65,
  0x6d, 0x70, 0x65, 0x72, 0x61, 0x74, 0x75, 0x72, 0x65, 0x00, 0x69, 0x64,
  0x5f, 0x63, 0x70, 0x75, 0x5f, 0x74, 0x65, 0x6d, 0x70, 0x5f, 0x76, 0x61,
  0x6c, 0x75, 0x65, 0x00, 0x73, 0x63, 0x65, 0x4b, 0x65, 0x72, 0x6e, 0x65,
  0x6c, 0x44, 0x6c, 0x73, 0x79, 0x6d, 0x00, 0x73, 0x74, 0x72, 0x63, 0x61,
  0x74, 0x00, 0x6c, 0x69, 0x62, 0x53, 0x63, 0x65, 0x4a, 0x65, 0x6d, 0x73,
  0x70, 0x61, 0x63, 0x65, 0x2e, 0x73, 0x70, 0x72, 0x78, 0x00, 0x6c, 0x69,
  0x62, 0x53, 0x63, 0x65, 0x4a, 0x73, 0x63, 0x2e, 0x73, 0x70, 0x72, 0x78,
  0x00, 0x6c, 0x69, 0x62, 0x53, 0x63, 0x65, 0x4e, 0x70, 0x54, 0x63, 0x73,
  0x2e, 0x73, 0x70, 0x72, 0x78, 0x00, 0x6d, 0x6f, 0x6e, 0x6f, 0x5f, 0x72,
  0x75, 0x6e, 0x74, 0x69, 0x6d, 0x65, 0x5f, 0x6f, 0x62, 0x6a, 0x65, 0x63,
  0x74, 0x5f, 0x69, 0x6e, 0x69, 0x74, 0x00, 0x62, 0x6f, 0x74, 0x74, 0x6f,
  0x6d, 0x20, 0x6c, 0x65, 0x66, 0x74, 0x00, 0x62, 0x6f, 0x74, 0x74, 0x6f,
  0x6d, 0x2d, 0x6c, 0x65, 0x66, 0x74, 0x00, 0x25, 0x2e, 0x31, 0x66, 0x00,
  0x65, 0x6e, 0x76, 0x69, 0x72, 0x6f, 0x6e, 0x00, 0x2f, 0x73, 0x79, 0x73,
  0x74, 0x65, 0x6d, 0x2f, 0x70, 0x72, 0x69, 0x76, 0x2f, 0x6c, 0x69, 0x62,
  0x2f, 0x25, 0x73, 0x00, 0x25, 0x73, 0x3a, 0x20, 0x75, 0x6e, 0x61, 0x62,
  0x6c, 0x65, 0x20, 0x74, 0x6f, 0x20, 0x72, 0x65, 0x73, 0x6f, 0x6c, 0x76,
  0x65, 0x20, 0x27, 0x25, 0x73, 0x27, 0x0a, 0x00, 0x73, 0x63, 0x65, 0x4b,
  0x65, 0x72, 0x6e, 0x65, 0x6c, 0x4c, 0x6f, 0x61, 0x64, 0x53, 0x74, 0x61,
  0x72, 0x74, 0x4d, 0x6f, 0x64, 0x75, 0x6c, 0x65, 0x00, 0x6c, 0x69, 0x62,
  0x6b, 0x65, 0x72, 0x6e, 0x65, 0x6c, 0x2e, 0x73, 0x70, 0x72, 0x78, 0x00,
  0x6c, 0x69, 0x62, 0x53, 0x63, 0x65, 0x41, 0x62, 0x73, 0x74, 0x72, 0x61,
  0x63, 0x74, 0x53, 0x74, 0x6f, 0x72, 0x61, 0x67, 0x65, 0x2e, 0x73, 0x70,
  0x72, 0x78, 0x00, 0x6c, 0x69, 0x62, 0x53, 0x63, 0x65, 0x41, 0x76, 0x63,
  0x61, 0x70, 0x32, 0x2e, 0x73, 0x70, 0x72, 0x78, 0x00, 0x6c, 0x69, 0x62,
  0x53, 0x63, 0x65, 0x48, 0x74, 0x74, 0x70, 0x2e, 0x73, 0x70, 0x72, 0x78,
  0x00, 0x6c, 0x69, 0x62, 0x53, 0x63, 0x65, 0x4a, 0x78, 0x72, 0x2e, 0x73,
  0x70, 0x72, 0x78, 0x00, 0x6c, 0x69, 0x62, 0x53, 0x63, 0x65, 0x54, 0x45,
  0x45, 0x43, 0x6c, 0x69, 0x65, 0x6e, 0x74, 0x2e, 0x73, 0x70, 0x72, 0x78,
  0x00, 0x6d, 0x6f, 0x6e, 0x6f, 0x5f, 0x6f, 0x62, 0x6a, 0x65, 0x63, 0x74,
  0x5f, 0x6e, 0x65, 0x77, 0x00, 0x2f, 0x64, 0x61, 0x74, 0x61, 0x2f, 0x66,
  0x61, 0x6e, 0x5f, 0x74, 0x61, 0x72, 0x67, 0x65, 0x74, 0x2f, 0x63, 0x6f,
  0x6e, 0x66, 0x69, 0x67, 0x2e, 0x69, 0x6e, 0x69, 0x00, 0x25, 0x64, 0x25,
  0x25, 0x00, 0x76, 0x6d, 0x2e, 0x73, 0x74, 0x61, 0x74, 0x73, 0x2e, 0x76,
  0x6d, 0x2e, 0x76, 0x5f, 0x66, 0x72, 0x65, 0x65, 0x5f, 0x63, 0x6f, 0x75,
  0x6e, 0x74, 0x00, 0x4c, 0x44, 0x5f, 0x4c, 0x49, 0x42, 0x52, 0x41, 0x52,
  0x59, 0x5f, 0x50, 0x41, 0x54, 0x48, 0x00, 0x6c, 0x69, 0x62, 0x53, 0x63,
  0x65, 0x4a, 0x78, 0x72, 0x50, 0x61, 0x72, 0x73, 0x65, 0x72, 0x2e, 0x73,
  0x70, 0x72, 0x78, 0x00, 0x6c, 0x69, 0x62, 0x53, 0x63, 0x65, 0x50, 0x61,
  0x64, 0x2e, 0x73, 0x70, 0x72, 0x78, 0x00, 0x6c, 0x69, 0x62, 0x53, 0x63,
  0x65, 0x53, 0x79, 0x73, 0x74, 0x65, 0x6d, 0x4c, 0x6f, 0x67, 0x67, 0x65,
  0x72, 0x32, 0x4e, 0x61, 0x74, 0x69, 0x76, 0x65, 0x51, 0x75, 0x65, 0x75,
  0x65, 0x43, 0x6c, 0x69, 0x65, 0x6e, 0x74, 0x2e, 0x73, 0x70, 0x72, 0x78,
  0x00, 0x6c, 0x69, 0x62, 0x63, 0x75, 0x72, 0x6c, 0x2e, 0x73, 0x70, 0x72,
  0x78, 0x00, 0x53, 0x63, 0x65, 0x2e, 0x50, 0x6c, 0x61, 0x79, 0x53, 0x74,
  0x61, 0x74, 0x69, 0x6f, 0x6e, 0x2e, 0x50, 0x55, 0x49, 0x2e, 0x64, 0x6c,
  0x6c, 0x00, 0x73, 0x63, 0x65, 0x53, 0x79, 0x73, 0x6d, 0x6f, 0x64, 0x75,
  0x6c, 0x65, 0x4c, 0x6f, 0x61, 0x64, 0x4d, 0x6f, 0x64, 0x75, 0x6c, 0x65,
  0x49, 0x6e, 0x74, 0x65, 0x72, 0x6e, 0x61, 0x6c, 0x00, 0x6c, 0x69, 0x62,
  0x53, 0x63, 0x65, 0x49, 0x6d, 0x61, 0x67, 0x65, 0x55, 0x74, 0x69, 0x6c,
  0x2e, 0x73, 0x70, 0x72, 0x78, 0x00, 0x6c, 0x69, 0x62, 0x69, 0x63, 0x75,
  0x2e, 0x73, 0x70, 0x72, 0x78, 0x00, 0x75, 0x6e, 0x61, 0x62, 0x6c, 0x65,
  0x20, 0x74, 0x6f, 0x20, 0x6c, 0x6f, 0x61, 0x64, 0x20, 0x27, 0x25, 0x73,
  0x27, 0x0a, 0x00, 0x2e, 0x73, 0x70, 0x72, 0x78, 0x00, 0x25, 0x73, 0x3a,
  0x20, 0x75, 0x6e, 0x61, 0x62, 0x6c, 0x65, 0x20, 0x74, 0x6f, 0x20, 0x6c,
  0x6f, 0x61, 0x64, 0x20, 0x27, 0x25, 0x73, 0x27, 0x0a, 0x00, 0x6c, 0x69,
  0x62, 0x53, 0x63, 0x65, 0x41, 0x75, 0x64, 0x69, 0x6f, 0x4f, 0x75, 0x74,
  0x2e, 0x73, 0x70, 0x72, 0x78, 0x00, 0x6c, 0x69, 0x62, 0x53, 0x63, 0x65,
  0x43, 0x6f, 0x6d, 0x70, 0x6f, 0x73, 0x69, 0x74, 0x65, 0x2e, 0x73, 0x70,
  0x72, 0x78, 0x00, 0x6c, 0x69, 0x62, 0x53, 0x63, 0x65, 0x47, 0x4c, 0x53,
  0x6c, 0x69, 0x6d, 0x56, 0x53, 0x48, 0x2e, 0x73, 0x70, 0x72, 0x78, 0x00,
  0x6c, 0x69, 0x62, 0x53, 0x63, 0x65, 0x4a, 0x73, 0x63, 0x43, 0x6f, 0x6d,
  0x70, 0x69, 0x6c, 0x65, 0x72, 0x2e, 0x73, 0x70, 0x72, 0x78, 0x00, 0x6c,
  0x69, 0x62, 0x53, 0x63, 0x65, 0x4e, 0x70, 0x43, 0x6f, 0x6d, 0x6d, 0x6f,
  0x6e, 0x2e, 0x73, 0x70, 0x72, 0x78, 0x00, 0x6c, 0x69, 0x62, 0x53, 0x63,
  0x65, 0x56, 0x69, 0x64, 0x65, 0x6f, 0x4f, 0x75, 0x74, 0x53, 0x65, 0x63,
  0x6f, 0x6e, 0x64, 0x61, 0x72, 0x79, 0x2e, 0x73, 0x70, 0x72, 0x78, 0x00,
  0x74, 0x6f, 0x70, 0x20, 0x72, 0x69, 0x67, 0x68, 0x74, 0x00, 0x69, 0x64,
  0x5f, 0x73, 0x73, 0x64, 0x5f, 0x6c, 0x61, 0x62, 0x65, 0x6c, 0x00, 0x76,
  0x6d, 0x2e, 0x73, 0x74, 0x61, 0x74, 0x73, 0x2e, 0x76, 0x6d, 0x2e, 0x76,
  0x5f, 0x77, 0x69, 0x72, 0x65, 0x5f, 0x63, 0x6f, 0x75, 0x6e, 0x74, 0x00,
  0x55, 0x6e, 0x73, 0x75, 0x70, 0x70, 0x6f, 0x72, 0x74, 0x65, 0x64, 0x20,
  0x72, 0x65, 0x6c, 0x6f, 0x63, 0x61, 0x74, 0x69, 0x6f, 0x6e, 0x20, 0x74,
  0x79, 0x70, 0x65, 0x20, 0x25, 0x78, 0x0a, 0x00, 0x6c, 0x69, 0x62, 0x53,
  0x63, 0x65, 0x41, 0x62, 0x73, 0x74, 0x72, 0x61, 0x63, 0x74, 0x54, 0x63,
  0x73, 0x2e, 0x73, 0x70, 0x72, 0x78, 0x00, 0x6c, 0x69, 0x62, 0x53, 0x63,
  0x65, 0x41, 0x70, 0x70, 0x43, 0x68, 0x65, 0x63, 0x6b, 0x65, 0x72, 0x2e,
  0x73, 0x70, 0x72, 0x78, 0x00, 0x6c, 0x69, 0x62, 0x53, 0x63, 0x65, 0x44,
  0x73, 0x65, 0x65, 0x68, 0x78, 0x2e, 0x73, 0x70, 0x72, 0x78, 0x00, 0x6c,
  0x69, 0x62, 0x53, 0x63, 0x65, 0x4f, 0x70, 0x75, 0x73, 0x43, 0x65, 0x6c,
  0x74, 0x44, 0x65, 0x63, 0x2e, 0x73, 0x70, 0x72, 0x78, 0x00, 0x6d, 0x6f,
  0x6e, 0x6f, 0x5f, 0x63, 0x6c, 0x61, 0x73, 0x73, 0x5f, 0x67, 0x65, 0x74,
  0x5f, 0x6d, 0x65, 0x74, 0x68, 0x6f, 0x64, 0x5f, 0x66, 0x72, 0x6f, 0x6d,
  0x5f, 0x6e, 0x61, 0x6d, 0x65, 0x00, 0x69, 0x64, 0x5f, 0x63, 0x70, 0x75,
  0x5f, 0x6c, 0x61, 0x62, 0x65, 0x6c, 0x00, 0x2d, 0x2d, 0x2d, 0x00, 0x65,
  0x78, 0x69, 0x74, 0x00, 0x3c, 0x31, 0x31, 0x38, 0x3e, 0x5b, 0x25, 0x73,
  0x5d, 0x20, 0x25, 0x73, 0x00, 0x73, 0x74, 0x72, 0x65, 0x72, 0x72, 0x6f,
  0x72, 0x00, 0x6c, 0x69, 0x62, 0x53, 0x63, 0x65, 0x41, 0x6d, 0x70, 0x72,
  0x2e, 0x73, 0x70, 0x72, 0x78, 0x00, 0x6c, 0x69, 0x62, 0x53, 0x63, 0x65,
  0x41, 0x75, 0x64, 0x69, 0x6f, 0x64, 0x65, 0x63, 0x43, 0x70, 0x75, 0x4c,
  0x70, 0x63, 0x6d, 0x2e, 0x73, 0x70, 0x72, 0x78, 0x00, 0x00, 0x00, 0x00,
  0x41, 0x42, 0x43, 0x44, 0x45, 0x46, 0x47, 0x48, 0x49, 0x4a, 0x4b, 0x4c,
  0x4d, 0x4e, 0x4f, 0x50, 0x51, 0x52, 0x53, 0x54, 0x55, 0x56, 0x57, 0x58,
  0x59, 0x5a, 0x61, 0x62, 0x63, 0x64, 0x65, 0x66, 0x67, 0x68, 0x69, 0x6a,
  0x6b, 0x6c, 0x6d, 0x6e, 0x6f, 0x70, 0x71, 0x72, 0x73, 0x74, 0x75, 0x76,
  0x77, 0x78, 0x79, 0x7a, 0x30, 0x31, 0x32, 0x33, 0x34, 0x35, 0x36, 0x37,
  0x38, 0x39, 0x2b, 0x2d, 0x00, 0x00, 0x00, 0x00, 0x00, 0x00, 0x00, 0x00,
  0x40, 0x00, 0x00, 0x00, 0x00, 0x00, 0x00, 0x00, 0x48, 0x00, 0x00, 0x00,
  0x00, 0x00, 0x00, 0x00, 0xbc, 0x00, 0x00, 0x00, 0x00, 0x00, 0x00, 0x00,
  0x00, 0x02, 0x00, 0x00, 0x00, 0x00, 0x00, 0x00, 0x04, 0x00, 0x00, 0x00,
  0x00, 0x00, 0x00, 0x00, 0x08, 0x00, 0x00, 0x00, 0x00, 0x00, 0x00, 0x00,
  0x0c, 0x00, 0x00, 0x00, 0x00, 0x00, 0x00, 0x00, 0x14, 0x00, 0x00, 0x00,
  0x00, 0x00, 0x00, 0x00, 0x18, 0x00, 0x00, 0x00, 0x00, 0x00, 0x00, 0x00,
  0x30, 0x00, 0x00, 0x00, 0x00, 0x00, 0x00, 0x00, 0x58, 0x00, 0x00, 0x00,
  0x00, 0x00, 0x00, 0x00, 0x60, 0x00, 0x00, 0x00, 0x00, 0x00, 0x00, 0x00,
  0x80, 0x00, 0x00, 0x00, 0x00, 0x00, 0x00, 0x00, 0x10, 0x00, 0x00, 0x00,
  0x00, 0x00, 0x00, 0x00, 0x18, 0x00, 0x00, 0x00, 0x00, 0x00, 0x00, 0x00,
  0x90, 0x8c, 0xff, 0xff, 0xbf, 0x8b, 0xff, 0xff, 0xd6, 0x8b, 0xff, 0xff,
  0xbf, 0x8b, 0xff, 0xff, 0xbf, 0x8b, 0xff, 0xff, 0x71, 0x8c, 0xff, 0xff,
  0x57, 0x8c, 0xff, 0xff, 0xbf, 0x8b, 0xff, 0xff, 0xbf, 0x8b, 0xff, 0xff,
  0xbf, 0x8b, 0xff, 0xff, 0xbf, 0x8b, 0xff, 0xff, 0xbf, 0x8b, 0xff, 0xff,
  0xbf, 0x8b, 0xff, 0xff, 0xbf, 0x8b, 0xff, 0xff, 0xbf, 0x8b, 0xff, 0xff,
  0xbf, 0x8b, 0xff, 0xff, 0xbf, 0x8b, 0xff, 0xff, 0xbf, 0x8b, 0xff, 0xff,
  0xbf, 0x8b, 0xff, 0xff, 0xbf, 0x8b, 0xff, 0xff, 0xbf, 0x8b, 0xff, 0xff,
  0xbf, 0x8b, 0xff, 0xff, 0xbf, 0x8b, 0xff, 0xff, 0x26, 0x8c, 0xff, 0xff,
  0xbf, 0x8b, 0xff, 0xff, 0xff, 0x8b, 0xff, 0xff, 0x3d, 0x8c, 0xff, 0xff,
  0x16, 0x8c, 0xff, 0xff, 0xb5, 0x8b, 0xff, 0xff, 0x4c, 0x8e, 0xff, 0xff,
  0xfb, 0x8f, 0xff, 0xff, 0xfb, 0x8f, 0xff, 0xff, 0xfb, 0x8f, 0xff, 0xff,
  0xfb, 0x8f, 0xff, 0xff, 0x2f, 0x8e, 0xff, 0xff, 0x2f, 0x8e, 0xff, 0xff,
  0x1c, 0x8f, 0xff, 0xff, 0xed, 0xa0, 0xff, 0xff, 0x5f, 0xa0, 0xff, 0xff,
  0x58, 0xa0, 0xff, 0xff, 0x5f, 0xa0, 0xff, 0xff, 0x5f, 0xa0, 0xff, 0xff,
  0x76, 0xa0, 0xff, 0xff, 0xaf, 0xa0, 0xff, 0xff, 0xc6, 0xa0, 0xff, 0xff,
  0xa6, 0xa0, 0xff, 0xff, 0x5f, 0xa0, 0xff, 0xff, 0x5f, 0xa0, 0xff, 0xff,
  0x5f, 0xa0, 0xff, 0xff, 0x5f, 0xa0, 0xff, 0xff, 0x5f, 0xa0, 0xff, 0xff,
  0x5f, 0xa0, 0xff, 0xff, 0x5f, 0xa0, 0xff, 0xff, 0x5f, 0xa0, 0xff, 0xff,
  0x5f, 0xa0, 0xff, 0xff, 0x5f, 0xa0, 0xff, 0xff, 0x5f, 0xa0, 0xff, 0xff,
  0x5f, 0xa0, 0xff, 0xff, 0x5f, 0xa0, 0xff, 0xff, 0x5f, 0xa0, 0xff, 0xff,
  0xd6, 0xa0, 0xff, 0xff, 0xcc, 0xa3, 0xff, 0xff, 0xae, 0xa4, 0xff, 0xff,
  0xae, 0xa4, 0xff, 0xff, 0xae, 0xa4, 0xff, 0xff, 0xae, 0xa4, 0xff, 0xff,
  0x60, 0xa3, 0xff, 0xff, 0x60, 0xa3, 0xff, 0xff, 0x4c, 0xa4, 0xff, 0xff,
  0x00, 0x00, 0x00, 0x00, 0x00, 0x00, 0x00, 0x00, 0x00, 0x00, 0x00, 0x00,
  0xff, 0xff, 0xff, 0xff, 0xff, 0xff, 0xff, 0xff, 0xff, 0xff, 0xff, 0xff,
  0xff, 0xff, 0xff, 0xff, 0x00, 0x00, 0x00, 0x00, 0x00, 0x00, 0x00, 0x00,
  0x00, 0x00, 0x00, 0x00, 0x00, 0x00, 0x00, 0x00, 0x00, 0x00, 0x00, 0x00,
  0x00, 0x00, 0x00, 0x00, 0x00, 0x00, 0x00, 0x00, 0x00, 0x00, 0x00, 0x00,
  0x00, 0x00, 0x00, 0x00, 0x00, 0x00, 0x00, 0x00, 0x00, 0x00, 0x00, 0x00,
  0x00, 0x00, 0x00, 0x00, 0x00, 0x00, 0x00, 0x00, 0x00, 0x00, 0x00, 0x00,
  0x00, 0x00, 0x00, 0x00, 0x00, 0x00, 0x00, 0x00, 0x00, 0x00, 0x00, 0x00,
  0x00, 0x00, 0x00, 0x00, 0x00, 0x00, 0x00, 0x00, 0x00, 0x00, 0x00, 0x00,
  0x00, 0x00, 0x00, 0x00, 0x00, 0x00, 0x00, 0x00, 0x00, 0x00, 0x00, 0x00,
  0x00, 0x00, 0x00, 0x00, 0x00, 0x00, 0x00, 0x00, 0x00, 0x00, 0x00, 0x00,
  0x00, 0x00, 0x00, 0x00, 0x00, 0x00, 0x00, 0x00, 0x00, 0x00, 0x00, 0x00,
  0x00, 0x00, 0x00, 0x00, 0x00, 0x00, 0x00, 0x00, 0x00, 0x00, 0x00, 0x00,
  0x00, 0x00, 0x00, 0x00, 0x00, 0x00, 0x00, 0x00, 0x00, 0x00, 0x00, 0x00,
  0x00, 0x00, 0x00, 0x00, 0x00, 0x00, 0x00, 0x00, 0x00, 0x00, 0x00, 0x00,
  0x00, 0x00, 0x00, 0x00, 0x00, 0x00, 0x00, 0x00, 0x00, 0x00, 0x00, 0x00,
  0x00, 0x00, 0x00, 0x00, 0x00, 0x00, 0x00, 0x00, 0x00, 0x00, 0x00, 0x00,
  0x00, 0x00, 0x00, 0x00, 0x00, 0x00, 0x00, 0x00, 0x00, 0x00, 0x00, 0x00,
  0x00, 0x00, 0x00, 0x00, 0x00, 0x00, 0x00, 0x00, 0x00, 0x00, 0x00, 0x00,
  0x00, 0x00, 0x00, 0x00, 0x00, 0x00, 0x00, 0x00, 0x00, 0x00, 0x00, 0x00,
  0x00, 0x00, 0x00, 0x00, 0x00, 0x00, 0x00, 0x00, 0x00, 0x00, 0x00, 0x00,
  0x00, 0x00, 0x00, 0x00, 0x00, 0x00, 0x00, 0x00, 0x00, 0x00, 0x00, 0x00,
  0x00, 0x00, 0x00, 0x00, 0x00, 0x00, 0x00, 0x00, 0x00, 0x00, 0x00, 0x00,
  0x00, 0x00, 0x00, 0x00, 0x00, 0x00, 0x00, 0x00, 0x00, 0x00, 0x00, 0x00,
  0x00, 0x00, 0x00, 0x00, 0x00, 0x00, 0x00, 0x00, 0x00, 0x00, 0x00, 0x00,
  0x00, 0x00, 0x00, 0x00, 0x00, 0x00, 0x00, 0x00, 0x00, 0x00, 0x00, 0x00,
  0x00, 0x00, 0x00, 0x00, 0x00, 0x00, 0x00, 0x00, 0x00, 0x00, 0x00, 0x00,
  0x00, 0x00, 0x00, 0x00, 0x00, 0x00, 0x00, 0x00, 0x00, 0x00, 0x00, 0x00,
  0x00, 0x00, 0x00, 0x00, 0x00, 0x00, 0x00, 0x00, 0x00, 0x00, 0x00, 0x00,
  0x00, 0x00, 0x00, 0x00, 0x00, 0x00, 0x00, 0x00, 0x00, 0x00, 0x00, 0x00,
  0x00, 0x00, 0x00, 0x00, 0x00, 0x00, 0x00, 0x00, 0x00, 0x00, 0x00, 0x00,
  0x00, 0x00, 0x00, 0x00, 0x00, 0x00, 0x00, 0x00, 0x00, 0x00, 0x00, 0x00,
  0x00, 0x00, 0x00, 0x00, 0x00, 0x00, 0x00, 0x00, 0x00, 0x00, 0x00, 0x00,
  0x00, 0x00, 0x00, 0x00, 0x00, 0x00, 0x00, 0x00, 0x00, 0x00, 0x00, 0x00,
  0x00, 0x00, 0x00, 0x00, 0x00, 0x00, 0x00, 0x00, 0x00, 0x00, 0x00, 0x00,
  0x00, 0x00, 0x00, 0x00, 0x00, 0x00, 0x00, 0x00, 0x00, 0x00, 0x00, 0x00,
  0x00, 0x00, 0x00, 0x00, 0x00, 0x00, 0x00, 0x00, 0x00, 0x00, 0x00, 0x00,
  0x00, 0x00, 0x00, 0x00, 0x00, 0x00, 0x00, 0x00, 0x00, 0x00, 0x00, 0x00,
  0x00, 0x00, 0x00, 0x00, 0x00, 0x00, 0x00, 0x00, 0x00, 0x00, 0x00, 0x00,
  0x00, 0x00, 0x00, 0x00, 0x00, 0x00, 0x00, 0x00, 0x00, 0x00, 0x00, 0x00,
  0x00, 0x00, 0x00, 0x00, 0x00, 0x00, 0x00, 0x00, 0x00, 0x00, 0x00, 0x00,
  0x00, 0x00, 0x00, 0x00, 0x00, 0x00, 0x00, 0x00, 0x00, 0x00, 0x00, 0x00,
  0x00, 0x00, 0x00, 0x00, 0x00, 0x00, 0x00, 0x00, 0x00, 0x00, 0x00, 0x00,
  0x00, 0x00, 0x00, 0x00, 0x00, 0x00, 0x00, 0x00, 0x00, 0x00, 0x00, 0x00,
  0x00, 0x00, 0x00, 0x00, 0x00, 0x00, 0x00, 0x00, 0x00, 0x00, 0x00, 0x00,
  0x00, 0x00, 0x00, 0x00, 0x00, 0x00, 0x00, 0x00, 0x00, 0x00, 0x00, 0x00,
  0x00, 0x00, 0x00, 0x00, 0x00, 0x00, 0x00, 0x00, 0x00, 0x00, 0x00, 0x00,
  0x00, 0x00, 0x00, 0x00, 0x00, 0x00, 0x00, 0x00, 0x00, 0x00, 0x00, 0x00,
  0x00, 0x00, 0x00, 0x00, 0x00, 0x00, 0x00, 0x00, 0x00, 0x00, 0x00, 0x00,
  0x00, 0x00, 0x00, 0x00, 0x00, 0x00, 0x00, 0x00, 0x00, 0x00, 0x00, 0x00,
  0x00, 0x00, 0x00, 0x00, 0x00, 0x00, 0x00, 0x00, 0x00, 0x00, 0x00, 0x00,
  0x00, 0x00, 0x00, 0x00, 0x00, 0x00, 0x00, 0x00, 0x00, 0x00, 0x00, 0x00,
  0x00, 0x00, 0x00, 0x00, 0x00, 0x00, 0x00, 0x00, 0x00, 0x00, 0x00, 0x00,
  0x00, 0x00, 0x00, 0x00, 0x00, 0x00, 0x00, 0x00, 0x00, 0x00, 0x00, 0x00,
  0x00, 0x00, 0x00, 0x00, 0x00, 0x00, 0x00, 0x00, 0x00, 0x00, 0x00, 0x00,
  0x00, 0x00, 0x00, 0x00, 0x00, 0x00, 0x00, 0x00, 0x00, 0x00, 0x00, 0x00,
  0x00, 0x00, 0x00, 0x00, 0x00, 0x00, 0x00, 0x00, 0x00, 0x00, 0x00, 0x00,
  0x00, 0x00, 0x00, 0x00, 0x00, 0x00, 0x00, 0x00, 0x00, 0x00, 0x00, 0x00,
  0x00, 0x00, 0x00, 0x00, 0x00, 0x00, 0x00, 0x00, 0x00, 0x00, 0x00, 0x00,
  0x00, 0x00, 0x00, 0x00, 0x00, 0x00, 0x00, 0x00, 0x00, 0x00, 0x00, 0x00,
  0x00, 0x00, 0x00, 0x00, 0x00, 0x00, 0x00, 0x00, 0x00, 0x00, 0x00, 0x00,
  0x00, 0x00, 0x00, 0x00, 0x00, 0x00, 0x00, 0x00, 0x00, 0x00, 0x00, 0x00,
  0x00, 0x00, 0x00, 0x00, 0x00, 0x00, 0x00, 0x00, 0x00, 0x00, 0x00, 0x00,
  0x00, 0x00, 0x00, 0x00, 0x00, 0x00, 0x00, 0x00, 0x00, 0x00, 0x00, 0x00,
  0x00, 0x00, 0x00, 0x00, 0x00, 0x00, 0x00, 0x00, 0x00, 0x00, 0x00, 0x00,
  0x00, 0x00, 0x00, 0x00, 0x00, 0x00, 0x00, 0x00, 0x00, 0x00, 0x00, 0x00,
  0x00, 0x00, 0x00, 0x00, 0x00, 0x00, 0x00, 0x00, 0x00, 0x00, 0x00, 0x00,
  0x00, 0x00, 0x00, 0x00, 0x00, 0x00, 0x00, 0x00, 0x00, 0x00, 0x00, 0x00,
  0x00, 0x00, 0x00, 0x00, 0x00, 0x00, 0x00, 0x00, 0x00, 0x00, 0x00, 0x00,
  0x00, 0x00, 0x00, 0x00, 0x00, 0x00, 0x00, 0x00, 0x00, 0x00, 0x00, 0x00,
  0x00, 0x00, 0x00, 0x00, 0x00, 0x00, 0x00, 0x00, 0x00, 0x00, 0x00, 0x00,
  0x00, 0x00, 0x00, 0x00, 0x00, 0x00, 0x00, 0x00, 0x00, 0x00, 0x00, 0x00,
  0x00, 0x00, 0x00, 0x00, 0x00, 0x00, 0x00, 0x00, 0x00, 0x00, 0x00, 0x00,
  0x00, 0x00, 0x00, 0x00, 0x00, 0x00, 0x00, 0x00, 0x00, 0x00, 0x00, 0x00,
  0x00, 0x00, 0x00, 0x00, 0x00, 0x00, 0x00, 0x00, 0x00, 0x00, 0x00, 0x00,
  0x00, 0x00, 0x00, 0x00, 0x00, 0x00, 0x00, 0x00, 0x00, 0x00, 0x00, 0x00,
  0x00, 0x00, 0x00, 0x00, 0x00, 0x00, 0x00, 0x00, 0x00, 0x00, 0x00, 0x00,
  0x00, 0x00, 0x00, 0x00, 0x00, 0x00, 0x00, 0x00, 0x00, 0x00, 0x00, 0x00,
  0x00, 0x00, 0x00, 0x00, 0x00, 0x00, 0x00, 0x00, 0x00, 0x00, 0x00, 0x00,
  0x00, 0x00, 0x00, 0x00, 0x00, 0x00, 0x00, 0x00, 0x00, 0x00, 0x00, 0x00,
  0x00, 0x00, 0x00, 0x00, 0x00, 0x00, 0x00, 0x00, 0x00, 0x00, 0x00, 0x00,
  0x00, 0x00, 0x00, 0x00, 0x00, 0x00, 0x00, 0x00, 0x00, 0x00, 0x00, 0x00,
  0x00, 0x00, 0x00, 0x00, 0x00, 0x00, 0x00, 0x00, 0x00, 0x00, 0x00, 0x00,
  0x00, 0x00, 0x00, 0x00, 0x00, 0x00, 0x00, 0x00, 0x00, 0x00, 0x00, 0x00,
  0x00, 0x00, 0x00, 0x00, 0x00, 0x00, 0x00, 0x00, 0x00, 0x00, 0x00, 0x00,
  0x00, 0x00, 0x00, 0x00, 0x00, 0x00, 0x00, 0x00, 0x00, 0x00, 0x00, 0x00,
  0x00, 0x00, 0x00, 0x00, 0x00, 0x00, 0x00, 0x00, 0x00, 0x00, 0x00, 0x00,
  0x00, 0x00, 0x00, 0x00, 0x00, 0x00, 0x00, 0x00, 0x00, 0x00, 0x00, 0x00,
  0x00, 0x00, 0x00, 0x00, 0x00, 0x00, 0x00, 0x00, 0x00, 0x00, 0x00, 0x00,
  0x00, 0x00, 0x00, 0x00, 0x00, 0x00, 0x00, 0x00, 0x00, 0x00, 0x00, 0x00,
  0x00, 0x00, 0x00, 0x00, 0x00, 0x00, 0x00, 0x00, 0x00, 0x00, 0x00, 0x00,
  0x00, 0x00, 0x00, 0x00, 0x00, 0x00, 0x00, 0x00, 0x00, 0x00, 0x00, 0x00,
  0x00, 0x00, 0x00, 0x00, 0x00, 0x00, 0x00, 0x00, 0x00, 0x00, 0x00, 0x00,
  0x00, 0x00, 0x00, 0x00, 0x00, 0x00, 0x00, 0x00, 0x00, 0x00, 0x00, 0x00,
  0x00, 0x00, 0x00, 0x00, 0x00, 0x00, 0x00, 0x00, 0x00, 0x00, 0x00, 0x00,
  0x00, 0x00, 0x00, 0x00, 0x00, 0x00, 0x00, 0x00, 0x00, 0x00, 0x00, 0x00,
  0x00, 0x00, 0x00, 0x00, 0x00, 0x00, 0x00, 0x00, 0x00, 0x00, 0x00, 0x00,
  0x00, 0x00, 0x00, 0x00, 0x00, 0x00, 0x00, 0x00, 0x00, 0x00, 0x00, 0x00,
  0x00, 0x00, 0x00, 0x00, 0x00, 0x00, 0x00, 0x00, 0x00, 0x00, 0x00, 0x00,
  0x00, 0x00, 0x00, 0x00, 0x00, 0x00, 0x00, 0x00, 0x00, 0x00, 0x00, 0x00,
  0x00, 0x00, 0x00, 0x00, 0x00, 0x00, 0x00, 0x00, 0x00, 0x00, 0x00, 0x00,
  0x00, 0x00, 0x00, 0x00, 0x00, 0x00, 0x00, 0x00, 0x00, 0x00, 0x00, 0x00,
  0x00, 0x00, 0x00, 0x00, 0x00, 0x00, 0x00, 0x00, 0x00, 0x00, 0x00, 0x00,
  0x00, 0x00, 0x00, 0x00, 0x00, 0x00, 0x00, 0x00, 0x00, 0x00, 0x00, 0x00,
  0x00, 0x00, 0x00, 0x00, 0x00, 0x00, 0x00, 0x00, 0x00, 0x00, 0x00, 0x00,
  0x00, 0x00, 0x00, 0x00, 0x00, 0x00, 0x00, 0x00, 0x00, 0x00, 0x00, 0x00,
  0x00, 0x00, 0x00, 0x00, 0x00, 0x00, 0x00, 0x00, 0x00, 0x00, 0x00, 0x00,
  0x00, 0x00, 0x00, 0x00, 0x00, 0x00, 0x00, 0x00, 0x00, 0x00, 0x00, 0x00,
  0x00, 0x00, 0x00, 0x00, 0x00, 0x00, 0x00, 0x00, 0x00, 0x00, 0x00, 0x00,
  0x00, 0x00, 0x00, 0x00, 0x00, 0x00, 0x00, 0x00, 0x00, 0x00, 0x00, 0x00,
  0x00, 0x00, 0x00, 0x00, 0x00, 0x00, 0x00, 0x00, 0x00, 0x00, 0x00, 0x00,
  0x00, 0x00, 0x00, 0x00, 0x00, 0x00, 0x00, 0x00, 0x00, 0x00, 0x00, 0x00,
  0x00, 0x00, 0x00, 0x00, 0x00, 0x00, 0x00, 0x00, 0x00, 0x00, 0x00, 0x00,
  0x00, 0x00, 0x00, 0x00, 0x00, 0x00, 0x00, 0x00, 0x00, 0x00, 0x00, 0x00,
  0x00, 0x00, 0x00, 0x00, 0x00, 0x00, 0x00, 0x00, 0x00, 0x00, 0x00, 0x00,
  0x00, 0x00, 0x00, 0x00, 0x00, 0x00, 0x00, 0x00, 0x00, 0x00, 0x00, 0x00,
  0x00, 0x00, 0x00, 0x00, 0x00, 0x00, 0x00, 0x00, 0x00, 0x00, 0x00, 0x00,
  0x00, 0x00, 0x00, 0x00, 0x00, 0x00, 0x00, 0x00, 0x00, 0x00, 0x00, 0x00,
  0x00, 0x00, 0x00, 0x00, 0x00, 0x00, 0x00, 0x00, 0x00, 0x00, 0x00, 0x00,
  0x00, 0x00, 0x00, 0x00, 0x00, 0x00, 0x00, 0x00, 0x00, 0x00, 0x00, 0x00,
  0x00, 0x00, 0x00, 0x00, 0x00, 0x00, 0x00, 0x00, 0x00, 0x00, 0x00, 0x00,
  0x00, 0x00, 0x00, 0x00, 0x00, 0x00, 0x00, 0x00, 0x00, 0x00, 0x00, 0x00,
  0x00, 0x00, 0x00, 0x00, 0x00, 0x00, 0x00, 0x00, 0x00, 0x00, 0x00, 0x00,
  0x00, 0x00, 0x00, 0x00, 0x00, 0x00, 0x00, 0x00, 0x00, 0x00, 0x00, 0x00,
  0x00, 0x00, 0x00, 0x00, 0x00, 0x00, 0x00, 0x00, 0x00, 0x00, 0x00, 0x00,
  0x00, 0x00, 0x00, 0x00, 0x00, 0x00, 0x00, 0x00, 0x00, 0x00, 0x00, 0x00,
  0x00, 0x00, 0x00, 0x00, 0x00, 0x00, 0x00, 0x00, 0x00, 0x00, 0x00, 0x00,
  0x00, 0x00, 0x00, 0x00, 0x00, 0x00, 0x00, 0x00, 0x00, 0x00, 0x00, 0x00,
  0x00, 0x00, 0x00, 0x00, 0x00, 0x00, 0x00, 0x00, 0x00, 0x00, 0x00, 0x00,
  0x00, 0x00, 0x00, 0x00, 0x00, 0x00, 0x00, 0x00, 0x00, 0x00, 0x00, 0x00,
  0x00, 0x00, 0x00, 0x00, 0x00, 0x00, 0x00, 0x00, 0x00, 0x00, 0x00, 0x00,
  0x00, 0x00, 0x00, 0x00, 0x00, 0x00, 0x00, 0x00, 0x00, 0x00, 0x00, 0x00,
  0x00, 0x00, 0x00, 0x00, 0x00, 0x00, 0x00, 0x00, 0x00, 0x00, 0x00, 0x00,
  0x00, 0x00, 0x00, 0x00, 0x00, 0x00, 0x00, 0x00, 0x00, 0x00, 0x00, 0x00,
  0x00, 0x00, 0x00, 0x00, 0x00, 0x00, 0x00, 0x00, 0x00, 0x00, 0x00, 0x00,
  0x00, 0x00, 0x00, 0x00, 0x00, 0x00, 0x00, 0x00, 0x00, 0x00, 0x00, 0x00,
  0x00, 0x00, 0x00, 0x00, 0x00, 0x00, 0x00, 0x00, 0x00, 0x00, 0x00, 0x00,
  0x00, 0x00, 0x00, 0x00, 0x00, 0x00, 0x00, 0x00, 0x00, 0x00, 0x00, 0x00,
  0x00, 0x00, 0x00, 0x00, 0x00, 0x00, 0x00, 0x00, 0x00, 0x00, 0x00, 0x00,
  0x00, 0x00, 0x00, 0x00, 0x00, 0x00, 0x00, 0x00, 0x00, 0x00, 0x00, 0x00,
  0x00, 0x00, 0x00, 0x00, 0x00, 0x00, 0x00, 0x00, 0x00, 0x00, 0x00, 0x00,
  0x00, 0x00, 0x00, 0x00, 0x00, 0x00, 0x00, 0x00, 0x00, 0x00, 0x00, 0x00,
  0x00, 0x00, 0x00, 0x00, 0x00, 0x00, 0x00, 0x00, 0x00, 0x00, 0x00, 0x00,
  0x00, 0x00, 0x00, 0x00, 0x00, 0x00, 0x00, 0x00, 0x00, 0x00, 0x00, 0x00,
  0x00, 0x00, 0x00, 0x00, 0x00, 0x00, 0x00, 0x00, 0x00, 0x00, 0x00, 0x00,
  0x00, 0x00, 0x00, 0x00, 0x00, 0x00, 0x00, 0x00, 0x00, 0x00, 0x00, 0x00,
  0x00, 0x00, 0x00, 0x00, 0x00, 0x00, 0x00, 0x00, 0x00, 0x00, 0x00, 0x00,
  0x00, 0x00, 0x00, 0x00, 0x00, 0x00, 0x00, 0x00, 0x00, 0x00, 0x00, 0x00,
  0x00, 0x00, 0x00, 0x00, 0x00, 0x00, 0x00, 0x00, 0x00, 0x00, 0x00, 0x00,
  0x00, 0x00, 0x00, 0x00, 0x00, 0x00, 0x00, 0x00, 0x00, 0x00, 0x00, 0x00,
  0x00, 0x00, 0x00, 0x00, 0x00, 0x00, 0x00, 0x00, 0x00, 0x00, 0x00, 0x00,
  0x00, 0x00, 0x00, 0x00, 0x00, 0x00, 0x00, 0x00, 0x00, 0x00, 0x00, 0x00,
  0x00, 0x00, 0x00, 0x00, 0x00, 0x00, 0x00, 0x00, 0x00, 0x00, 0x00, 0x00,
  0x00, 0x00, 0x00, 0x00, 0x00, 0x00, 0x00, 0x00, 0x00, 0x00, 0x00, 0x00,
  0x00, 0x00, 0x00, 0x00, 0x00, 0x00, 0x00, 0x00, 0x00, 0x00, 0x00, 0x00,
  0x00, 0x00, 0x00, 0x00, 0x00, 0x00, 0x00, 0x00, 0x00, 0x00, 0x00, 0x00,
  0x00, 0x00, 0x00, 0x00, 0x00, 0x00, 0x00, 0x00, 0x00, 0x00, 0x00, 0x00,
  0x00, 0x00, 0x00, 0x00, 0x00, 0x00, 0x00, 0x00, 0x00, 0x00, 0x00, 0x00,
  0x00, 0x00, 0x00, 0x00, 0x00, 0x00, 0x00, 0x00, 0x00, 0x00, 0x00, 0x00,
  0x00, 0x00, 0x00, 0x00, 0x00, 0x00, 0x00, 0x00, 0x00, 0x00, 0x00, 0x00,
  0x00, 0x00, 0x00, 0x00, 0x00, 0x00, 0x00, 0x00, 0x00, 0x00, 0x00, 0x00,
  0x00, 0x00, 0x00, 0x00, 0x00, 0x00, 0x00, 0x00, 0x00, 0x00, 0x00, 0x00,
  0x00, 0x00, 0x00, 0x00, 0x00, 0x00, 0x00, 0x00, 0x00, 0x00, 0x00, 0x00,
  0x00, 0x00, 0x00, 0x00, 0x00, 0x00, 0x00, 0x00, 0x00, 0x00, 0x00, 0x00,
  0x00, 0x00, 0x00, 0x00, 0x00, 0x00, 0x00, 0x00, 0x00, 0x00, 0x00, 0x00,
  0x00, 0x00, 0x00, 0x00, 0x00, 0x00, 0x00, 0x00, 0x00, 0x00, 0x00, 0x00,
  0x00, 0x00, 0x00, 0x00, 0x00, 0x00, 0x00, 0x00, 0x00, 0x00, 0x00, 0x00,
  0x00, 0x00, 0x00, 0x00, 0x00, 0x00, 0x00, 0x00, 0x00, 0x00, 0x00, 0x00,
  0x00, 0x00, 0x00, 0x00, 0x00, 0x00, 0x00, 0x00, 0x00, 0x00, 0x00, 0x00,
  0x00, 0x00, 0x00, 0x00, 0x00, 0x00, 0x00, 0x00, 0x00, 0x00, 0x00, 0x00,
  0x00, 0x00, 0x00, 0x00, 0x00, 0x00, 0x00, 0x00, 0x00, 0x00, 0x00, 0x00,
  0x00, 0x00, 0x00, 0x00, 0x00, 0x00, 0x00, 0x00, 0x00, 0x00, 0x00, 0x00,
  0x00, 0x00, 0x00, 0x00, 0x00, 0x00, 0x00, 0x00, 0x00, 0x00, 0x00, 0x00,
  0x00, 0x00, 0x00, 0x00, 0x00, 0x00, 0x00, 0x00, 0x00, 0x00, 0x00, 0x00,
  0x00, 0x00, 0x00, 0x00, 0x00, 0x00, 0x00, 0x00, 0x00, 0x00, 0x00, 0x00,
  0x00, 0x00, 0x00, 0x00, 0x00, 0x00, 0x00, 0x00, 0x00, 0x00, 0x00, 0x00,
  0x00, 0x00, 0x00, 0x00, 0x00, 0x00, 0x00, 0x00, 0x00, 0x00, 0x00, 0x00,
  0x00, 0x00, 0x00, 0x00, 0x00, 0x00, 0x00, 0x00, 0x00, 0x00, 0x00, 0x00,
  0x00, 0x00, 0x00, 0x00, 0x00, 0x00, 0x00, 0x00, 0x00, 0x00, 0x00, 0x00,
  0x00, 0x00, 0x00, 0x00, 0x00, 0x00, 0x00, 0x00, 0x00, 0x00, 0x00, 0x00,
  0x00, 0x00, 0x00, 0x00, 0x00, 0x00, 0x00, 0x00, 0x00, 0x00, 0x00, 0x00,
  0x00, 0x00, 0x00, 0x00, 0x00, 0x00, 0x00, 0x00, 0x00, 0x00, 0x00, 0x00,
  0x00, 0x00, 0x00, 0x00, 0x00, 0x00, 0x00, 0x00, 0x00, 0x00, 0x00, 0x00,
  0x00, 0x00, 0x00, 0x00, 0x00, 0x00, 0x00, 0x00, 0x00, 0x00, 0x00, 0x00,
  0x00, 0x00, 0x00, 0x00, 0x00, 0x00, 0x00, 0x00, 0x00, 0x00, 0x00, 0x00,
  0x00, 0x00, 0x00, 0x00, 0x00, 0x00, 0x00, 0x00, 0x00, 0x00, 0x00, 0x00,
  0x00, 0x00, 0x00, 0x00, 0x00, 0x00, 0x00, 0x00, 0x00, 0x00, 0x00, 0x00,
  0x00, 0x00, 0x00, 0x00, 0x00, 0x00, 0x00, 0x00, 0x00, 0x00, 0x00, 0x00,
  0x00, 0x00, 0x00, 0x00, 0x00, 0x00, 0x00, 0x00, 0x00, 0x00, 0x00, 0x00,
  0x00, 0x00, 0x00, 0x00, 0x00, 0x00, 0x00, 0x00, 0x00, 0x00, 0x00, 0x00,
  0x00, 0x00, 0x00, 0x00, 0x00, 0x00, 0x00, 0x00, 0x00, 0x00, 0x00, 0x00,
  0x00, 0x00, 0x00, 0x00, 0x00, 0x00, 0x00, 0x00, 0x00, 0x00, 0x00, 0x00,
  0x00, 0x00, 0x00, 0x00, 0x00, 0x00, 0x00, 0x00, 0x00, 0x00, 0x00, 0x00,
  0x00, 0x00, 0x00, 0x00, 0x00, 0x00, 0x00, 0x00, 0x00, 0x00, 0x00, 0x00,
  0x00, 0x00, 0x00, 0x00, 0x00, 0x00, 0x00, 0x00, 0x00, 0x00, 0x00, 0x00,
  0x00, 0x00, 0x00, 0x00, 0x00, 0x00, 0x00, 0x00, 0x00, 0x00, 0x00, 0x00,
  0x00, 0x00, 0x00, 0x00, 0x00, 0x00, 0x00, 0x00, 0x00, 0x00, 0x00, 0x00,
  0x00, 0x00, 0x00, 0x00, 0x00, 0x00, 0x00, 0x00, 0x00, 0x00, 0x00, 0x00,
  0x00, 0x00, 0x00, 0x00, 0x00, 0x00, 0x00, 0x00, 0x00, 0x00, 0x00, 0x00,
  0x00, 0x00, 0x00, 0x00, 0x00, 0x00, 0x00, 0x00, 0x00, 0x00, 0x00, 0x00,
  0x00, 0x00, 0x00, 0x00, 0x00, 0x00, 0x00, 0x00, 0x00, 0x00, 0x00, 0x00,
  0x00, 0x00, 0x00, 0x00, 0x00, 0x00, 0x00, 0x00, 0x00, 0x00, 0x00, 0x00,
  0x00, 0x00, 0x00, 0x00, 0x00, 0x00, 0x00, 0x00, 0x00, 0x00, 0x00, 0x00,
  0x00, 0x00, 0x00, 0x00, 0x00, 0x00, 0x00, 0x00, 0x00, 0x00, 0x00, 0x00,
  0x00, 0x00, 0x00, 0x00, 0x00, 0x00, 0x00, 0x00, 0x00, 0x00, 0x00, 0x00,
  0x00, 0x00, 0x00, 0x00, 0x00, 0x00, 0x00, 0x00, 0x00, 0x00, 0x00, 0x00,
  0x00, 0x00, 0x00, 0x00, 0x00, 0x00, 0x00, 0x00, 0x00, 0x00, 0x00, 0x00,
  0x00, 0x00, 0x00, 0x00, 0x00, 0x00, 0x00, 0x00, 0x00, 0x00, 0x00, 0x00,
  0x00, 0x00, 0x00, 0x00, 0x00, 0x00, 0x00, 0x00, 0x00, 0x00, 0x00, 0x00,
  0x00, 0x00, 0x00, 0x00, 0x00, 0x00, 0x00, 0x00, 0x00, 0x00, 0x00, 0x00,
  0x00, 0x00, 0x00, 0x00, 0x00, 0x00, 0x00, 0x00, 0x00, 0x00, 0x00, 0x00,
  0x00, 0x00, 0x00, 0x00, 0x00, 0x00, 0x00, 0x00, 0x00, 0x00, 0x00, 0x00,
  0x00, 0x00, 0x00, 0x00, 0x00, 0x00, 0x00, 0x00, 0x00, 0x00, 0x00, 0x00,
  0x00, 0x00, 0x00, 0x00, 0x00, 0x00, 0x00, 0x00, 0x00, 0x00, 0x00, 0x00,
  0x00, 0x00, 0x00, 0x00, 0x00, 0x00, 0x00, 0x00, 0x00, 0x00, 0x00, 0x00,
  0x00, 0x00, 0x00, 0x00, 0x00, 0x00, 0x00, 0x00, 0x00, 0x00, 0x00, 0x00,
  0x00, 0x00, 0x00, 0x00, 0x00, 0x00, 0x00, 0x00, 0x00, 0x00, 0x00, 0x00,
  0x00, 0x00, 0x00, 0x00, 0x00, 0x00, 0x00, 0x00, 0x00, 0x00, 0x00, 0x00,
  0x00, 0x00, 0x00, 0x00, 0x00, 0x00, 0x00, 0x00, 0x00, 0x00, 0x00, 0x00,
  0x00, 0x00, 0x00, 0x00, 0x00, 0x00, 0x00, 0x00, 0x00, 0x00, 0x00, 0x00,
  0x00, 0x00, 0x00, 0x00, 0x00, 0x00, 0x00, 0x00, 0x00, 0x00, 0x00, 0x00,
  0x00, 0x00, 0x00, 0x00, 0x00, 0x00, 0x00, 0x00, 0x00, 0x00, 0x00, 0x00,
  0x00, 0x00, 0x00, 0x00, 0x00, 0x00, 0x00, 0x00, 0x00, 0x00, 0x00, 0x00,
  0x00, 0x00, 0x00, 0x00, 0x00, 0x00, 0x00, 0x00, 0x00, 0x00, 0x00, 0x00,
  0x00, 0x00, 0x00, 0x00, 0x00, 0x00, 0x00, 0x00, 0x00, 0x00, 0x00, 0x00,
  0x00, 0x00, 0x00, 0x00, 0x00, 0x00, 0x00, 0x00, 0x00, 0x00, 0x00, 0x00,
  0x00, 0x00, 0x00, 0x00, 0x00, 0x00, 0x00, 0x00, 0x00, 0x00, 0x00, 0x00,
  0x00, 0x00, 0x00, 0x00, 0x00, 0x00, 0x00, 0x00, 0x00, 0x00, 0x00, 0x00,
  0x00, 0x00, 0x00, 0x00, 0x00, 0x00, 0x00, 0x00, 0x00, 0x00, 0x00, 0x00,
  0x00, 0x00, 0x00, 0x00, 0x00, 0x00, 0x00, 0x00, 0x00, 0x00, 0x00, 0x00,
  0x00, 0x00, 0x00, 0x00, 0x00, 0x00, 0x00, 0x00, 0x00, 0x00, 0x00, 0x00,
  0x00, 0x00, 0x00, 0x00, 0x00, 0x00, 0x00, 0x00, 0x01, 0x00, 0x00, 0x00,
  0x00, 0x00, 0x00, 0x00, 0xe2, 0x00, 0x00, 0x00, 0x00, 0x00, 0x00, 0x00,
  0x01, 0x00, 0x00, 0x00, 0x00, 0x00, 0x00, 0x00, 0xf5, 0x00, 0x00, 0x00,
  0x00, 0x00, 0x00, 0x00, 0x01, 0x00, 0x00, 0x00, 0x00, 0x00, 0x00, 0x00,
  0x0d, 0x01, 0x00, 0x00, 0x00, 0x00, 0x00, 0x00, 0xfb, 0xff, 0xff, 0x6f,
  0x00, 0x00, 0x00, 0x00, 0x00, 0x00, 0x00, 0x08, 0x00, 0x00, 0x00, 0x00,
  0x15, 0x00, 0x00, 0x00, 0x00, 0x00, 0x00, 0x00, 0x00, 0x00, 0x00, 0x00,
  0x00, 0x00, 0x00, 0x00, 0x07, 0x00, 0x00, 0x00, 0x00, 0x00, 0x00, 0x00,
  0xe0, 0xc4, 0x00, 0x00, 0x00, 0x00, 0x00, 0x00, 0x08, 0x00, 0x00, 0x00,
  0x00, 0x00, 0x00, 0x00, 0x00, 0x0f, 0x00, 0x00, 0x00, 0x00, 0x00, 0x00,
  0x09, 0x00, 0x00, 0x00, 0x00, 0x00, 0x00, 0x00, 0x18, 0x00, 0x00, 0x00,
  0x00, 0x00, 0x00, 0x00, 0xf9, 0xff, 0xff, 0x6f, 0x00, 0x00, 0x00, 0x00,
  0x8c, 0x00, 0x00, 0x00, 0x00, 0x00, 0x00, 0x00, 0x06, 0x00, 0x00, 0x00,
  0x00, 0x00, 0x00, 0x00, 0x90, 0xc1, 0x00, 0x00, 0x00, 0x00, 0x00, 0x00,
  0x0b, 0x00, 0x00, 0x00, 0x00, 0x00, 0x00, 0x00, 0x18, 0x00, 0x00, 0x00,
  0x00, 0x00, 0x00, 0x00, 0x05, 0x00, 0x00, 0x00, 0x00, 0x00, 0x00, 0x00,
  0xc0, 0xc3, 0x00, 0x00, 0x00, 0x00, 0x00, 0x00, 0x0a, 0x00, 0x00, 0x00,
  0x00, 0x00, 0x00, 0x00, 0x1c, 0x01, 0x00, 0x00, 0x00, 0x00, 0x00, 0x00,
  0xf5, 0xfe, 0xff, 0x6f, 0x00, 0x00, 0x00, 0x00, 0xa0, 0xc3, 0x00, 0x00,
  0x00, 0x00, 0x00, 0x00, 0x20, 0x00, 0x00, 0x00, 0x00, 0x00, 0x00, 0x00,
  0x00, 0x00, 0x00, 0x00, 0x00, 0x00, 0x00, 0x00, 0x21, 0x00, 0x00, 0x00,
  0x00, 0x00, 0x00, 0x00, 0x00, 0x00, 0x00, 0x00, 0x00, 0x00, 0x00, 0x00,
  0x19, 0x00, 0x00, 0x00, 0x00, 0x00, 0x00, 0x00, 0x40, 0xf5, 0x00, 0x00,
  0x00, 0x00, 0x00, 0x00, 0x1b, 0x00, 0x00, 0x00, 0x00, 0x00, 0x00, 0x00,
  0x00, 0x00, 0x00, 0x00, 0x00, 0x00, 0x00, 0x00, 0x1a, 0x00, 0x00, 0x00,
  0x00, 0x00, 0x00, 0x00, 0x40, 0xf5, 0x00, 0x00, 0x00, 0x00, 0x00, 0x00,
  0x1c, 0x00, 0x00, 0x00, 0x00, 0x00, 0x00, 0x00, 0x00, 0x00, 0x00, 0x00,
  0x00, 0x00, 0x00, 0x00, 0x00, 0x00, 0x00, 0x00, 0x00, 0x00, 0x00, 0x00,
  0x00, 0x00, 0x00, 0x00, 0x00, 0x00, 0x00, 0x00, 0x00, 0x00, 0x00, 0x00,
  0x00, 0x00, 0x00, 0x00, 0x00, 0x00, 0x00, 0x00, 0x00, 0x00, 0x00, 0x00,
  0x00, 0x00, 0x00, 0x00, 0x00, 0x00, 0x00, 0x00, 0x00, 0x00, 0x00, 0x00,
  0x00, 0x00, 0x00, 0x00, 0x00, 0x00, 0x00, 0x00, 0x00, 0x00, 0x00, 0x00,
  0x00, 0x00, 0x00, 0x00, 0x00, 0x00, 0x00, 0x00, 0x00, 0x00, 0x00, 0x00,
  0x00, 0x00, 0x00, 0x00, 0x00, 0x00, 0x00, 0x00, 0x00, 0x00, 0x00, 0x00,
  0x00, 0x00, 0x00, 0x00, 0x00, 0x00, 0x00, 0x00, 0x00, 0x00, 0x00, 0x00,
  0x00, 0x00, 0x00, 0x00, 0x00, 0x00, 0x00, 0x00, 0x00, 0x00, 0x00, 0x00,
  0x00, 0x00, 0x00, 0x00, 0x00, 0x00, 0x00, 0x00, 0x00, 0x00, 0x00, 0x00,
  0x00, 0x00, 0x00, 0x00, 0x00, 0x00, 0x00, 0x00, 0x00, 0x00, 0x00, 0x00,
  0x00, 0x00, 0x00, 0x00, 0x00, 0x00, 0x00, 0x00, 0x00, 0x00, 0x00, 0x00,
  0x00, 0x00, 0x00, 0x00, 0x00, 0x00, 0x00, 0x00, 0x00, 0x00, 0x00, 0x00,
  0x00, 0x00, 0x00, 0x00, 0x00, 0x00, 0x00, 0x00, 0x00, 0x00, 0x00, 0x00,
  0x00, 0x00, 0x00, 0x00, 0x00, 0x00, 0x00, 0x00, 0x00, 0x00, 0x00, 0x00,
  0x00, 0x00, 0x00, 0x00, 0x00, 0x00, 0x00, 0x00, 0x00, 0x00, 0x00, 0x00,
  0x00, 0x00, 0x00, 0x00, 0x00, 0x00, 0x00, 0x00, 0x00, 0x00, 0x00, 0x00,
  0x00, 0x00, 0x00, 0x00, 0x00, 0x00, 0x00, 0x00, 0x00, 0x00, 0x00, 0x00,
  0x00, 0x00, 0x00, 0x00, 0x00, 0x00, 0x00, 0x00, 0x00, 0x00, 0x00, 0x00,
  0x00, 0x00, 0x00, 0x00, 0x00, 0x00, 0x00, 0x00, 0x00, 0x00, 0x00, 0x00,
  0x00, 0x00, 0x00, 0x00, 0x00, 0x00, 0x00, 0x00, 0x00, 0x00, 0x00, 0x00,
  0x00, 0x00, 0x00, 0x00, 0x00, 0x00, 0x00, 0x00, 0x00, 0x00, 0x00, 0x00,
  0x00, 0x00, 0x00, 0x00, 0x00, 0x00, 0x00, 0x00, 0x00, 0x00, 0x00, 0x00,
  0x00, 0x00, 0x00, 0x00, 0x00, 0x00, 0x00, 0x00, 0x00, 0x00, 0x00, 0x00,
  0x00, 0x00, 0x00, 0x00, 0x00, 0x00, 0x00, 0x00, 0x00, 0x00, 0x00, 0x00,
  0x00, 0x00, 0x00, 0x00, 0x00, 0x00, 0x00, 0x00, 0x00, 0x00, 0x00, 0x00,
  0x00, 0x00, 0x00, 0x00, 0x00, 0x00, 0x00, 0x00, 0x00, 0x00, 0x00, 0x00,
  0x00, 0x00, 0x00, 0x00, 0x00, 0x00, 0x00, 0x00, 0x00, 0x00, 0x00, 0x00,
  0x00, 0x00, 0x00, 0x00, 0x00, 0x00, 0x00, 0x00, 0x00, 0x00, 0x00, 0x00,
  0x00, 0x00, 0x00, 0x00, 0x00, 0x00, 0x00, 0x00, 0x00, 0x00, 0x00, 0x00,
  0x00, 0x00, 0x00, 0x00, 0x00, 0x00, 0x00, 0x00, 0x00, 0x00, 0x00, 0x00,
  0x00, 0x00, 0x00, 0x00, 0x00, 0x00, 0x00, 0x00, 0x00, 0x00, 0x00, 0x00,
  0x00, 0x00, 0x00, 0x00, 0x00, 0x00, 0x00, 0x00, 0x00, 0x00, 0x00, 0x00,
  0x00, 0x00, 0x00, 0x00, 0x00, 0x00, 0x00, 0x00, 0x00, 0x00, 0x00, 0x00,
  0x00, 0x00, 0x00, 0x00, 0x00, 0x00, 0x00, 0x00, 0x00, 0x00, 0x00, 0x00,
  0x00, 0x00, 0x00, 0x00, 0x00, 0x00, 0x00, 0x00, 0x00, 0x00, 0x00, 0x00,
  0x00, 0x00, 0x00, 0x00, 0x00, 0x00, 0x00, 0x00, 0x00, 0x00, 0x00, 0x00,
  0x00, 0x00, 0x00, 0x00, 0x00, 0x00, 0x00, 0x00, 0x00, 0x00, 0x00, 0x00,
  0x00, 0x00, 0x00, 0x00, 0x00, 0x00, 0x00, 0x00, 0x00, 0x00, 0x00, 0x00,
  0x00, 0x00, 0x00, 0x00, 0x00, 0x00, 0x00, 0x00, 0x00, 0x00, 0x00, 0x00,
  0x00, 0x00, 0x00, 0x00, 0x00, 0x00, 0x00, 0x00, 0x00, 0x00, 0x00, 0x00,
  0x00, 0x00, 0x00, 0x00, 0x00, 0x00, 0x00, 0x00, 0x00, 0x00, 0x00, 0x00,
  0x00, 0x00, 0x00, 0x00, 0x00, 0x00, 0x00, 0x00, 0x00, 0x00, 0x00, 0x00,
  0x00, 0x00, 0x00, 0x00, 0x00, 0x00, 0x00, 0x00, 0x00, 0x00, 0x00, 0x00,
  0x00, 0x00, 0x00, 0x00, 0x00, 0x00, 0x00, 0x00, 0x00, 0x00, 0x00, 0x00,
  0x00, 0x00, 0x00, 0x00, 0x00, 0x00, 0x00, 0x00, 0x00, 0x00, 0x00, 0x00,
  0x00, 0x00, 0x00, 0x00, 0x00, 0x00, 0x00, 0x00, 0x00, 0x00, 0x00, 0x00,
  0x00, 0x00, 0x00, 0x00, 0x00, 0x00, 0x00, 0x00, 0x00, 0x00, 0x00, 0x00,
  0x00, 0x00, 0x00, 0x00, 0x00, 0x00, 0x00, 0x00, 0x00, 0x00, 0x00, 0x00,
  0x00, 0x00, 0x00, 0x00, 0x00, 0x00, 0x00, 0x00, 0x00, 0x00, 0x00, 0x00,
  0x00, 0x00, 0x00, 0x00, 0x00, 0x00, 0x00, 0x00, 0x00, 0x00, 0x00, 0x00,
  0x00, 0x00, 0x00, 0x00, 0x00, 0x00, 0x00, 0x00, 0x00, 0x00, 0x00, 0x00,
  0x00, 0x00, 0x00, 0x00, 0x00, 0x00, 0x00, 0x00, 0x00, 0x00, 0x00, 0x00,
  0x00, 0x00, 0x00, 0x00, 0x00, 0x00, 0x00, 0x00, 0x00, 0x00, 0x00, 0x00,
  0x00, 0x00, 0x00, 0x00, 0x00, 0x00, 0x00, 0x00, 0x00, 0x00, 0x00, 0x00,
  0x00, 0x00, 0x00, 0x00, 0x00, 0x00, 0x00, 0x00, 0x00, 0x00, 0x00, 0x00,
  0x00, 0x00, 0x00, 0x00, 0x00, 0x00, 0x00, 0x00, 0x00, 0x00, 0x00, 0x00,
  0x00, 0x00, 0x00, 0x00, 0x00, 0x00, 0x00, 0x00, 0x00, 0x00, 0x00, 0x00,
  0x00, 0x00, 0x00, 0x00, 0x00, 0x00, 0x00, 0x00, 0x00, 0x00, 0x00, 0x00,
  0x00, 0x00, 0x00, 0x00, 0x00, 0x00, 0x00, 0x00, 0x00, 0x00, 0x00, 0x00,
  0x00, 0x00, 0x00, 0x00, 0x00, 0x00, 0x00, 0x00, 0x00, 0x00, 0x00, 0x00,
  0x00, 0x00, 0x00, 0x00, 0x00, 0x00, 0x00, 0x00, 0x00, 0x00, 0x00, 0x00,
  0x00, 0x00, 0x00, 0x00, 0x00, 0x00, 0x00, 0x00, 0x00, 0x00, 0x00, 0x00,
  0x00, 0x00, 0x00, 0x00, 0x00, 0x00, 0x00, 0x00, 0x00, 0x00, 0x00, 0x00,
  0x00, 0x00, 0x00, 0x00, 0x00, 0x00, 0x00, 0x00, 0x00, 0x00, 0x00, 0x00,
  0x00, 0x00, 0x00, 0x00, 0x00, 0x00, 0x00, 0x00, 0x00, 0x00, 0x00, 0x00,
  0x00, 0x00, 0x00, 0x00, 0x00, 0x00, 0x00, 0x00, 0x00, 0x00, 0x00, 0x00,
  0x00, 0x00, 0x00, 0x00, 0x00, 0x00, 0x00, 0x00, 0x00, 0x00, 0x00, 0x00,
  0x00, 0x00, 0x00, 0x00, 0x00, 0x00, 0x00, 0x00, 0x00, 0x00, 0x00, 0x00,
  0x00, 0x00, 0x00, 0x00, 0x00, 0x00, 0x00, 0x00, 0x00, 0x00, 0x00, 0x00,
  0x00, 0x00, 0x00, 0x00, 0x00, 0x00, 0x00, 0x00, 0x00, 0x00, 0x00, 0x00,
  0x00, 0x00, 0x00, 0x00, 0x00, 0x00, 0x00, 0x00, 0x00, 0x00, 0x00, 0x00,
  0x00, 0x00, 0x00, 0x00, 0x00, 0x00, 0x00, 0x00, 0x00, 0x00, 0x00, 0x00,
  0x00, 0x00, 0x00, 0x00, 0x00, 0x00, 0x00, 0x00, 0x00, 0x00, 0x00, 0x00,
  0x00, 0x00, 0x00, 0x00, 0x00, 0x00, 0x00, 0x00, 0x00, 0x00, 0x00, 0x00,
  0x00, 0x00, 0x00, 0x00, 0x00, 0x00, 0x00, 0x00, 0x00, 0x00, 0x00, 0x00,
  0x00, 0x00, 0x00, 0x00, 0x00, 0x00, 0x00, 0x00, 0x00, 0x00, 0x00, 0x00,
  0x00, 0x00, 0x00, 0x00, 0x00, 0x00, 0x00, 0x00, 0x00, 0x00, 0x00, 0x00,
  0x00, 0x00, 0x00, 0x00, 0x00, 0x00, 0x00, 0x00, 0x00, 0x00, 0x00, 0x00,
  0x00, 0x00, 0x00, 0x00, 0x00, 0x00, 0x00, 0x00, 0x00, 0x00, 0x00, 0x00,
  0x00, 0x00, 0x00, 0x00, 0x00, 0x00, 0x00, 0x00, 0x00, 0x00, 0x00, 0x00,
  0x00, 0x00, 0x00, 0x00, 0x00, 0x00, 0x00, 0x00, 0x00, 0x00, 0x00, 0x00,
  0x00, 0x00, 0x00, 0x00, 0x00, 0x00, 0x00, 0x00, 0x00, 0x00, 0x00, 0x00,
  0x00, 0x00, 0x00, 0x00, 0x00, 0x00, 0x00, 0x00, 0x00, 0x00, 0x00, 0x00,
  0x00, 0x00, 0x00, 0x00, 0x00, 0x00, 0x00, 0x00, 0x00, 0x00, 0x00, 0x00,
  0x00, 0x00, 0x00, 0x00, 0x00, 0x00, 0x00, 0x00, 0x00, 0x00, 0x00, 0x00,
  0x00, 0x00, 0x00, 0x00, 0x00, 0x00, 0x00, 0x00, 0x00, 0x00, 0x00, 0x00,
  0x00, 0x00, 0x00, 0x00, 0x00, 0x00, 0x00, 0x00, 0x00, 0x00, 0x00, 0x00,
  0x00, 0x00, 0x00, 0x00, 0x00, 0x00, 0x00, 0x00, 0x00, 0x00, 0x00, 0x00,
  0x00, 0x00, 0x00, 0x00, 0x00, 0x00, 0x00, 0x00, 0x00, 0x00, 0x00, 0x00,
  0x00, 0x00, 0x00, 0x00, 0x00, 0x00, 0x00, 0x00, 0x00, 0x00, 0x00, 0x00,
  0x00, 0x00, 0x00, 0x00, 0x00, 0x00, 0x00, 0x00, 0x00, 0x00, 0x00, 0x00,
  0x00, 0x00, 0x00, 0x00, 0x00, 0x00, 0x00, 0x00, 0x00, 0x00, 0x00, 0x00,
  0x00, 0x00, 0x00, 0x00, 0x00, 0x00, 0x00, 0x00, 0x00, 0x00, 0x00, 0x00,
  0x00, 0x00, 0x00, 0x00, 0x00, 0x00, 0x00, 0x00, 0x00, 0x00, 0x00, 0x00,
  0x00, 0x00, 0x00, 0x00, 0x00, 0x00, 0x00, 0x00, 0x00, 0x00, 0x00, 0x00,
  0x00, 0x00, 0x00, 0x00, 0x00, 0x00, 0x00, 0x00, 0x00, 0x00, 0x00, 0x00,
  0x00, 0x00, 0x00, 0x00, 0x00, 0x00, 0x00, 0x00, 0x00, 0x00, 0x00, 0x00,
  0x00, 0x00, 0x00, 0x00, 0x00, 0x00, 0x00, 0x00, 0x00, 0x00, 0x00, 0x00,
  0x00, 0x00, 0x00, 0x00, 0x00, 0x00, 0x00, 0x00, 0x00, 0x00, 0x00, 0x00,
  0x00, 0x00, 0x00, 0x00, 0x00, 0x00, 0x00, 0x00, 0x00, 0x00, 0x00, 0x00,
  0x00, 0x00, 0x00, 0x00, 0x00, 0x00, 0x00, 0x00, 0x00, 0x00, 0x00, 0x00,
  0x00, 0x00, 0x00, 0x00, 0x00, 0x00, 0x00, 0x00, 0x00, 0x00, 0x00, 0x00,
  0x00, 0x00, 0x00, 0x00, 0x00, 0x00, 0x00, 0x00, 0x00, 0x00, 0x00, 0x00,
  0x00, 0x00, 0x00, 0x00, 0x00, 0x00, 0x00, 0x00, 0x00, 0x00, 0x00, 0x00,
  0x00, 0x00, 0x00, 0x00, 0x00, 0x00, 0x00, 0x00, 0x00, 0x00, 0x00, 0x00,
  0x00, 0x00, 0x00, 0x00, 0x00, 0x00, 0x00, 0x00, 0x00, 0x00, 0x00, 0x00,
  0x00, 0x00, 0x00, 0x00, 0x00, 0x00, 0x00, 0x00, 0x00, 0x00, 0x00, 0x00,
  0x00, 0x00, 0x00, 0x00, 0x00, 0x00, 0x00, 0x00, 0x00, 0x00, 0x00, 0x00,
  0x00, 0x00, 0x00, 0x00, 0x00, 0x00, 0x00, 0x00, 0x00, 0x00, 0x00, 0x00,
  0x00, 0x00, 0x00, 0x00, 0x00, 0x00, 0x00, 0x00, 0x00, 0x00, 0x00, 0x00,
  0x00, 0x00, 0x00, 0x00, 0x00, 0x00, 0x00, 0x00, 0x00, 0x00, 0x00, 0x00,
  0x00, 0x00, 0x00, 0x00, 0x00, 0x00, 0x00, 0x00, 0x00, 0x00, 0x00, 0x00,
  0x00, 0x00, 0x00, 0x00, 0x00, 0x00, 0x00, 0x00, 0x00, 0x00, 0x00, 0x00,
  0x00, 0x00, 0x00, 0x00, 0x00, 0x00, 0x00, 0x00, 0x00, 0x00, 0x00, 0x00,
  0x00, 0x00, 0x00, 0x00, 0x00, 0x00, 0x00, 0x00, 0x00, 0x00, 0x00, 0x00,
  0x00, 0x00, 0x00, 0x00, 0x00, 0x00, 0x00, 0x00, 0x00, 0x00, 0x00, 0x00,
  0x00, 0x00, 0x00, 0x00, 0x00, 0x00, 0x00, 0x00, 0x00, 0x00, 0x00, 0x00,
  0x00, 0x00, 0x00, 0x00, 0x00, 0x00, 0x00, 0x00, 0x00, 0x00, 0x00, 0x00,
  0x00, 0x00, 0x00, 0x00, 0x00, 0x00, 0x00, 0x00, 0x00, 0x00, 0x00, 0x00,
  0x00, 0x00, 0x00, 0x00, 0x00, 0x00, 0x00, 0x00, 0x00, 0x00, 0x00, 0x00,
  0x00, 0x00, 0x00, 0x00, 0x00, 0x00, 0x00, 0x00, 0x00, 0x00, 0x00, 0x00,
  0x00, 0x00, 0x00, 0x00, 0x00, 0x00, 0x00, 0x00, 0x00, 0x00, 0x00, 0x00,
  0x00, 0x00, 0x00, 0x00, 0x00, 0x00, 0x00, 0x00, 0x00, 0x00, 0x00, 0x00,
  0x00, 0x00, 0x00, 0x00, 0x00, 0x00, 0x00, 0x00, 0x00, 0x00, 0x00, 0x00,
  0x00, 0x00, 0x00, 0x00, 0x00, 0x00, 0x00, 0x00, 0x00, 0x00, 0x00, 0x00,
  0x00, 0x00, 0x00, 0x00, 0x00, 0x00, 0x00, 0x00, 0x00, 0x00, 0x00, 0x00,
  0x00, 0x00, 0x00, 0x00, 0x00, 0x00, 0x00, 0x00, 0x00, 0x00, 0x00, 0x00,
  0x00, 0x00, 0x00, 0x00, 0x00, 0x00, 0x00, 0x00, 0x00, 0x00, 0x00, 0x00,
  0x00, 0x00, 0x00, 0x00, 0x00, 0x00, 0x00, 0x00, 0x00, 0x00, 0x00, 0x00,
  0x00, 0x00, 0x00, 0x00, 0x00, 0x00, 0x00, 0x00, 0x00, 0x00, 0x00, 0x00,
  0x00, 0x00, 0x00, 0x00, 0x00, 0x00, 0x00, 0x00, 0x00, 0x00, 0x00, 0x00,
  0x00, 0x00, 0x00, 0x00, 0x00, 0x00, 0x00, 0x00, 0x00, 0x00, 0x00, 0x00,
  0x00, 0x00, 0x00, 0x00, 0x00, 0x00, 0x00, 0x00, 0x00, 0x00, 0x00, 0x00,
  0x00, 0x00, 0x00, 0x00, 0x00, 0x00, 0x00, 0x00, 0x00, 0x00, 0x00, 0x00,
  0x00, 0x00, 0x00, 0x00, 0x00, 0x00, 0x00, 0x00, 0x00, 0x00, 0x00, 0x00,
  0x00, 0x00, 0x00, 0x00, 0x00, 0x00, 0x00, 0x00, 0x00, 0x00, 0x00, 0x00,
  0x00, 0x00, 0x00, 0x00, 0x00, 0x00, 0x00, 0x00, 0x00, 0x00, 0x00, 0x00,
  0x00, 0x00, 0x00, 0x00, 0x00, 0x00, 0x00, 0x00, 0x00, 0x00, 0x00, 0x00,
  0x00, 0x00, 0x00, 0x00, 0x00, 0x00, 0x00, 0x00, 0x00, 0x00, 0x00, 0x00,
  0x00, 0x00, 0x00, 0x00, 0x00, 0x00, 0x00, 0x00, 0x00, 0x00, 0x00, 0x00,
  0x00, 0x00, 0x00, 0x00, 0x00, 0x00, 0x00, 0x00, 0x00, 0x00, 0x00, 0x00,
  0x00, 0x00, 0x00, 0x00, 0x00, 0x00, 0x00, 0x00, 0x00, 0x00, 0x00, 0x00,
  0x00, 0x00, 0x00, 0x00, 0x00, 0x00, 0x00, 0x00, 0x00, 0x00, 0x00, 0x00,
  0x00, 0x00, 0x00, 0x00, 0x00, 0x00, 0x00, 0x00, 0x00, 0x00, 0x00, 0x00,
  0x00, 0x00, 0x00, 0x00, 0x00, 0x00, 0x00, 0x00, 0x00, 0x00, 0x00, 0x00,
  0x00, 0x00, 0x00, 0x00, 0x00, 0x00, 0x00, 0x00, 0x00, 0x00, 0x00, 0x00,
  0x00, 0x00, 0x00, 0x00, 0x00, 0x00, 0x00, 0x00, 0x00, 0x00, 0x00, 0x00,
  0x00, 0x00, 0x00, 0x00, 0x00, 0x00, 0x00, 0x00, 0x00, 0x00, 0x00, 0x00,
  0x00, 0x00, 0x00, 0x00, 0x00, 0x00, 0x00, 0x00, 0x00, 0x00, 0x00, 0x00,
  0x00, 0x00, 0x00, 0x00, 0x00, 0x00, 0x00, 0x00, 0x00, 0x00, 0x00, 0x00,
  0x00, 0x00, 0x00, 0x00, 0x00, 0x00, 0x00, 0x00, 0x00, 0x00, 0x00, 0x00,
  0x00, 0x00, 0x00, 0x00, 0x00, 0x00, 0x00, 0x00, 0x00, 0x00, 0x00, 0x00,
  0x00, 0x00, 0x00, 0x00, 0x00, 0x00, 0x00, 0x00, 0x00, 0x00, 0x00, 0x00,
  0x00, 0x00, 0x00, 0x00, 0x00, 0x00, 0x00, 0x00, 0x00, 0x00, 0x00, 0x00,
  0x00, 0x00, 0x00, 0x00, 0x00, 0x00, 0x00, 0x00, 0x00, 0x00, 0x00, 0x00,
  0x00, 0x00, 0x00, 0x00, 0x00, 0x00, 0x00, 0x00, 0x00, 0x00, 0x00, 0x00,
  0x00, 0x00, 0x00, 0x00, 0x00, 0x00, 0x00, 0x00, 0x00, 0x00, 0x00, 0x00,
  0x00, 0x00, 0x00, 0x00, 0x00, 0x00, 0x00, 0x00, 0x00, 0x00, 0x00, 0x00,
  0x00, 0x00, 0x00, 0x00, 0x00, 0x00, 0x00, 0x00, 0x00, 0x00, 0x00, 0x00,
  0x00, 0x00, 0x00, 0x00, 0x00, 0x00, 0x00, 0x00, 0x00, 0x00, 0x00, 0x00,
  0x00, 0x00, 0x00, 0x00, 0x00, 0x00, 0x00, 0x00, 0x00, 0x00, 0x00, 0x00,
  0x00, 0x00, 0x00, 0x00, 0x00, 0x00, 0x00, 0x00, 0x00, 0x00, 0x00, 0x00,
  0x00, 0x00, 0x00, 0x00, 0x00, 0x00, 0x00, 0x00, 0x00, 0x00, 0x00, 0x00,
  0x00, 0x00, 0x00, 0x00, 0x00, 0x00, 0x00, 0x00, 0x00, 0x00, 0x00, 0x00,
  0x00, 0x00, 0x00, 0x00, 0x00, 0x00, 0x00, 0x00, 0x00, 0x00, 0x00, 0x00,
  0x00, 0x00, 0x00, 0x00, 0x00, 0x00, 0x00, 0x00, 0x00, 0x00, 0x00, 0x00,
  0x00, 0x00, 0x00, 0x00, 0x00, 0x00, 0x00, 0x00, 0x00, 0x00, 0x00, 0x00,
  0x00, 0x00, 0x00, 0x00, 0x00, 0x00, 0x00, 0x00, 0x00, 0x00, 0x00, 0x00,
  0x00, 0x00, 0x00, 0x00, 0x00, 0x00, 0x00, 0x00, 0x00, 0x00, 0x00, 0x00,
  0x00, 0x00, 0x00, 0x00, 0x00, 0x00, 0x00, 0x00, 0x00, 0x00, 0x00, 0x00,
  0x00, 0x00, 0x00, 0x00, 0x00, 0x00, 0x00, 0x00, 0x00, 0x00, 0x00, 0x00,
  0x00, 0x00, 0x00, 0x00, 0x00, 0x00, 0x00, 0x00, 0x00, 0x00, 0x00, 0x00,
  0x00, 0x00, 0x00, 0x00, 0x00, 0x00, 0x00, 0x00, 0x00, 0x00, 0x00, 0x00,
  0x00, 0x00, 0x00, 0x00, 0x00, 0x00, 0x00, 0x00, 0x00, 0x00, 0x00, 0x00,
  0x00, 0x00, 0x00, 0x00, 0x00, 0x00, 0x00, 0x00, 0x00, 0x00, 0x00, 0x00,
  0x00, 0x00, 0x00, 0x00, 0x00, 0x00, 0x00, 0x00, 0x00, 0x00, 0x00, 0x00,
  0x00, 0x00, 0x00, 0x00, 0x00, 0x00, 0x00, 0x00, 0x00, 0x00, 0x00, 0x00,
  0x00, 0x00, 0x00, 0x00, 0x00, 0x00, 0x00, 0x00, 0x00, 0x00, 0x00, 0x00,
  0x00, 0x00, 0x00, 0x00, 0x00, 0x00, 0x00, 0x00, 0x00, 0x00, 0x00, 0x00,
  0x00, 0x00, 0x00, 0x00, 0x00, 0x00, 0x00, 0x00, 0x00, 0x00, 0x00, 0x00,
  0x00, 0x00, 0x00, 0x00, 0x00, 0x00, 0x00, 0x00, 0x00, 0x00, 0x00, 0x00,
  0x00, 0x00, 0x00, 0x00, 0x00, 0x00, 0x00, 0x00, 0x00, 0x00, 0x00, 0x00,
  0x00, 0x00, 0x00, 0x00, 0x00, 0x00, 0x00, 0x00, 0x00, 0x00, 0x00, 0x00,
  0x00, 0x00, 0x00, 0x00, 0x00, 0x00, 0x00, 0x00, 0x00, 0x00, 0x00, 0x00,
  0x00, 0x00, 0x00, 0x00, 0x00, 0x00, 0x00, 0x00, 0x00, 0x00, 0x00, 0x00,
  0x00, 0x00, 0x00, 0x00, 0x00, 0x00, 0x00, 0x00, 0x00, 0x00, 0x00, 0x00,
  0x00, 0x00, 0x00, 0x00, 0x00, 0x00, 0x00, 0x00, 0x00, 0x00, 0x00, 0x00,
  0x00, 0x00, 0x00, 0x00, 0x00, 0x00, 0x00, 0x00, 0x00, 0x00, 0x00, 0x00,
  0x00, 0x00, 0x00, 0x00, 0x00, 0x00, 0x00, 0x00, 0x00, 0x00, 0x00, 0x00,
  0x00, 0x00, 0x00, 0x00, 0x00, 0x00, 0x00, 0x00, 0x00, 0x00, 0x00, 0x00,
  0x00, 0x00, 0x00, 0x00, 0x00, 0x00, 0x00, 0x00, 0x00, 0x00, 0x00, 0x00,
  0x00, 0x00, 0x00, 0x00, 0x00, 0x00, 0x00, 0x00, 0x00, 0x00, 0x00, 0x00,
  0x00, 0x00, 0x00, 0x00, 0x00, 0x00, 0x00, 0x00, 0x00, 0x00, 0x00, 0x00,
  0x00, 0x00, 0x00, 0x00, 0x00, 0x00, 0x00, 0x00, 0x00, 0x00, 0x00, 0x00,
  0x00, 0x00, 0x00, 0x00, 0x00, 0x00, 0x00, 0x00, 0x00, 0x00, 0x00, 0x00,
  0x00, 0x00, 0x00, 0x00, 0x00, 0x00, 0x00, 0x00, 0x00, 0x00, 0x00, 0x00,
  0x00, 0x00, 0x00, 0x00, 0x00, 0x00, 0x00, 0x00, 0x00, 0x00, 0x00, 0x00,
  0x00, 0x00, 0x00, 0x00, 0x00, 0x00, 0x00, 0x00, 0x00, 0x00, 0x00, 0x00,
  0x00, 0x00, 0x00, 0x00, 0x00, 0x00, 0x00, 0x00, 0x00, 0x00, 0x00, 0x00,
  0x00, 0x00, 0x00, 0x00, 0x00, 0x00, 0x00, 0x00, 0x00, 0x00, 0x00, 0x00,
  0x00, 0x00, 0x00, 0x00, 0x00, 0x00, 0x00, 0x00, 0x00, 0x00, 0x00, 0x00,
  0x00, 0x00, 0x00, 0x00, 0x00, 0x00, 0x00, 0x00, 0x00, 0x00, 0x00, 0x00,
  0x00, 0x00, 0x00, 0x00, 0x00, 0x00, 0x00, 0x00, 0x00, 0x00, 0x00, 0x00,
  0x00, 0x00, 0x00, 0x00, 0x00, 0x00, 0x00, 0x00, 0x00, 0x00, 0x00, 0x00,
  0x00, 0x00, 0x00, 0x00, 0x00, 0x00, 0x00, 0x00, 0x00, 0x00, 0x00, 0x00,
  0x00, 0x00, 0x00, 0x00, 0x00, 0x00, 0x00, 0x00, 0x00, 0x00, 0x00, 0x00,
  0x00, 0x00, 0x00, 0x00, 0x00, 0x00, 0x00, 0x00, 0x00, 0x00, 0x00, 0x00,
  0x00, 0x00, 0x00, 0x00, 0x00, 0x00, 0x00, 0x00, 0x00, 0x00, 0x00, 0x00,
  0x00, 0x00, 0x00, 0x00, 0x00, 0x00, 0x00, 0x00, 0x00, 0x00, 0x00, 0x00,
  0x00, 0x00, 0x00, 0x00, 0x00, 0x00, 0x00, 0x00, 0x00, 0x00, 0x00, 0x00,
  0x00, 0x00, 0x00, 0x00, 0x00, 0x00, 0x00, 0x00, 0x00, 0x00, 0x00, 0x00,
  0x00, 0x00, 0x00, 0x00, 0x00, 0x00, 0x00, 0x00, 0x00, 0x00, 0x00, 0x00,
  0x00, 0x00, 0x00, 0x00, 0x00, 0x00, 0x00, 0x00, 0x00, 0x00, 0x00, 0x00,
  0x00, 0x00, 0x00, 0x00, 0x00, 0x00, 0x00, 0x00, 0x00, 0x00, 0x00, 0x00,
  0x00, 0x00, 0x00, 0x00, 0x00, 0x00, 0x00, 0x00, 0x00, 0x00, 0x00, 0x00,
  0x00, 0x00, 0x00, 0x00, 0x00, 0x00, 0x00, 0x00, 0x00, 0x00, 0x00, 0x00,
  0x00, 0x00, 0x00, 0x00, 0x00, 0x00, 0x00, 0x00, 0x00, 0x00, 0x00, 0x00,
  0x00, 0x00, 0x00, 0x00, 0x00, 0x00, 0x00, 0x00, 0x00, 0x00, 0x00, 0x00,
  0x00, 0x00, 0x00, 0x00, 0x00, 0x00, 0x00, 0x00, 0x00, 0x00, 0x00, 0x00,
  0x00, 0x00, 0x00, 0x00, 0x00, 0x00, 0x00, 0x00, 0x00, 0x00, 0x00, 0x00,
  0x00, 0x00, 0x00, 0x00, 0x00, 0x00, 0x00, 0x00, 0x00, 0x00, 0x00, 0x00,
  0x00, 0x00, 0x00, 0x00, 0x00, 0x00, 0x00, 0x00, 0x00, 0x00, 0x00, 0x00,
  0x00, 0x00, 0x00, 0x00, 0x00, 0x00, 0x00, 0x00, 0x00, 0x00, 0x00, 0x00,
  0x00, 0x00, 0x00, 0x00, 0x00, 0x00, 0x00, 0x00, 0x00, 0x00, 0x00, 0x00,
  0x00, 0x00, 0x00, 0x00, 0x00, 0x00, 0x00, 0x00, 0x00, 0x00, 0x00, 0x00,
  0x00, 0x00, 0x00, 0x00, 0x00, 0x00, 0x00, 0x00, 0x00, 0x00, 0x00, 0x00,
  0x00, 0x00, 0x00, 0x00, 0x00, 0x00, 0x00, 0x00, 0x00, 0x00, 0x00, 0x00,
  0x00, 0x00, 0x00, 0x00, 0x00, 0x00, 0x00, 0x00, 0x00, 0x00, 0x00, 0x00,
  0x00, 0x00, 0x00, 0x00, 0x00, 0x00, 0x00, 0x00, 0x00, 0x00, 0x00, 0x00,
  0x00, 0x00, 0x00, 0x00, 0x00, 0x00, 0x00, 0x00, 0x00, 0x00, 0x00, 0x00,
  0x00, 0x00, 0x00, 0x00, 0x00, 0x00, 0x00, 0x00, 0x00, 0x00, 0x00, 0x00,
  0x00, 0x00, 0x00, 0x00, 0x00, 0x00, 0x00, 0x00, 0x00, 0x00, 0x00, 0x00,
  0x00, 0x00, 0x00, 0x00, 0x00, 0x00, 0x00, 0x00, 0x00, 0x00, 0x00, 0x00,
  0x00, 0x00, 0x00, 0x00, 0x00, 0x00, 0x00, 0x00, 0x00, 0x00, 0x00, 0x00,
  0x00, 0x00, 0x00, 0x00, 0x00, 0x00, 0x00, 0x00, 0x00, 0x00, 0x00, 0x00,
  0x00, 0x00, 0x00, 0x00, 0x00, 0x00, 0x00, 0x00, 0x00, 0x00, 0x00, 0x00,
  0x00, 0x00, 0x00, 0x00, 0x00, 0x00, 0x00, 0x00, 0x00, 0x00, 0x00, 0x00,
  0x00, 0x00, 0x00, 0x00, 0x00, 0x00, 0x00, 0x00, 0x00, 0x00, 0x00, 0x00,
  0x00, 0x00, 0x00, 0x00, 0x00, 0x00, 0x00, 0x00, 0x00, 0x00, 0x00, 0x00,
  0x00, 0x00, 0x00, 0x00, 0x00, 0x00, 0x00, 0x00, 0x00, 0x00, 0x00, 0x00,
  0x00, 0x00, 0x00, 0x00, 0x00, 0x00, 0x00, 0x00, 0x00, 0x00, 0x00, 0x00,
  0x00, 0x00, 0x00, 0x00, 0x00, 0x00, 0x00, 0x00, 0x00, 0x00, 0x00, 0x00,
  0x00, 0x00, 0x00, 0x00, 0x00, 0x00, 0x00, 0x00, 0x00, 0x00, 0x00, 0x00,
  0x00, 0x00, 0x00, 0x00, 0x00, 0x00, 0x00, 0x00, 0x00, 0x00, 0x00, 0x00,
  0x00, 0x00, 0x00, 0x00, 0x00, 0x00, 0x00, 0x00, 0x00, 0x00, 0x00, 0x00,
  0x00, 0x00, 0x00, 0x00, 0x00, 0x00, 0x00, 0x00, 0x00, 0x00, 0x00, 0x00,
  0x00, 0x00, 0x00, 0x00, 0x00, 0x00, 0x00, 0x00, 0x00, 0x00, 0x00, 0x00,
  0x00, 0x00, 0x00, 0x00, 0x00, 0x00, 0x00, 0x00, 0x00, 0x00, 0x00, 0x00,
  0x00, 0x00, 0x00, 0x00, 0x00, 0x00, 0x00, 0x00, 0x00, 0x00, 0x00, 0x00,
  0x00, 0x00, 0x00, 0x00, 0x00, 0x00, 0x00, 0x00, 0x00, 0x00, 0x00, 0x00,
  0x00, 0x00, 0x00, 0x00, 0x00, 0x00, 0x00, 0x00, 0x00, 0x00, 0x00, 0x00,
  0x00, 0x00, 0x00, 0x00, 0x00, 0x00, 0x00, 0x00, 0x00, 0x00, 0x00, 0x00,
  0x00, 0x00, 0x00, 0x00, 0x00, 0x00, 0x00, 0x00, 0x00, 0x00, 0x00, 0x00,
  0x00, 0x00, 0x00, 0x00, 0x00, 0x00, 0x00, 0x00, 0x00, 0x00, 0x00, 0x00,
  0x00, 0x00, 0x00, 0x00, 0x00, 0x00, 0x00, 0x00, 0x00, 0x00, 0x00, 0x00,
  0x00, 0x00, 0x00, 0x00, 0x00, 0x00, 0x00, 0x00, 0x00, 0x00, 0x00, 0x00,
  0x00, 0x00, 0x00, 0x00, 0x00, 0x00, 0x00, 0x00, 0x00, 0x00, 0x00, 0x00,
  0x00, 0x00, 0x00, 0x00, 0x00, 0x00, 0x00, 0x00, 0x00, 0x00, 0x00, 0x00,
  0x00, 0x00, 0x00, 0x00, 0x00, 0x00, 0x00, 0x00, 0x00, 0x00, 0x00, 0x00,
  0x00, 0x00, 0x00, 0x00, 0x00, 0x00, 0x00, 0x00, 0x00, 0x00, 0x00, 0x00,
  0x00, 0x00, 0x00, 0x00, 0x00, 0x00, 0x00, 0x00, 0x00, 0x00, 0x00, 0x00,
  0x00, 0x00, 0x00, 0x00, 0x00, 0x00, 0x00, 0x00, 0x00, 0x00, 0x00, 0x00,
  0x00, 0x00, 0x00, 0x00, 0x00, 0x00, 0x00, 0x00, 0x00, 0x00, 0x00, 0x00,
  0x00, 0x00, 0x00, 0x00, 0x00, 0x00, 0x00, 0x00, 0x00, 0x00, 0x00, 0x00,
  0x00, 0x00, 0x00, 0x00, 0x00, 0x00, 0x00, 0x00, 0x00, 0x00, 0x00, 0x00,
  0x00, 0x00, 0x00, 0x00, 0x00, 0x00, 0x00, 0x00, 0x00, 0x00, 0x00, 0x00,
  0x00, 0x00, 0x00, 0x00, 0x00, 0x00, 0x00, 0x00, 0x00, 0x00, 0x00, 0x00,
  0x00, 0x00, 0x00, 0x00, 0x00, 0x00, 0x00, 0x00, 0x00, 0x00, 0x00, 0x00,
  0x00, 0x00, 0x00, 0x00, 0x00, 0x00, 0x00, 0x00, 0x00, 0x00, 0x00, 0x00,
  0x00, 0x00, 0x00, 0x00, 0x00, 0x00, 0x00, 0x00, 0x00, 0x00, 0x00, 0x00,
  0x00, 0x00, 0x00, 0x00, 0x00, 0x00, 0x00, 0x00, 0x00, 0x00, 0x00, 0x00,
  0x00, 0x00, 0x00, 0x00, 0x00, 0x00, 0x00, 0x00, 0x00, 0x00, 0x00, 0x00,
  0x00, 0x00, 0x00, 0x00, 0x00, 0x00, 0x00, 0x00, 0x00, 0x00, 0x00, 0x00,
  0x00, 0x00, 0x00, 0x00, 0x00, 0x00, 0x00, 0x00, 0x00, 0x00, 0x00, 0x00,
  0x00, 0x00, 0x00, 0x00, 0x00, 0x00, 0x00, 0x00, 0x00, 0x00, 0x00, 0x00,
  0x00, 0x00, 0x00, 0x00, 0x00, 0x00, 0x00, 0x00, 0x00, 0x00, 0x00, 0x00,
  0x00, 0x00, 0x00, 0x00, 0x00, 0x00, 0x00, 0x00, 0x00, 0x00, 0x00, 0x00,
  0x00, 0x00, 0x00, 0x00, 0x00, 0x00, 0x00, 0x00, 0x00, 0x00, 0x00, 0x00,
  0x00, 0x00, 0x00, 0x00, 0x00, 0x00, 0x00, 0x00, 0x00, 0x00, 0x00, 0x00,
  0x00, 0x00, 0x00, 0x00, 0x00, 0x00, 0x00, 0x00, 0x00, 0x00, 0x00, 0x00,
  0x00, 0x00, 0x00, 0x00, 0x00, 0x00, 0x00, 0x00, 0x00, 0x00, 0x00, 0x00,
  0x00, 0x00, 0x00, 0x00, 0x00, 0x00, 0x00, 0x00, 0x00, 0x00, 0x00, 0x00,
  0x00, 0x00, 0x00, 0x00, 0x00, 0x00, 0x00, 0x00, 0x00, 0x00, 0x00, 0x00,
  0x00, 0x00, 0x00, 0x00, 0x00, 0x00, 0x00, 0x00, 0x00, 0x00, 0x00, 0x00,
  0x00, 0x00, 0x00, 0x00, 0x00, 0x00, 0x00, 0x00, 0x00, 0x00, 0x00, 0x00,
  0x00, 0x00, 0x00, 0x00, 0x00, 0x00, 0x00, 0x00, 0x00, 0x00, 0x00, 0x00,
  0x00, 0x00, 0x00, 0x00, 0x00, 0x00, 0x00, 0x00, 0x00, 0x00, 0x00, 0x00,
  0x00, 0x00, 0x00, 0x00, 0x00, 0x00, 0x00, 0x00, 0x00, 0x00, 0x00, 0x00,
  0x00, 0x00, 0x00, 0x00, 0x00, 0x00, 0x00, 0x00, 0x00, 0x00, 0x00, 0x00,
  0x00, 0x00, 0x00, 0x00, 0x00, 0x00, 0x00, 0x00, 0x00, 0x00, 0x00, 0x00,
  0x00, 0x00, 0x00, 0x00, 0x00, 0x00, 0x00, 0x00, 0x00, 0x00, 0x00, 0x00,
  0x00, 0x00, 0x00, 0x00, 0x00, 0x00, 0x00, 0x00, 0x00, 0x00, 0x00, 0x00,
  0x00, 0x00, 0x00, 0x00, 0x00, 0x00, 0x00, 0x00, 0x00, 0x00, 0x00, 0x00,
  0x00, 0x00, 0x00, 0x00, 0x00, 0x00, 0x00, 0x00, 0x00, 0x00, 0x00, 0x00,
  0x00, 0x00, 0x00, 0x00, 0x00, 0x00, 0x00, 0x00, 0x00, 0x00, 0x00, 0x00,
  0x00, 0x00, 0x00, 0x00, 0x00, 0x00, 0x00, 0x00, 0x00, 0x00, 0x00, 0x00,
  0x00, 0x00, 0x00, 0x00, 0x00, 0x00, 0x00, 0x00, 0x00, 0x00, 0x00, 0x00,
  0x00, 0x00, 0x00, 0x00, 0x00, 0x00, 0x00, 0x00, 0x00, 0x00, 0x00, 0x00,
  0x00, 0x00, 0x00, 0x00, 0x00, 0x00, 0x00, 0x00, 0x00, 0x00, 0x00, 0x00,
  0x00, 0x00, 0x00, 0x00, 0x00, 0x00, 0x00, 0x00, 0x00, 0x00, 0x00, 0x00,
  0x00, 0x00, 0x00, 0x00, 0x00, 0x00, 0x00, 0x00, 0x00, 0x00, 0x00, 0x00,
  0x00, 0x00, 0x00, 0x00, 0x00, 0x00, 0x00, 0x00, 0x00, 0x00, 0x00, 0x00,
  0x00, 0x00, 0x00, 0x00, 0x00, 0x00, 0x00, 0x00, 0x00, 0x00, 0x00, 0x00,
  0x00, 0x00, 0x00, 0x00, 0x00, 0x00, 0x00, 0x00, 0x00, 0x00, 0x00, 0x00,
  0x00, 0x00, 0x00, 0x00, 0x00, 0x00, 0x00, 0x00, 0x00, 0x00, 0x00, 0x00,
  0x00, 0x00, 0x00, 0x00, 0x00, 0x00, 0x00, 0x00, 0x00, 0x00, 0x00, 0x00,
  0x00, 0x00, 0x00, 0x00, 0x00, 0x00, 0x00, 0x00, 0x00, 0x00, 0x00, 0x00,
  0x00, 0x00, 0x00, 0x00, 0x00, 0x00, 0x00, 0x00, 0x00, 0x00, 0x00, 0x00,
  0x00, 0x00, 0x00, 0x00, 0x00, 0x00, 0x00, 0x00, 0x00, 0x00, 0x00, 0x00,
  0x00, 0x00, 0x00, 0x00, 0x00, 0x00, 0x00, 0x00, 0x00, 0x00, 0x00, 0x00,
  0x00, 0x00, 0x00, 0x00, 0x00, 0x00, 0x00, 0x00, 0x00, 0x00, 0x00, 0x00,
  0x00, 0x00, 0x00, 0x00, 0x00, 0x00, 0x00, 0x00, 0x00, 0x00, 0x00, 0x00,
  0x00, 0x00, 0x00, 0x00, 0x00, 0x00, 0x00, 0x00, 0x00, 0x00, 0x00, 0x00,
  0x00, 0x00, 0x00, 0x00, 0x00, 0x00, 0x00, 0x00, 0x00, 0x00, 0x00, 0x00,
  0x00, 0x00, 0x00, 0x00, 0x00, 0x00, 0x00, 0x00, 0x00, 0x00, 0x00, 0x00,
  0x00, 0x00, 0x00, 0x00, 0x00, 0x00, 0x00, 0x00, 0x00, 0x00, 0x00, 0x00,
  0x00, 0x00, 0x00, 0x00, 0x00, 0x00, 0x00, 0x00, 0x00, 0x00, 0x00, 0x00,
  0x00, 0x00, 0x00, 0x00, 0x00, 0x00, 0x00, 0x00, 0x00, 0x00, 0x00, 0x00,
  0x00, 0x00, 0x00, 0x00, 0x00, 0x00, 0x00, 0x00, 0x00, 0x00, 0x00, 0x00,
  0x00, 0x00, 0x00, 0x00, 0x00, 0x00, 0x00, 0x00, 0x00, 0x00, 0x00, 0x00,
  0x00, 0x00, 0x00, 0x00, 0x00, 0x00, 0x00, 0x00, 0x00, 0x00, 0x00, 0x00,
  0x00, 0x00, 0x00, 0x00, 0x00, 0x00, 0x00, 0x00, 0x00, 0x00, 0x00, 0x00,
  0x00, 0x00, 0x00, 0x00, 0x00, 0x00, 0x00, 0x00, 0x00, 0x00, 0x00, 0x00,
  0x00, 0x00, 0x00, 0x00, 0x00, 0x00, 0x00, 0x00, 0x00, 0x00, 0x00, 0x00,
  0x00, 0x00, 0x00, 0x00, 0x00, 0x00, 0x00, 0x00, 0x00, 0x00, 0x00, 0x00,
  0x00, 0x00, 0x00, 0x00, 0x00, 0x00, 0x00, 0x00, 0x00, 0x00, 0x00, 0x00,
  0x00, 0x00, 0x00, 0x00, 0x00, 0x00, 0x00, 0x00, 0x00, 0x00, 0x00, 0x00,
  0x00, 0x00, 0x00, 0x00, 0x00, 0x00, 0x00, 0x00, 0x00, 0x00, 0x00, 0x00,
  0x00, 0x00, 0x00, 0x00, 0x00, 0x00, 0x00, 0x00, 0x00, 0x00, 0x00, 0x00,
  0x00, 0x00, 0x00, 0x00, 0x00, 0x00, 0x00, 0x00, 0x00, 0x00, 0x00, 0x00,
  0x00, 0x00, 0x00, 0x00, 0x00, 0x00, 0x00, 0x00, 0x00, 0x00, 0x00, 0x00,
  0x00, 0x00, 0x00, 0x00, 0x00, 0x00, 0x00, 0x00, 0x00, 0x00, 0x00, 0x00,
  0x00, 0x00, 0x00, 0x00, 0x00, 0x00, 0x00, 0x00, 0x00, 0x00, 0x00, 0x00,
  0x00, 0x00, 0x00, 0x00, 0x00, 0x00, 0x00, 0x00, 0x00, 0x00, 0x00, 0x00,
  0x00, 0x00, 0x00, 0x00, 0x00, 0x00, 0x00, 0x00, 0x00, 0x00, 0x00, 0x00,
  0x00, 0x00, 0x00, 0x00, 0x00, 0x00, 0x00, 0x00, 0x00, 0x00, 0x00, 0x00,
  0x00, 0x00, 0x00, 0x00, 0x00, 0x00, 0x00, 0x00, 0x00, 0x00, 0x00, 0x00,
  0x00, 0x00, 0x00, 0x00, 0x00, 0x00, 0x00, 0x00, 0x00, 0x00, 0x00, 0x00,
  0x00, 0x00, 0x00, 0x00, 0x00, 0x00, 0x00, 0x00, 0x00, 0x00, 0x00, 0x00,
  0x00, 0x00, 0x00, 0x00, 0x00, 0x00, 0x00, 0x00, 0x00, 0x00, 0x00, 0x00,
  0x00, 0x00, 0x00, 0x00, 0x00, 0x00, 0x00, 0x00, 0x00, 0x00, 0x00, 0x00,
  0x00, 0x00, 0x00, 0x00, 0x00, 0x00, 0x00, 0x00, 0x00, 0x00, 0x00, 0x00,
  0x00, 0x00, 0x00, 0x00, 0x00, 0x00, 0x00, 0x00, 0x00, 0x00, 0x00, 0x00,
  0x00, 0x00, 0x00, 0x00, 0x00, 0x00, 0x00, 0x00, 0x00, 0x00, 0x00, 0x00,
  0x00, 0x00, 0x00, 0x00, 0x00, 0x00, 0x00, 0x00, 0x00, 0x00, 0x00, 0x00,
  0x00, 0x00, 0x00, 0x00, 0x00, 0x00, 0x00, 0x00, 0x00, 0x00, 0x00, 0x00,
  0x00, 0x00, 0x00, 0x00, 0x00, 0x00, 0x00, 0x00, 0x00, 0x00, 0x00, 0x00,
  0x00, 0x00, 0x00, 0x00, 0x00, 0x00, 0x00, 0x00, 0x00, 0x00, 0x00, 0x00,
  0x00, 0x00, 0x00, 0x00, 0x00, 0x00, 0x00, 0x00, 0x00, 0x00, 0x00, 0x00,
  0x00, 0x00, 0x00, 0x00, 0x00, 0x00, 0x00, 0x00, 0x00, 0x00, 0x00, 0x00,
  0x00, 0x00, 0x00, 0x00, 0x00, 0x00, 0x00, 0x00, 0x00, 0x00, 0x00, 0x00,
  0x00, 0x00, 0x00, 0x00, 0x00, 0x00, 0x00, 0x00, 0x00, 0x00, 0x00, 0x00,
  0x00, 0x00, 0x00, 0x00, 0x00, 0x00, 0x00, 0x00, 0x00, 0x00, 0x00, 0x00,
  0x00, 0x00, 0x00, 0x00, 0x00, 0x00, 0x00, 0x00, 0x00, 0x00, 0x00, 0x00,
  0x00, 0x00, 0x00, 0x00, 0x00, 0x00, 0x00, 0x00, 0x00, 0x00, 0x00, 0x00,
  0x00, 0x00, 0x00, 0x00, 0x00, 0x00, 0x00, 0x00, 0x00, 0x00, 0x00, 0x00,
  0x00, 0x00, 0x00, 0x00, 0x00, 0x00, 0x00, 0x00, 0x00, 0x00, 0x00, 0x00,
  0x00, 0x00, 0x00, 0x00, 0x00, 0x00, 0x00, 0x00, 0x00, 0x00, 0x00, 0x00,
  0x00, 0x00, 0x00, 0x00, 0x00, 0x00, 0x00, 0x00, 0x00, 0x00, 0x00, 0x00,
  0x00, 0x00, 0x00, 0x00, 0x00, 0x00, 0x00, 0x00, 0x00, 0x00, 0x00, 0x00,
  0x00, 0x00, 0x00, 0x00, 0x00, 0x00, 0x00, 0x00, 0x00, 0x00, 0x00, 0x00,
  0x00, 0x00, 0x00, 0x00, 0x00, 0x00, 0x00, 0x00, 0x00, 0x00, 0x00, 0x00,
  0x00, 0x00, 0x00, 0x00, 0x00, 0x00, 0x00, 0x00, 0x00, 0x00, 0x00, 0x00,
  0x00, 0x00, 0x00, 0x00, 0x00, 0x00, 0x00, 0x00, 0x00, 0x00, 0x00, 0x00,
  0x00, 0x00, 0x00, 0x00, 0x00, 0x00, 0x00, 0x00, 0x00, 0x00, 0x00, 0x00,
  0x00, 0x00, 0x00, 0x00, 0x00, 0x00, 0x00, 0x00, 0x00, 0x00, 0x00, 0x00,
  0x00, 0x00, 0x00, 0x00, 0x00, 0x00, 0x00, 0x00, 0x00, 0x00, 0x00, 0x00,
  0x00, 0x00, 0x00, 0x00, 0x00, 0x00, 0x00, 0x00, 0x00, 0x00, 0x00, 0x00,
  0x00, 0x00, 0x00, 0x00, 0x00, 0x00, 0x00, 0x00, 0x00, 0x00, 0x00, 0x00,
  0x00, 0x00, 0x00, 0x00, 0x00, 0x00, 0x00, 0x00, 0x00, 0x00, 0x00, 0x00,
  0x00, 0x00, 0x00, 0x00, 0x00, 0x00, 0x00, 0x00, 0x00, 0x00, 0x00, 0x00,
  0x00, 0x00, 0x00, 0x00, 0x00, 0x00, 0x00, 0x00, 0x00, 0x00, 0x00, 0x00,
  0x00, 0x00, 0x00, 0x00, 0x00, 0x00, 0x00, 0x00, 0x00, 0x00, 0x00, 0x00,
  0x00, 0x00, 0x00, 0x00, 0x00, 0x00, 0x00, 0x00, 0x00, 0x00, 0x00, 0x00,
  0x00, 0x00, 0x00, 0x00, 0x00, 0x00, 0x00, 0x00, 0x00, 0x00, 0x00, 0x00,
  0x00, 0x00, 0x00, 0x00, 0x00, 0x00, 0x00, 0x00, 0x00, 0x00, 0x00, 0x00,
  0x00, 0x00, 0x00, 0x00, 0x00, 0x00, 0x00, 0x00, 0x00, 0x00, 0x00, 0x00,
  0x00, 0x00, 0x00, 0x00, 0x00, 0x00, 0x00, 0x00, 0x00, 0x00, 0x00, 0x00,
  0x00, 0x00, 0x00, 0x00, 0x00, 0x00, 0x00, 0x00, 0x00, 0x00, 0x00, 0x00,
  0x00, 0x00, 0x00, 0x00, 0x00, 0x00, 0x00, 0x00, 0x00, 0x00, 0x00, 0x00,
  0x00, 0x00, 0x00, 0x00, 0x00, 0x00, 0x00, 0x00, 0x00, 0x00, 0x00, 0x00,
  0x00, 0x00, 0x00, 0x00, 0x00, 0x00, 0x00, 0x00, 0x00, 0x00, 0x00, 0x00,
  0x00, 0x00, 0x00, 0x00, 0x00, 0x00, 0x00, 0x00, 0x00, 0x00, 0x00, 0x00,
  0x00, 0x00, 0x00, 0x00, 0x00, 0x00, 0x00, 0x00, 0x00, 0x00, 0x00, 0x00,
  0x00, 0x00, 0x00, 0x00, 0x00, 0x00, 0x00, 0x00, 0x00, 0x00, 0x00, 0x00,
  0x00, 0x00, 0x00, 0x00, 0x00, 0x00, 0x00, 0x00, 0x00, 0x00, 0x00, 0x00,
  0x00, 0x00, 0x00, 0x00, 0x00, 0x00, 0x00, 0x00, 0x00, 0x00, 0x00, 0x00,
  0x00, 0x00, 0x00, 0x00, 0x00, 0x00, 0x00, 0x00, 0x00, 0x00, 0x00, 0x00,
  0x00, 0x00, 0x00, 0x00, 0x00, 0x00, 0x00, 0x00, 0x00, 0x00, 0x00, 0x00,
  0x00, 0x00, 0x00, 0x00, 0x00, 0x00, 0x00, 0x00, 0x00, 0x00, 0x00, 0x00,
  0x00, 0x00, 0x00, 0x00, 0x00, 0x00, 0x00, 0x00, 0x00, 0x00, 0x00, 0x00,
  0x00, 0x00, 0x00, 0x00, 0x00, 0x00, 0x00, 0x00, 0x00, 0x00, 0x00, 0x00,
  0x00, 0x00, 0x00, 0x00, 0x00, 0x00, 0x00, 0x00, 0x00, 0x00, 0x00, 0x00,
  0x00, 0x00, 0x00, 0x00, 0x00, 0x00, 0x00, 0x00, 0x00, 0x00, 0x00, 0x00,
  0x00, 0x00, 0x00, 0x00, 0x00, 0x00, 0x00, 0x00, 0x00, 0x00, 0x00, 0x00,
  0x00, 0x00, 0x00, 0x00, 0x00, 0x00, 0x00, 0x00, 0x00, 0x00, 0x00, 0x00,
  0x00, 0x00, 0x00, 0x00, 0x00, 0x00, 0x00, 0x00, 0x00, 0x00, 0x00, 0x00,
  0x00, 0x00, 0x00, 0x00, 0x00, 0x00, 0x00, 0x00, 0x00, 0x00, 0x00, 0x00,
  0x00, 0x00, 0x00, 0x00, 0x00, 0x00, 0x00, 0x00, 0x00, 0x00, 0x00, 0x00,
  0x00, 0x00, 0x00, 0x00, 0x00, 0x00, 0x00, 0x00, 0x00, 0x00, 0x00, 0x00,
  0x00, 0x00, 0x00, 0x00, 0x00, 0x00, 0x00, 0x00, 0x00, 0x00, 0x00, 0x00,
  0x00, 0x00, 0x00, 0x00, 0x00, 0x00, 0x00, 0x00, 0x00, 0x00, 0x00, 0x00,
  0x00, 0x00, 0x00, 0x00, 0x00, 0x00, 0x00, 0x00, 0x00, 0x00, 0x00, 0x00,
  0x00, 0x00, 0x00, 0x00, 0x00, 0x00, 0x00, 0x00, 0x00, 0x00, 0x00, 0x00,
  0x00, 0x00, 0x00, 0x00, 0x00, 0x00, 0x00, 0x00, 0x00, 0x00, 0x00, 0x00,
  0x00, 0x00, 0x00, 0x00, 0x00, 0x00, 0x00, 0x00, 0x00, 0x00, 0x00, 0x00,
  0x00, 0x00, 0x00, 0x00, 0x00, 0x00, 0x00, 0x00, 0x00, 0x00, 0x00, 0x00,
  0x00, 0x00, 0x00, 0x00, 0x00, 0x00, 0x00, 0x00, 0x00, 0x00, 0x00, 0x00,
  0x00, 0x00, 0x00, 0x00, 0x00, 0x00, 0x00, 0x00, 0x00, 0x00, 0x00, 0x00,
  0x00, 0x00, 0x00, 0x00, 0x00, 0x00, 0x00, 0x00, 0x00, 0x00, 0x00, 0x00,
  0x00, 0x00, 0x00, 0x00, 0x00, 0x00, 0x00, 0x00, 0x00, 0x00, 0x00, 0x00,
  0x00, 0x00, 0x00, 0x00, 0x00, 0x00, 0x00, 0x00, 0x00, 0x00, 0x00, 0x00,
  0x00, 0x00, 0x00, 0x00, 0x00, 0x00, 0x00, 0x00, 0x00, 0x00, 0x00, 0x00,
  0x00, 0x00, 0x00, 0x00, 0x00, 0x00, 0x00, 0x00, 0x00, 0x00, 0x00, 0x00,
  0x00, 0x00, 0x00, 0x00, 0x00, 0x00, 0x00, 0x00, 0x00, 0x00, 0x00, 0x00,
  0x00, 0x00, 0x00, 0x00, 0x00, 0x00, 0x00, 0x00, 0x00, 0x00, 0x00, 0x00,
  0x00, 0x00, 0x00, 0x00, 0x00, 0x00, 0x00, 0x00, 0x00, 0x00, 0x00, 0x00,
  0x00, 0x00, 0x00, 0x00, 0x00, 0x00, 0x00, 0x00, 0x00, 0x00, 0x00, 0x00,
  0x00, 0x00, 0x00, 0x00, 0x00, 0x00, 0x00, 0x00, 0x00, 0x00, 0x00, 0x00,
  0x00, 0x00, 0x00, 0x00, 0x00, 0x00, 0x00, 0x00, 0x00, 0x00, 0x00, 0x00,
  0x00, 0x00, 0x00, 0x00, 0x00, 0x00, 0x00, 0x00, 0x00, 0x00, 0x00, 0x00,
  0x00, 0x00, 0x00, 0x00, 0x00, 0x00, 0x00, 0x00, 0x00, 0x00, 0x00, 0x00,
  0x00, 0x00, 0x00, 0x00, 0x00, 0x00, 0x00, 0x00, 0x00, 0x00, 0x00, 0x00,
  0x00, 0x00, 0x00, 0x00, 0x00, 0x00, 0x00, 0x00, 0x00, 0x00, 0x00, 0x00,
  0x00, 0x00, 0x00, 0x00, 0x00, 0x00, 0x00, 0x00, 0x00, 0x00, 0x00, 0x00,
  0x00, 0x00, 0x00, 0x00, 0x00, 0x00, 0x00, 0x00, 0x00, 0x00, 0x00, 0x00,
  0x00, 0x00, 0x00, 0x00, 0x00, 0x00, 0x00, 0x00, 0x00, 0x00, 0x00, 0x00,
  0x00, 0x00, 0x00, 0x00, 0x00, 0x00, 0x00, 0x00, 0x00, 0x00, 0x00, 0x00,
  0x00, 0x00, 0x00, 0x00, 0x00, 0x00, 0x00, 0x00, 0x00, 0x00, 0x00, 0x00,
  0x00, 0x00, 0x00, 0x00, 0x00, 0x00, 0x00, 0x00, 0x00, 0x00, 0x00, 0x00,
  0x00, 0x00, 0x00, 0x00, 0x00, 0x00, 0x00, 0x00, 0x00, 0x00, 0x00, 0x00,
  0x00, 0x00, 0x00, 0x00, 0x00, 0x00, 0x00, 0x00, 0x00, 0x00, 0x00, 0x00,
  0x00, 0x00, 0x00, 0x00, 0x00, 0x00, 0x00, 0x00, 0x00, 0x00, 0x00, 0x00,
  0x00, 0x00, 0x00, 0x00, 0x00, 0x00, 0x00, 0x00, 0x00, 0x00, 0x00, 0x00,
  0x00, 0x00, 0x00, 0x00, 0x00, 0x00, 0x00, 0x00, 0x00, 0x00, 0x00, 0x00,
  0x00, 0x00, 0x00, 0x00, 0x00, 0x00, 0x00, 0x00, 0x00, 0x00, 0x00, 0x00,
  0x00, 0x00, 0x00, 0x00, 0x00, 0x00, 0x00, 0x00, 0x00, 0x00, 0x00, 0x00,
  0x00, 0x00, 0x00, 0x00, 0x00, 0x00, 0x00, 0x00, 0x00, 0x00, 0x00, 0x00,
  0x00, 0x00, 0x00, 0x00, 0x00, 0x00, 0x00, 0x00, 0x00, 0x00, 0x00, 0x00,
  0x00, 0x00, 0x00, 0x00, 0x00, 0x00, 0x00, 0x00, 0x00, 0x00, 0x00, 0x00,
  0x00, 0x00, 0x00, 0x00, 0x00, 0x00, 0x00, 0x00, 0x00, 0x00, 0x00, 0x00,
  0x00, 0x00, 0x00, 0x00, 0x00, 0x00, 0x00, 0x00, 0x00, 0x00, 0x00, 0x00,
  0x00, 0x00, 0x00, 0x00, 0x00, 0x00, 0x00, 0x00, 0x00, 0x00, 0x00, 0x00,
  0x00, 0x00, 0x00, 0x00, 0x00, 0x00, 0x00, 0x00, 0x00, 0x00, 0x00, 0x00,
  0x00, 0x00, 0x00, 0x00, 0x00, 0x00, 0x00, 0x00, 0x00, 0x00, 0x00, 0x00,
  0x00, 0x00, 0x00, 0x00, 0x00, 0x00, 0x00, 0x00, 0x00, 0x00, 0x00, 0x00,
  0x00, 0x00, 0x00, 0x00, 0x00, 0x00, 0x00, 0x00, 0x00, 0x00, 0x00, 0x00,
  0x00, 0x00, 0x00, 0x00, 0x00, 0x00, 0x00, 0x00, 0x00, 0x00, 0x00, 0x00,
  0x00, 0x00, 0x00, 0x00, 0x00, 0x00, 0x00, 0x00, 0x00, 0x00, 0x00, 0x00,
  0x00, 0x00, 0x00, 0x00, 0x00, 0x00, 0x00, 0x00, 0x00, 0x00, 0x00, 0x00,
  0x00, 0x00, 0x00, 0x00, 0x00, 0x00, 0x00, 0x00, 0x00, 0x00, 0x00, 0x00,
  0x00, 0x00, 0x00, 0x00, 0x00, 0x00, 0x00, 0x00, 0x00, 0x00, 0x00, 0x00,
  0x00, 0x00, 0x00, 0x00, 0x00, 0x00, 0x00, 0x00, 0x00, 0x00, 0x00, 0x00,
  0x00, 0x00, 0x00, 0x00, 0x00, 0x00, 0x00, 0x00, 0x00, 0x00, 0x00, 0x00,
  0x00, 0x00, 0x00, 0x00, 0x00, 0x00, 0x00, 0x00, 0x00, 0x00, 0x00, 0x00,
  0x00, 0x00, 0x00, 0x00, 0x00, 0x00, 0x00, 0x00, 0x00, 0x00, 0x00, 0x00,
  0x00, 0x00, 0x00, 0x00, 0x00, 0x00, 0x00, 0x00, 0x00, 0x00, 0x00, 0x00,
  0x00, 0x00, 0x00, 0x00, 0x00, 0x00, 0x00, 0x00, 0x00, 0x00, 0x00, 0x00,
  0x00, 0x00, 0x00, 0x00, 0x00, 0x00, 0x00, 0x00, 0x00, 0x00, 0x00, 0x00,
  0x00, 0x00, 0x00, 0x00, 0x00, 0x00, 0x00, 0x00, 0x00, 0x00, 0x00, 0x00,
  0x00, 0x00, 0x00, 0x00, 0x00, 0x00, 0x00, 0x00, 0x00, 0x00, 0x00, 0x00,
  0x00, 0x00, 0x00, 0x00, 0x00, 0x00, 0x00, 0x00, 0x00, 0x00, 0x00, 0x00,
  0x00, 0x00, 0x00, 0x00, 0x00, 0x00, 0x00, 0x00, 0x00, 0x00, 0x00, 0x00,
  0x00, 0x00, 0x00, 0x00, 0x00, 0x00, 0x00, 0x00, 0x00, 0x00, 0x00, 0x00,
  0x00, 0x00, 0x00, 0x00, 0x00, 0x00, 0x00, 0x00, 0x00, 0x00, 0x00, 0x00,
  0x00, 0x00, 0x00, 0x00, 0x00, 0x00, 0x00, 0x00, 0x00, 0x00, 0x00, 0x00,
  0x00, 0x00, 0x00, 0x00, 0x00, 0x00, 0x00, 0x00, 0x00, 0x00, 0x00, 0x00,
  0x00, 0x00, 0x00, 0x00, 0x00, 0x00, 0x00, 0x00, 0x00, 0x00, 0x00, 0x00,
  0x00, 0x00, 0x00, 0x00, 0x00, 0x00, 0x00, 0x00, 0x00, 0x00, 0x00, 0x00,
  0x00, 0x00, 0x00, 0x00, 0x00, 0x00, 0x00, 0x00, 0x00, 0x00, 0x00, 0x00,
  0x00, 0x00, 0x00, 0x00, 0x00, 0x00, 0x00, 0x00, 0x00, 0x00, 0x00, 0x00,
  0x00, 0x00, 0x00, 0x00, 0x00, 0x00, 0x00, 0x00, 0x00, 0x00, 0x00, 0x00,
  0x00, 0x00, 0x00, 0x00, 0x00, 0x00, 0x00, 0x00, 0x00, 0x00, 0x00, 0x00,
  0x00, 0x00, 0x00, 0x00, 0x00, 0x00, 0x00, 0x00, 0x00, 0x00, 0x00, 0x00,
  0x00, 0x00, 0x00, 0x00, 0x00, 0x00, 0x00, 0x00, 0x00, 0x00, 0x00, 0x00,
  0x00, 0x00, 0x00, 0x00, 0x00, 0x00, 0x00, 0x00, 0x00, 0x00, 0x00, 0x00,
  0x00, 0x00, 0x00, 0x00, 0x00, 0x00, 0x00, 0x00, 0x00, 0x00, 0x00, 0x00,
  0x00, 0x00, 0x00, 0x00, 0x00, 0x00, 0x00, 0x00, 0x00, 0x00, 0x00, 0x00,
  0x00, 0x00, 0x00, 0x00, 0x00, 0x00, 0x00, 0x00, 0x00, 0x00, 0x00, 0x00,
  0x00, 0x00, 0x00, 0x00, 0x00, 0x00, 0x00, 0x00, 0x00, 0x00, 0x00, 0x00,
  0x00, 0x00, 0x00, 0x00, 0x00, 0x00, 0x00, 0x00, 0x00, 0x00, 0x00, 0x00,
  0x00, 0x00, 0x00, 0x00, 0x00, 0x00, 0x00, 0x00, 0x00, 0x00, 0x00, 0x00,
  0x00, 0x00, 0x00, 0x00, 0x00, 0x00, 0x00, 0x00, 0x00, 0x00, 0x00, 0x00,
  0x00, 0x00, 0x00, 0x00, 0x00, 0x00, 0x00, 0x00, 0x00, 0x00, 0x00, 0x00,
  0x00, 0x00, 0x00, 0x00, 0x00, 0x00, 0x00, 0x00, 0x00, 0x00, 0x00, 0x00,
  0x00, 0x00, 0x00, 0x00, 0x00, 0x00, 0x00, 0x00, 0x00, 0x00, 0x00, 0x00,
  0x00, 0x00, 0x00, 0x00, 0x00, 0x00, 0x00, 0x00, 0x00, 0x00, 0x00, 0x00,
  0x00, 0x00, 0x00, 0x00, 0x00, 0x00, 0x00, 0x00, 0x00, 0x00, 0x00, 0x00,
  0x00, 0x00, 0x00, 0x00, 0x00, 0x00, 0x00, 0x00, 0x00, 0x00, 0x00, 0x00,
  0x00, 0x00, 0x00, 0x00, 0x00, 0x00, 0x00, 0x00, 0x00, 0x00, 0x00, 0x00,
  0x00, 0x00, 0x00, 0x00, 0x00, 0x00, 0x00, 0x00, 0x00, 0x00, 0x00, 0x00,
  0x00, 0x00, 0x00, 0x00, 0x00, 0x00, 0x00, 0x00, 0x00, 0x00, 0x00, 0x00,
  0x00, 0x00, 0x00, 0x00, 0x00, 0x00, 0x00, 0x00, 0x00, 0x00, 0x00, 0x00,
  0x00, 0x00, 0x00, 0x00, 0x00, 0x00, 0x00, 0x00, 0x00, 0x00, 0x00, 0x00,
  0x00, 0x00, 0x00, 0x00, 0x00, 0x00, 0x00, 0x00, 0x00, 0x00, 0x00, 0x00,
  0x00, 0x00, 0x00, 0x00, 0x00, 0x00, 0x00, 0x00, 0x00, 0x00, 0x00, 0x00,
  0x00, 0x00, 0x00, 0x00, 0x00, 0x00, 0x00, 0x00, 0x00, 0x00, 0x00, 0x00,
  0x00, 0x00, 0x00, 0x00, 0x00, 0x00, 0x00, 0x00, 0x00, 0x00, 0x00, 0x00,
  0x00, 0x00, 0x00, 0x00, 0x00, 0x00, 0x00, 0x00, 0x00, 0x00, 0x00, 0x00,
  0x00, 0x00, 0x00, 0x00, 0x00, 0x00, 0x00, 0x00, 0x00, 0x00, 0x00, 0x00,
  0x00, 0x00, 0x00, 0x00, 0x00, 0x00, 0x00, 0x00, 0x00, 0x00, 0x00, 0x00,
  0x00, 0x00, 0x00, 0x00, 0x00, 0x00, 0x00, 0x00, 0x00, 0x00, 0x00, 0x00,
  0x00, 0x00, 0x00, 0x00, 0x00, 0x00, 0x00, 0x00, 0x00, 0x00, 0x00, 0x00,
  0x00, 0x00, 0x00, 0x00, 0x00, 0x00, 0x00, 0x00, 0x00, 0x00, 0x00, 0x00,
  0x00, 0x00, 0x00, 0x00, 0x00, 0x00, 0x00, 0x00, 0x00, 0x00, 0x00, 0x00,
  0x00, 0x00, 0x00, 0x00, 0x00, 0x00, 0x00, 0x00, 0x00, 0x00, 0x00, 0x00,
  0x00, 0x00, 0x00, 0x00, 0x00, 0x00, 0x00, 0x00, 0x00, 0x00, 0x00, 0x00,
  0x00, 0x00, 0x00, 0x00, 0x00, 0x00, 0x00, 0x00, 0x00, 0x00, 0x00, 0x00,
  0x00, 0x00, 0x00, 0x00, 0x00, 0x00, 0x00, 0x00, 0x00, 0x00, 0x00, 0x00,
  0x00, 0x00, 0x00, 0x00, 0x00, 0x00, 0x00, 0x00, 0x00, 0x00, 0x00, 0x00,
  0x00, 0x00, 0x00, 0x00, 0x00, 0x00, 0x00, 0x00, 0x00, 0x00, 0x00, 0x00,
  0x00, 0x00, 0x00, 0x00, 0x00, 0x00, 0x00, 0x00, 0x00, 0x00, 0x00, 0x00,
  0x00, 0x00, 0x00, 0x00, 0x00, 0x00, 0x00, 0x00, 0x00, 0x00, 0x00, 0x00,
  0x00, 0x00, 0x00, 0x00, 0x00, 0x00, 0x00, 0x00, 0x00, 0x00, 0x00, 0x00,
  0x00, 0x00, 0x00, 0x00, 0x00, 0x00, 0x00, 0x00, 0x00, 0x00, 0x00, 0x00,
  0x00, 0x00, 0x00, 0x00, 0x00, 0x00, 0x00, 0x00, 0x00, 0x00, 0x00, 0x00,
  0x00, 0x00, 0x00, 0x00, 0x00, 0x00, 0x00, 0x00, 0x00, 0x00, 0x00, 0x00,
  0x00, 0x00, 0x00, 0x00, 0x00, 0x00, 0x00, 0x00, 0x00, 0x00, 0x00, 0x00,
  0x00, 0x00, 0x00, 0x00, 0x00, 0x00, 0x00, 0x00, 0x00, 0x00, 0x00, 0x00,
  0x00, 0x00, 0x00, 0x00, 0x00, 0x00, 0x00, 0x00, 0x00, 0x00, 0x00, 0x00,
  0x00, 0x00, 0x00, 0x00, 0x00, 0x00, 0x00, 0x00, 0x00, 0x00, 0x00, 0x00,
  0x00, 0x00, 0x00, 0x00, 0x00, 0x00, 0x00, 0x00, 0x00, 0x00, 0x00, 0x00,
  0x00, 0x00, 0x00, 0x00, 0x00, 0x00, 0x00, 0x00, 0x00, 0x00, 0x00, 0x00,
  0x00, 0x00, 0x00, 0x00, 0x00, 0x00, 0x00, 0x00, 0x00, 0x00, 0x00, 0x00,
  0x00, 0x00, 0x00, 0x00, 0x00, 0x00, 0x00, 0x00, 0x00, 0x00, 0x00, 0x00,
  0x00, 0x00, 0x00, 0x00, 0x00, 0x00, 0x00, 0x00, 0x00, 0x00, 0x00, 0x00,
  0x00, 0x00, 0x00, 0x00, 0x00, 0x00, 0x00, 0x00, 0x00, 0x00, 0x00, 0x00,
  0x00, 0x00, 0x00, 0x00, 0x00, 0x00, 0x00, 0x00, 0x00, 0x00, 0x00, 0x00,
  0x00, 0x00, 0x00, 0x00, 0x00, 0x00, 0x00, 0x00, 0x00, 0x00, 0x00, 0x00,
  0x00, 0x00, 0x00, 0x00, 0x00, 0x00, 0x00, 0x00, 0x00, 0x00, 0x00, 0x00,
  0x00, 0x00, 0x00, 0x00, 0x00, 0x00, 0x00, 0x00, 0x00, 0x00, 0x00, 0x00,
  0x00, 0x00, 0x00, 0x00, 0x00, 0x00, 0x00, 0x00, 0x00, 0x00, 0x00, 0x00,
  0x00, 0x00, 0x00, 0x00, 0x00, 0x00, 0x00, 0x00, 0x00, 0x00, 0x00, 0x00,
  0x00, 0x00, 0x00, 0x00, 0x00, 0x00, 0x00, 0x00, 0x00, 0x00, 0x00, 0x00,
  0x00, 0x00, 0x00, 0x00, 0x00, 0x00, 0x00, 0x00, 0x00, 0x00, 0x00, 0x00,
  0x00, 0x00, 0x00, 0x00, 0x00, 0x00, 0x00, 0x00, 0x00, 0x00, 0x00, 0x00,
  0x00, 0x00, 0x00, 0x00, 0x00, 0x00, 0x00, 0x00, 0x00, 0x00, 0x00, 0x00,
  0x00, 0x00, 0x00, 0x00, 0x00, 0x00, 0x00, 0x00, 0x00, 0x00, 0x00, 0x00,
  0x00, 0x00, 0x00, 0x00, 0x00, 0x00, 0x00, 0x00, 0x00, 0x00, 0x00, 0x00,
  0x00, 0x00, 0x00, 0x00, 0x00, 0x00, 0x00, 0x00, 0x00, 0x00, 0x00, 0x00,
  0x00, 0x00, 0x00, 0x00, 0x00, 0x00, 0x00, 0x00, 0x00, 0x00, 0x00, 0x00,
  0x00, 0x00, 0x00, 0x00, 0x00, 0x00, 0x00, 0x00, 0x00, 0x00, 0x00, 0x00,
  0x00, 0x00, 0x00, 0x00, 0x00, 0x00, 0x00, 0x00, 0x00, 0x00, 0x00, 0x00,
  0x00, 0x00, 0x00, 0x00, 0x00, 0x00, 0x00, 0x00, 0x00, 0x00, 0x00, 0x00,
  0x00, 0x00, 0x00, 0x00, 0x00, 0x00, 0x00, 0x00, 0x00, 0x00, 0x00, 0x00,
  0x00, 0x00, 0x00, 0x00, 0x00, 0x00, 0x00, 0x00, 0x00, 0x00, 0x00, 0x00,
  0x00, 0x00, 0x00, 0x00, 0x00, 0x00, 0x00, 0x00, 0x00, 0x00, 0x00, 0x00,
  0x00, 0x00, 0x00, 0x00, 0x00, 0x00, 0x00, 0x00, 0x00, 0x00, 0x00, 0x00,
  0x00, 0x00, 0x00, 0x00, 0x00, 0x00, 0x00, 0x00, 0x00, 0x00, 0x00, 0x00,
  0x00, 0x00, 0x00, 0x00, 0x00, 0x00, 0x00, 0x00, 0x00, 0x00, 0x00, 0x00,
  0x00, 0x00, 0x00, 0x00, 0x00, 0x00, 0x00, 0x00, 0x00, 0x00, 0x00, 0x00,
  0x00, 0x00, 0x00, 0x00, 0x00, 0x00, 0x00, 0x00, 0x00, 0x00, 0x00, 0x00,
  0x00, 0x00, 0x00, 0x00, 0x00, 0x00, 0x00, 0x00, 0x00, 0x00, 0x00, 0x00,
  0x00, 0x00, 0x00, 0x00, 0x00, 0x00, 0x00, 0x00, 0x00, 0x00, 0x00, 0x00,
  0x00, 0x00, 0x00, 0x00, 0x00, 0x00, 0x00, 0x00, 0x00, 0x00, 0x00, 0x00,
  0x00, 0x00, 0x00, 0x00, 0x00, 0x00, 0x00, 0x00, 0x00, 0x00, 0x00, 0x00,
  0x00, 0x00, 0x00, 0x00, 0x00, 0x00, 0x00, 0x00, 0x00, 0x00, 0x00, 0x00,
  0x00, 0x00, 0x00, 0x00, 0x00, 0x00, 0x00, 0x00, 0x00, 0x00, 0x00, 0x00,
  0x00, 0x00, 0x00, 0x00, 0x00, 0x00, 0x00, 0x00, 0x00, 0x00, 0x00, 0x00,
  0x00, 0x00, 0x00, 0x00, 0x00, 0x00, 0x00, 0x00, 0x00, 0x00, 0x00, 0x00,
  0x00, 0x00, 0x00, 0x00, 0x00, 0x00, 0x00, 0x00, 0x00, 0x00, 0x00, 0x00,
  0x00, 0x00, 0x00, 0x00, 0x00, 0x00, 0x00, 0x00, 0x00, 0x00, 0x00, 0x00,
  0x00, 0x00, 0x00, 0x00, 0x00, 0x00, 0x00, 0x00, 0x00, 0x00, 0x00, 0x00,
  0x00, 0x00, 0x00, 0x00, 0x00, 0x00, 0x00, 0x00, 0x00, 0x00, 0x00, 0x00,
  0x00, 0x00, 0x00, 0x00, 0x00, 0x00, 0x00, 0x00, 0x00, 0x00, 0x00, 0x00,
  0x00, 0x00, 0x00, 0x00, 0x00, 0x00, 0x00, 0x00, 0x00, 0x00, 0x00, 0x00,
  0x00, 0x00, 0x00, 0x00, 0x00, 0x00, 0x00, 0x00, 0x00, 0x00, 0x00, 0x00,
  0x00, 0x00, 0x00, 0x00, 0x00, 0x00, 0x00, 0x00, 0x00, 0x00, 0x00, 0x00,
  0x00, 0x00, 0x00, 0x00, 0x00, 0x00, 0x00, 0x00, 0x00, 0x00, 0x00, 0x00,
  0x00, 0x00, 0x00, 0x00, 0x00, 0x00, 0x00, 0x00, 0x00, 0x00, 0x00, 0x00,
  0x00, 0x00, 0x00, 0x00, 0x00, 0x00, 0x00, 0x00, 0x00, 0x00, 0x00, 0x00,
  0x00, 0x00, 0x00, 0x00, 0x00, 0x00, 0x00, 0x00, 0x00, 0x00, 0x00, 0x00,
  0x00, 0x00, 0x00, 0x00, 0x00, 0x00, 0x00, 0x00, 0x00, 0x00, 0x00, 0x00,
  0x00, 0x00, 0x00, 0x00, 0x00, 0x00, 0x00, 0x00, 0x00, 0x00, 0x00, 0x00,
  0x00, 0x00, 0x00, 0x00, 0x00, 0x00, 0x00, 0x00, 0x00, 0x00, 0x00, 0x00,
  0x00, 0x00, 0x00, 0x00, 0x00, 0x00, 0x00, 0x00, 0x00, 0x00, 0x00, 0x00,
  0x00, 0x00, 0x00, 0x00, 0x00, 0x00, 0x00, 0x00, 0x00, 0x00, 0x00, 0x00,
  0x00, 0x00, 0x00, 0x00, 0x00, 0x00, 0x00, 0x00, 0x00, 0x00, 0x00, 0x00,
  0x00, 0x00, 0x00, 0x00, 0x00, 0x00, 0x00, 0x00, 0x00, 0x00, 0x00, 0x00,
  0x00, 0x00, 0x00, 0x00, 0x00, 0x00, 0x00, 0x00, 0x00, 0x00, 0x00, 0x00,
  0x00, 0x00, 0x00, 0x00, 0x00, 0x00, 0x00, 0x00, 0x00, 0x00, 0x00, 0x00,
  0x00, 0x00, 0x00, 0x00, 0x00, 0x00, 0x00, 0x00, 0x00, 0x00, 0x00, 0x00,
  0x00, 0x00, 0x00, 0x00, 0x00, 0x00, 0x00, 0x00, 0x00, 0x00, 0x00, 0x00,
  0x00, 0x00, 0x00, 0x00, 0x00, 0x00, 0x00, 0x00, 0x00, 0x00, 0x00, 0x00,
  0x00, 0x00, 0x00, 0x00, 0x00, 0x00, 0x00, 0x00, 0x00, 0x00, 0x00, 0x00,
  0x00, 0x00, 0x00, 0x00, 0x00, 0x00, 0x00, 0x00, 0x00, 0x00, 0x00, 0x00,
  0x00, 0x00, 0x00, 0x00, 0x00, 0x00, 0x00, 0x00, 0x00, 0x00, 0x00, 0x00,
  0x00, 0x00, 0x00, 0x00, 0x00, 0x00, 0x00, 0x00, 0x00, 0x00, 0x00, 0x00,
  0x00, 0x00, 0x00, 0x00, 0x00, 0x00, 0x00, 0x00, 0x00, 0x00, 0x00, 0x00,
  0x00, 0x00, 0x00, 0x00, 0x00, 0x00, 0x00, 0x00, 0x00, 0x00, 0x00, 0x00,
  0x00, 0x00, 0x00, 0x00, 0x00, 0x00, 0x00, 0x00, 0x00, 0x00, 0x00, 0x00,
  0x00, 0x00, 0x00, 0x00, 0x00, 0x00, 0x00, 0x00, 0x00, 0x00, 0x00, 0x00,
  0x00, 0x00, 0x00, 0x00, 0x00, 0x00, 0x00, 0x00, 0x00, 0x00, 0x00, 0x00,
  0x00, 0x00, 0x00, 0x00, 0x00, 0x00, 0x00, 0x00, 0x00, 0x00, 0x00, 0x00,
  0x00, 0x00, 0x00, 0x00, 0x00, 0x00, 0x00, 0x00, 0x00, 0x00, 0x00, 0x00,
  0x00, 0x00, 0x00, 0x00, 0x00, 0x00, 0x00, 0x00, 0x00, 0x00, 0x00, 0x00,
  0x00, 0x00, 0x00, 0x00, 0x00, 0x00, 0x00, 0x00, 0x00, 0x00, 0x00, 0x00,
  0x00, 0x00, 0x00, 0x00, 0x00, 0x00, 0x00, 0x00, 0x00, 0x00, 0x00, 0x00,
  0x00, 0x00, 0x00, 0x00, 0x00, 0x00, 0x00, 0x00, 0x00, 0x00, 0x00, 0x00,
  0x00, 0x00, 0x00, 0x00, 0x00, 0x00, 0x00, 0x00, 0x00, 0x00, 0x00, 0x00,
  0x00, 0x00, 0x00, 0x00, 0x00, 0x00, 0x00, 0x00, 0x00, 0x00, 0x00, 0x00,
  0x00, 0x00, 0x00, 0x00, 0x00, 0x00, 0x00, 0x00, 0x00, 0x00, 0x00, 0x00,
  0x00, 0x00, 0x00, 0x00, 0x00, 0x00, 0x00, 0x00, 0x00, 0x00, 0x00, 0x00,
  0x00, 0x00, 0x00, 0x00, 0x00, 0x00, 0x00, 0x00, 0x00, 0x00, 0x00, 0x00,
  0x00, 0x00, 0x00, 0x00, 0x00, 0x00, 0x00, 0x00, 0x00, 0x00, 0x00, 0x00,
  0x00, 0x00, 0x00, 0x00, 0x00, 0x00, 0x00, 0x00, 0x00, 0x00, 0x00, 0x00,
  0x00, 0x00, 0x00, 0x00, 0x00, 0x00, 0x00, 0x00, 0x00, 0x00, 0x00, 0x00,
  0x00, 0x00, 0x00, 0x00, 0x00, 0x00, 0x00, 0x00, 0x00, 0x00, 0x00, 0x00,
  0x00, 0x00, 0x00, 0x00, 0x00, 0x00, 0x00, 0x00, 0x00, 0x00, 0x00, 0x00,
  0x00, 0x00, 0x00, 0x00, 0x00, 0x00, 0x00, 0x00, 0x00, 0x00, 0x00, 0x00,
  0x00, 0x00, 0x00, 0x00, 0x00, 0x00, 0x00, 0x00, 0x00, 0x00, 0x00, 0x00,
  0x00, 0x00, 0x00, 0x00, 0x00, 0x00, 0x00, 0x00, 0x00, 0x00, 0x00, 0x00,
  0x00, 0x00, 0x00, 0x00, 0x00, 0x00, 0x00, 0x00, 0x00, 0x00, 0x00, 0x00,
  0x00, 0x00, 0x00, 0x00, 0x00, 0x00, 0x00, 0x00, 0x00, 0x00, 0x00, 0x00,
  0x00, 0x00, 0x00, 0x00, 0x00, 0x00, 0x00, 0x00, 0x00, 0x00, 0x00, 0x00,
  0x00, 0x00, 0x00, 0x00, 0x00, 0x00, 0x00, 0x00, 0x00, 0x00, 0x00, 0x00,
  0x00, 0x00, 0x00, 0x00, 0x00, 0x00, 0x00, 0x00, 0x00, 0x00, 0x00, 0x00,
  0x00, 0x00, 0x00, 0x00, 0x00, 0x00, 0x00, 0x00, 0x00, 0x00, 0x00, 0x00,
  0x00, 0x00, 0x00, 0x00, 0x00, 0x00, 0x00, 0x00, 0x00, 0x00, 0x00, 0x00,
  0x00, 0x00, 0x00, 0x00, 0x00, 0x00, 0x00, 0x00, 0x00, 0x00, 0x00, 0x00,
  0x00, 0x00, 0x00, 0x00, 0x00, 0x00, 0x00, 0x00, 0x00, 0x00, 0x00, 0x00,
  0x00, 0x00, 0x00, 0x00, 0x00, 0x00, 0x00, 0x00, 0x00, 0x00, 0x00, 0x00,
  0x00, 0x00, 0x00, 0x00, 0x00, 0x00, 0x00, 0x00, 0x00, 0x00, 0x00, 0x00,
  0x00, 0x00, 0x00, 0x00, 0x00, 0x00, 0x00, 0x00, 0x00, 0x00, 0x00, 0x00,
  0x00, 0x00, 0x00, 0x00, 0x00, 0x00, 0x00, 0x00, 0x00, 0x00, 0x00, 0x00,
  0x00, 0x00, 0x00, 0x00, 0x00, 0x00, 0x00, 0x00, 0x00, 0x00, 0x00, 0x00,
  0x00, 0x00, 0x00, 0x00, 0x00, 0x00, 0x00, 0x00, 0x00, 0x00, 0x00, 0x00,
  0x00, 0x00, 0x00, 0x00, 0x00, 0x00, 0x00, 0x00, 0x00, 0x00, 0x00, 0x00,
  0x00, 0x00, 0x00, 0x00, 0x00, 0x00, 0x00, 0x00, 0x00, 0x00, 0x00, 0x00,
  0x00, 0x00, 0x00, 0x00, 0x00, 0x00, 0x00, 0x00, 0x00, 0x00, 0x00, 0x00,
  0x00, 0x00, 0x00, 0x00, 0x00, 0x00, 0x00, 0x00, 0x00, 0x00, 0x00, 0x00,
  0x00, 0x00, 0x00, 0x00, 0x00, 0x00, 0x00, 0x00, 0x00, 0x00, 0x00, 0x00,
  0x00, 0x00, 0x00, 0x00, 0x00, 0x00, 0x00, 0x00, 0x00, 0x00, 0x00, 0x00,
  0x00, 0x00, 0x00, 0x00, 0x00, 0x00, 0x00, 0x00, 0x00, 0x00, 0x00, 0x00,
  0x00, 0x00, 0x00, 0x00, 0x00, 0x00, 0x00, 0x00, 0x00, 0x00, 0x00, 0x00,
  0x00, 0x00, 0x00, 0x00, 0x00, 0x00, 0x00, 0x00, 0x00, 0x00, 0x00, 0x00,
  0x00, 0x00, 0x00, 0x00, 0x00, 0x00, 0x00, 0x00, 0x00, 0x00, 0x00, 0x00,
  0x00, 0x00, 0x00, 0x00, 0x00, 0x00, 0x00, 0x00, 0x00, 0x00, 0x00, 0x00,
  0x00, 0x00, 0x00, 0x00, 0x00, 0x00, 0x00, 0x00, 0x00, 0x00, 0x00, 0x00,
  0x00, 0x00, 0x00, 0x00, 0x00, 0x00, 0x00, 0x00, 0x00, 0x00, 0x00, 0x00,
  0x00, 0x00, 0x00, 0x00, 0x00, 0x00, 0x00, 0x00, 0x00, 0x00, 0x00, 0x00,
  0x00, 0x00, 0x00, 0x00, 0x00, 0x00, 0x00, 0x00, 0x00, 0x00, 0x00, 0x00,
  0x00, 0x00, 0x00, 0x00, 0x00, 0x00, 0x00, 0x00, 0x00, 0x00, 0x00, 0x00,
  0x00, 0x00, 0x00, 0x00, 0x00, 0x00, 0x00, 0x00, 0x00, 0x00, 0x00, 0x00,
  0x00, 0x00, 0x00, 0x00, 0x00, 0x00, 0x00, 0x00, 0x00, 0x00, 0x00, 0x00,
  0x00, 0x00, 0x00, 0x00, 0x00, 0x00, 0x00, 0x00, 0x00, 0x00, 0x00, 0x00,
  0x00, 0x00, 0x00, 0x00, 0x00, 0x00, 0x00, 0x00, 0x00, 0x00, 0x00, 0x00,
  0x00, 0x00, 0x00, 0x00, 0x00, 0x00, 0x00, 0x00, 0x00, 0x00, 0x00, 0x00,
  0x00, 0x00, 0x00, 0x00, 0x00, 0x00, 0x00, 0x00, 0x00, 0x00, 0x00, 0x00,
  0x00, 0x00, 0x00, 0x00, 0x00, 0x00, 0x00, 0x00, 0x00, 0x00, 0x00, 0x00,
  0x00, 0x00, 0x00, 0x00, 0x00, 0x00, 0x00, 0x00, 0x00, 0x00, 0x00, 0x00,
  0x00, 0x00, 0x00, 0x00, 0x00, 0x00, 0x00, 0x00, 0x00, 0x00, 0x00, 0x00,
  0x00, 0x00, 0x00, 0x00, 0x00, 0x00, 0x00, 0x00, 0x00, 0x00, 0x00, 0x00,
  0x00, 0x00, 0x00, 0x00, 0x00, 0x00, 0x00, 0x00, 0x00, 0x00, 0x00, 0x00,
  0x00, 0x00, 0x00, 0x00, 0x00, 0x00, 0x00, 0x00, 0x00, 0x00, 0x00, 0x00,
  0x00, 0x00, 0x00, 0x00, 0x00, 0x00, 0x00, 0x00, 0x00, 0x00, 0x00, 0x00,
  0x00, 0x00, 0x00, 0x00, 0x00, 0x00, 0x00, 0x00, 0x00, 0x00, 0x00, 0x00,
  0x00, 0x00, 0x00, 0x00, 0x00, 0x00, 0x00, 0x00, 0x00, 0x00, 0x00, 0x00,
  0x00, 0x00, 0x00, 0x00, 0x00, 0x00, 0x00, 0x00, 0x00, 0x00, 0x00, 0x00,
  0x00, 0x00, 0x00, 0x00, 0x00, 0x00, 0x00, 0x00, 0x00, 0x00, 0x00, 0x00,
  0x00, 0x00, 0x00, 0x00, 0x00, 0x00, 0x00, 0x00, 0x00, 0x00, 0x00, 0x00,
  0x00, 0x00, 0x00, 0x00, 0x00, 0x00, 0x00, 0x00, 0x00, 0x00, 0x00, 0x00,
  0x00, 0x00, 0x00, 0x00, 0x00, 0x00, 0x00, 0x00, 0x00, 0x00, 0x00, 0x00,
  0x00, 0x00, 0x00, 0x00, 0x00, 0x00, 0x00, 0x00, 0x00, 0x00, 0x00, 0x00,
  0x00, 0x00, 0x00, 0x00, 0x00, 0x00, 0x00, 0x00, 0x00, 0x00, 0x00, 0x00,
  0x00, 0x00, 0x00, 0x00, 0x00, 0x00, 0x00, 0x00, 0x00, 0x00, 0x00, 0x00,
  0x00, 0x00, 0x00, 0x00, 0x00, 0x00, 0x00, 0x00, 0x00, 0x00, 0x00, 0x00,
  0x00, 0x00, 0x00, 0x00, 0x00, 0x00, 0x00, 0x00, 0x00, 0x00, 0x00, 0x00,
  0x00, 0x00, 0x00, 0x00, 0x00, 0x00, 0x00, 0x00, 0x00, 0x00, 0x00, 0x00,
  0x00, 0x00, 0x00, 0x00, 0x00, 0x00, 0x00, 0x00, 0x00, 0x00, 0x00, 0x00,
  0x00, 0x00, 0x00, 0x00, 0x00, 0x00, 0x00, 0x00, 0x00, 0x00, 0x00, 0x00,
  0x00, 0x00, 0x00, 0x00, 0x00, 0x00, 0x00, 0x00, 0x00, 0x00, 0x00, 0x00,
  0x00, 0x00, 0x00, 0x00, 0x00, 0x00, 0x00, 0x00, 0x00, 0x00, 0x00, 0x00,
  0x00, 0x00, 0x00, 0x00, 0x00, 0x00, 0x00, 0x00, 0x00, 0x00, 0x00, 0x00,
  0x00, 0x00, 0x00, 0x00, 0x00, 0x00, 0x00, 0x00, 0x00, 0x00, 0x00, 0x00,
  0x00, 0x00, 0x00, 0x00, 0x00, 0x00, 0x00, 0x00, 0x00, 0x00, 0x00, 0x00,
  0x00, 0x00, 0x00, 0x00, 0x00, 0x00, 0x00, 0x00, 0x00, 0x00, 0x00, 0x00,
  0x00, 0x00, 0x00, 0x00, 0x00, 0x00, 0x00, 0x00, 0x00, 0x00, 0x00, 0x00,
  0x00, 0x00, 0x00, 0x00, 0x00, 0x00, 0x00, 0x00, 0x00, 0x00, 0x00, 0x00,
  0x00, 0x00, 0x00, 0x00, 0x00, 0x00, 0x00, 0x00, 0x00, 0x00, 0x00, 0x00,
  0x00, 0x00, 0x00, 0x00, 0x00, 0x00, 0x00, 0x00, 0x00, 0x00, 0x00, 0x00,
  0x00, 0x00, 0x00, 0x00, 0x00, 0x00, 0x00, 0x00, 0x00, 0x00, 0x00, 0x00,
  0x00, 0x00, 0x00, 0x00, 0x00, 0x00, 0x00, 0x00, 0x00, 0x00, 0x00, 0x00,
  0x00, 0x00, 0x00, 0x00, 0x00, 0x00, 0x00, 0x00, 0x00, 0x00, 0x00, 0x00,
  0x00, 0x00, 0x00, 0x00, 0x00, 0x00, 0x00, 0x00, 0x00, 0x00, 0x00, 0x00,
  0x00, 0x00, 0x00, 0x00, 0x00, 0x00, 0x00, 0x00, 0x00, 0x00, 0x00, 0x00,
  0x00, 0x00, 0x00, 0x00, 0x00, 0x00, 0x00, 0x00, 0x00, 0x00, 0x00, 0x00,
  0x00, 0x00, 0x00, 0x00, 0x00, 0x00, 0x00, 0x00, 0x00, 0x00, 0x00, 0x00,
  0x00, 0x00, 0x00, 0x00, 0x00, 0x00, 0x00, 0x00, 0x00, 0x00, 0x00, 0x00,
  0x00, 0x00, 0x00, 0x00, 0x00, 0x00, 0x00, 0x00, 0x00, 0x00, 0x00, 0x00,
  0x00, 0x00, 0x00, 0x00, 0x00, 0x00, 0x00, 0x00, 0x00, 0x00, 0x00, 0x00,
  0x00, 0x00, 0x00, 0x00, 0x00, 0x00, 0x00, 0x00, 0x00, 0x00, 0x00, 0x00,
  0x00, 0x00, 0x00, 0x00, 0x00, 0x00, 0x00, 0x00, 0x00, 0x00, 0x00, 0x00,
  0x00, 0x00, 0x00, 0x00, 0x00, 0x00, 0x00, 0x00, 0x00, 0x00, 0x00, 0x00,
  0x00, 0x00, 0x00, 0x00, 0x00, 0x00, 0x00, 0x00, 0x00, 0x00, 0x00, 0x00,
  0x00, 0x00, 0x00, 0x00, 0x00, 0x00, 0x00, 0x00, 0x00, 0x00, 0x00, 0x00,
  0x00, 0x00, 0x00, 0x00, 0x00, 0x00, 0x00, 0x00, 0x00, 0x00, 0x00, 0x00,
  0x00, 0x00, 0x00, 0x00, 0x00, 0x00, 0x00, 0x00, 0x00, 0x00, 0x00, 0x00,
  0x00, 0x00, 0x00, 0x00, 0x00, 0x00, 0x00, 0x00, 0x00, 0x00, 0x00, 0x00,
  0x00, 0x00, 0x00, 0x00, 0x00, 0x00, 0x00, 0x00, 0x00, 0x00, 0x00, 0x00,
  0x00, 0x00, 0x00, 0x00, 0x00, 0x00, 0x00, 0x00, 0x00, 0x00, 0x00, 0x00,
  0x00, 0x00, 0x00, 0x00, 0x00, 0x00, 0x00, 0x00, 0x00, 0x00, 0x00, 0x00,
  0x00, 0x00, 0x00, 0x00, 0x00, 0x00, 0x00, 0x00, 0x00, 0x00, 0x00, 0x00,
  0x00, 0x00, 0x00, 0x00, 0x00, 0x00, 0x00, 0x00, 0x00, 0x00, 0x00, 0x00,
  0x00, 0x00, 0x00, 0x00, 0x00, 0x00, 0x00, 0x00, 0x00, 0x00, 0x00, 0x00,
  0x00, 0x00, 0x00, 0x00, 0x00, 0x00, 0x00, 0x00, 0x00, 0x00, 0x00, 0x00,
  0x00, 0x00, 0x00, 0x00, 0x00, 0x00, 0x00, 0x00, 0x00, 0x00, 0x00, 0x00,
  0x00, 0x00, 0x00, 0x00, 0x00, 0x00, 0x00, 0x00, 0x00, 0x00, 0x00, 0x00,
  0x00, 0x00, 0x00, 0x00, 0x00, 0x00, 0x00, 0x00, 0x00, 0x00, 0x00, 0x00,
  0x00, 0x00, 0x00, 0x00, 0x00, 0x00, 0x00, 0x00, 0x00, 0x00, 0x00, 0x00,
  0x00, 0x00, 0x00, 0x00, 0x00, 0x00, 0x00, 0x00, 0x00, 0x00, 0x00, 0x00,
  0x00, 0x00, 0x00, 0x00, 0x00, 0x00, 0x00, 0x00, 0x00, 0x00, 0x00, 0x00,
  0x00, 0x00, 0x00, 0x00, 0x00, 0x00, 0x00, 0x00, 0x00, 0x00, 0x00, 0x00,
  0x00, 0x00, 0x00, 0x00, 0x00, 0x00, 0x00, 0x00, 0x00, 0x00, 0x00, 0x00,
  0x00, 0x00, 0x00, 0x00, 0x00, 0x00, 0x00, 0x00, 0x00, 0x00, 0x00, 0x00,
  0x00, 0x00, 0x00, 0x00, 0x00, 0x00, 0x00, 0x00, 0x00, 0x00, 0x00, 0x00,
  0x00, 0x00, 0x00, 0x00, 0x00, 0x00, 0x00, 0x00, 0x00, 0x00, 0x00, 0x00,
  0x00, 0x00, 0x00, 0x00, 0x00, 0x00, 0x00, 0x00, 0x00, 0x00, 0x00, 0x00,
  0x00, 0x00, 0x00, 0x00, 0x00, 0x00, 0x00, 0x00, 0x00, 0x00, 0x00, 0x00,
  0x00, 0x00, 0x00, 0x00, 0x00, 0x00, 0x00, 0x00, 0x00, 0x00, 0x00, 0x00,
  0x00, 0x00, 0x00, 0x00, 0x00, 0x00, 0x00, 0x00, 0x00, 0x00, 0x00, 0x00,
  0x00, 0x00, 0x00, 0x00, 0x00, 0x00, 0x00, 0x00, 0x00, 0x00, 0x00, 0x00,
  0x00, 0x00, 0x00, 0x00, 0x00, 0x00, 0x00, 0x00, 0x00, 0x00, 0x00, 0x00,
  0x00, 0x00, 0x00, 0x00, 0x00, 0x00, 0x00, 0x00, 0x00, 0x00, 0x00, 0x00,
  0x00, 0x00, 0x00, 0x00, 0x00, 0x00, 0x00, 0x00, 0x00, 0x00, 0x00, 0x00,
  0x00, 0x00, 0x00, 0x00, 0x00, 0x00, 0x00, 0x00, 0x00, 0x00, 0x00, 0x00,
  0x00, 0x00, 0x00, 0x00, 0x00, 0x00, 0x00, 0x00, 0x00, 0x00, 0x00, 0x00,
  0x00, 0x00, 0x00, 0x00, 0x00, 0x00, 0x00, 0x00, 0x00, 0x00, 0x00, 0x00,
  0x00, 0x00, 0x00, 0x00, 0x00, 0x00, 0x00, 0x00, 0x00, 0x00, 0x00, 0x00,
  0x00, 0x00, 0x00, 0x00, 0x00, 0x00, 0x00, 0x00, 0x00, 0x00, 0x00, 0x00,
  0x00, 0x00, 0x00, 0x00, 0x00, 0x00, 0x00, 0x00, 0x00, 0x00, 0x00, 0x00,
  0x00, 0x00, 0x00, 0x00, 0x00, 0x00, 0x00, 0x00, 0x00, 0x00, 0x00, 0x00,
  0x00, 0x00, 0x00, 0x00, 0x00, 0x00, 0x00, 0x00, 0x00, 0x00, 0x00, 0x00,
  0x00, 0x00, 0x00, 0x00, 0x00, 0x00, 0x00, 0x00, 0x00, 0x00, 0x00, 0x00,
  0x00, 0x00, 0x00, 0x00, 0x00, 0x00, 0x00, 0x00, 0x00, 0x00, 0x00, 0x00,
  0x00, 0x00, 0x00, 0x00, 0x00, 0x00, 0x00, 0x00, 0x00, 0x00, 0x00, 0x00,
  0x00, 0x00, 0x00, 0x00, 0x00, 0x00, 0x00, 0x00, 0x00, 0x00, 0x00, 0x00,
  0x00, 0x00, 0x00, 0x00, 0x00, 0x00, 0x00, 0x00, 0x00, 0x00, 0x00, 0x00,
  0x00, 0x00, 0x00, 0x00, 0x00, 0x00, 0x00, 0x00, 0x00, 0x00, 0x00, 0x00,
  0x00, 0x00, 0x00, 0x00, 0x00, 0x00, 0x00, 0x00, 0x00, 0x00, 0x00, 0x00,
  0x00, 0x00, 0x00, 0x00, 0x00, 0x00, 0x00, 0x00, 0x00, 0x00, 0x00, 0x00,
  0x00, 0x00, 0x00, 0x00, 0x00, 0x00, 0x00, 0x00, 0x00, 0x00, 0x00, 0x00,
  0x00, 0x00, 0x00, 0x00, 0x00, 0x00, 0x00, 0x00, 0x00, 0x00, 0x00, 0x00,
  0x00, 0x00, 0x00, 0x00, 0x00, 0x00, 0x00, 0x00, 0x00, 0x00, 0x00, 0x00,
  0x00, 0x00, 0x00, 0x00, 0x00, 0x00, 0x00, 0x00, 0x00, 0x00, 0x00, 0x00,
  0x00, 0x00, 0x00, 0x00, 0x00, 0x00, 0x00, 0x00, 0x00, 0x00, 0x00, 0x00,
  0x00, 0x00, 0x00, 0x00, 0x00, 0x00, 0x00, 0x00, 0x00, 0x00, 0x00, 0x00,
  0x00, 0x00, 0x00, 0x00, 0x00, 0x00, 0x00, 0x00, 0x00, 0x00, 0x00, 0x00,
  0x00, 0x00, 0x00, 0x00, 0x00, 0x00, 0x00, 0x00, 0x00, 0x00, 0x00, 0x00,
  0x00, 0x00, 0x00, 0x00, 0x00, 0x00, 0x00, 0x00, 0x00, 0x00, 0x00, 0x00,
  0x00, 0x00, 0x00, 0x00, 0x00, 0x00, 0x00, 0x00, 0x00, 0x00, 0x00, 0x00,
  0x00, 0x00, 0x00, 0x00, 0x00, 0x00, 0x00, 0x00, 0x00, 0x00, 0x00, 0x00,
  0x00, 0x00, 0x00, 0x00, 0x00, 0x00, 0x00, 0x00, 0x00, 0x00, 0x00, 0x00,
  0x00, 0x00, 0x00, 0x00, 0x00, 0x00, 0x00, 0x00, 0x00, 0x00, 0x00, 0x00,
  0x00, 0x00, 0x00, 0x00, 0x00, 0x00, 0x00, 0x00, 0x00, 0x00, 0x00, 0x00,
  0x00, 0x00, 0x00, 0x00, 0x00, 0x00, 0x00, 0x00, 0x00, 0x00, 0x00, 0x00,
  0x00, 0x00, 0x00, 0x00, 0x00, 0x00, 0x00, 0x00, 0x00, 0x00, 0x00, 0x00,
  0x00, 0x00, 0x00, 0x00, 0x00, 0x00, 0x00, 0x00, 0x00, 0x00, 0x00, 0x00,
  0x00, 0x00, 0x00, 0x00, 0x00, 0x00, 0x00, 0x00, 0x00, 0x00, 0x00, 0x00,
  0x00, 0x00, 0x00, 0x00, 0x00, 0x00, 0x00, 0x00, 0x00, 0x00, 0x00, 0x00,
  0x00, 0x00, 0x00, 0x00, 0x00, 0x00, 0x00, 0x00, 0x00, 0x00, 0x00, 0x00,
  0x00, 0x00, 0x00, 0x00, 0x00, 0x00, 0x00, 0x00, 0x00, 0x00, 0x00, 0x00,
  0x00, 0x00, 0x00, 0x00, 0x00, 0x00, 0x00, 0x00, 0x00, 0x00, 0x00, 0x00,
  0x00, 0x00, 0x00, 0x00, 0x00, 0x00, 0x00, 0x00, 0x00, 0x00, 0x00, 0x00,
  0x00, 0x00, 0x00, 0x00, 0x00, 0x00, 0x00, 0x00, 0x00, 0x00, 0x00, 0x00,
  0x00, 0x00, 0x00, 0x00, 0x00, 0x00, 0x00, 0x00, 0x00, 0x00, 0x00, 0x00,
  0x00, 0x00, 0x00, 0x00, 0x00, 0x00, 0x00, 0x00, 0x00, 0x00, 0x00, 0x00,
  0x00, 0x00, 0x00, 0x00, 0x00, 0x00, 0x00, 0x00, 0x00, 0x00, 0x00, 0x00,
  0x00, 0x00, 0x00, 0x00, 0x00, 0x00, 0x00, 0x00, 0x00, 0x00, 0x00, 0x00,
  0x00, 0x00, 0x00, 0x00, 0x00, 0x00, 0x00, 0x00, 0x00, 0x00, 0x00, 0x00,
  0x00, 0x00, 0x00, 0x00, 0x00, 0x00, 0x00, 0x00, 0x00, 0x00, 0x00, 0x00,
  0x00, 0x00, 0x00, 0x00, 0x00, 0x00, 0x00, 0x00, 0x00, 0x00, 0x00, 0x00,
  0x00, 0x00, 0x00, 0x00, 0x00, 0x00, 0x00, 0x00, 0x00, 0x00, 0x00, 0x00,
  0x00, 0x00, 0x00, 0x00, 0x00, 0x00, 0x00, 0x00, 0x00, 0x00, 0x00, 0x00,
  0x00, 0x00, 0x00, 0x00, 0x00, 0x00, 0x00, 0x00, 0x00, 0x00, 0x00, 0x00,
  0x00, 0x00, 0x00, 0x00, 0x00, 0x00, 0x00, 0x00, 0x00, 0x00, 0x00, 0x00,
  0x00, 0x00, 0x00, 0x00, 0x00, 0x00, 0x00, 0x00, 0x00, 0x00, 0x00, 0x00,
  0x00, 0x00, 0x00, 0x00, 0x00, 0x00, 0x00, 0x00, 0x00, 0x00, 0x00, 0x00,
  0x00, 0x00, 0x00, 0x00, 0x00, 0x00, 0x00, 0x00, 0x00, 0x00, 0x00, 0x00,
  0x00, 0x00, 0x00, 0x00, 0x00, 0x00, 0x00, 0x00, 0x00, 0x00, 0x00, 0x00,
  0x00, 0x00, 0x00, 0x00, 0x00, 0x00, 0x00, 0x00, 0x00, 0x00, 0x00, 0x00,
  0x00, 0x00, 0x00, 0x00, 0x00, 0x00, 0x00, 0x00, 0x00, 0x00, 0x00, 0x00,
  0x00, 0x00, 0x00, 0x00, 0x00, 0x00, 0x00, 0x00, 0x00, 0x00, 0x00, 0x00,
  0x00, 0x00, 0x00, 0x00, 0x00, 0x00, 0x00, 0x00, 0x00, 0x00, 0x00, 0x00,
  0x00, 0x00, 0x00, 0x00, 0x00, 0x00, 0x00, 0x00, 0x00, 0x00, 0x00, 0x00,
  0x00, 0x00, 0x00, 0x00, 0x00, 0x00, 0x00, 0x00, 0x00, 0x00, 0x00, 0x00,
  0x00, 0x00, 0x00, 0x00, 0x00, 0x00, 0x00, 0x00, 0x00, 0x00, 0x00, 0x00,
  0x00, 0x00, 0x00, 0x00, 0x00, 0x00, 0x00, 0x00, 0x00, 0x00, 0x00, 0x00,
  0x00, 0x00, 0x00, 0x00, 0x00, 0x00, 0x00, 0x00, 0x00, 0x00, 0x00, 0x00,
  0x00, 0x00, 0x00, 0x00, 0x00, 0x00, 0x00, 0x00, 0x00, 0x00, 0x00, 0x00,
  0x00, 0x00, 0x00, 0x00, 0x00, 0x00, 0x00, 0x00, 0x00, 0x00, 0x00, 0x00,
  0x00, 0x00, 0x00, 0x00, 0x00, 0x00, 0x00, 0x00, 0x00, 0x00, 0x00, 0x00,
  0x00, 0x00, 0x00, 0x00, 0x00, 0x00, 0x00, 0x00, 0x00, 0x00, 0x00, 0x00,
  0x00, 0x00, 0x00, 0x00, 0x00, 0x00, 0x00, 0x00, 0x00, 0x00, 0x00, 0x00,
  0x00, 0x00, 0x00, 0x00, 0x00, 0x00, 0x00, 0x00, 0x00, 0x00, 0x00, 0x00,
  0x00, 0x00, 0x00, 0x00, 0x00, 0x00, 0x00, 0x00, 0x00, 0x00, 0x00, 0x00,
  0x00, 0x00, 0x00, 0x00, 0x00, 0x00, 0x00, 0x00, 0x00, 0x00, 0x00, 0x00,
  0x00, 0x00, 0x00, 0x00, 0x00, 0x00, 0x00, 0x00, 0x00, 0x00, 0x00, 0x00,
  0x00, 0x00, 0x00, 0x00, 0x00, 0x00, 0x00, 0x00, 0x00, 0x00, 0x00, 0x00,
  0x00, 0x00, 0x00, 0x00, 0x00, 0x00, 0x00, 0x00, 0x00, 0x00, 0x00, 0x00,
  0x00, 0x00, 0x00, 0x00, 0x00, 0x00, 0x00, 0x00, 0x00, 0x00, 0x00, 0x00,
  0x00, 0x00, 0x00, 0x00, 0x00, 0x00, 0x00, 0x00, 0x00, 0x00, 0x00, 0x00,
  0x00, 0x00, 0x00, 0x00, 0x00, 0x00, 0x00, 0x00, 0x00, 0x00, 0x00, 0x00,
  0x00, 0x00, 0x00, 0x00, 0x00, 0x00, 0x00, 0x00, 0x00, 0x00, 0x00, 0x00,
  0x00, 0x00, 0x00, 0x00, 0x00, 0x00, 0x00, 0x00, 0x00, 0x00, 0x00, 0x00,
  0x00, 0x00, 0x00, 0x00, 0x00, 0x00, 0x00, 0x00, 0x00, 0x00, 0x00, 0x00,
  0x00, 0x00, 0x00, 0x00, 0x00, 0x00, 0x00, 0x00, 0x00, 0x00, 0x00, 0x00,
  0x00, 0x00, 0x00, 0x00, 0x00, 0x00, 0x00, 0x00, 0x00, 0x00, 0x00, 0x00,
  0x00, 0x00, 0x00, 0x00, 0x00, 0x00, 0x00, 0x00, 0x00, 0x00, 0x00, 0x00,
  0x00, 0x00, 0x00, 0x00, 0x00, 0x00, 0x00, 0x00, 0x00, 0x00, 0x00, 0x00,
  0x00, 0x00, 0x00, 0x00, 0x00, 0x00, 0x00, 0x00, 0x00, 0x00, 0x00, 0x00,
  0x00, 0x00, 0x00, 0x00, 0x00, 0x00, 0x00, 0x00, 0x00, 0x00, 0x00, 0x00,
  0x00, 0x00, 0x00, 0x00, 0x00, 0x00, 0x00, 0x00, 0x00, 0x00, 0x00, 0x00,
  0x00, 0x00, 0x00, 0x00, 0x00, 0x00, 0x00, 0x00, 0x00, 0x00, 0x00, 0x00,
  0x00, 0x00, 0x00, 0x00, 0x00, 0x00, 0x00, 0x00, 0x00, 0x00, 0x00, 0x00,
  0x00, 0x00, 0x00, 0x00, 0x00, 0x00, 0x00, 0x00, 0x00, 0x00, 0x00, 0x00,
  0x00, 0x00, 0x00, 0x00, 0x00, 0x00, 0x00, 0x00, 0x00, 0x00, 0x00, 0x00,
  0x00, 0x00, 0x00, 0x00, 0x00, 0x00, 0x00, 0x00, 0x00, 0x00, 0x00, 0x00,
  0x00, 0x00, 0x00, 0x00, 0x00, 0x00, 0x00, 0x00, 0x00, 0x00, 0x00, 0x00,
  0x00, 0x00, 0x00, 0x00, 0x00, 0x00, 0x00, 0x00, 0x00, 0x00, 0x00, 0x00,
  0x00, 0x00, 0x00, 0x00, 0x00, 0x00, 0x00, 0x00, 0x00, 0x00, 0x00, 0x00,
  0x00, 0x00, 0x00, 0x00, 0x00, 0x00, 0x00, 0x00, 0x00, 0x00, 0x00, 0x00,
  0x00, 0x00, 0x00, 0x00, 0x00, 0x00, 0x00, 0x00, 0x00, 0x00, 0x00, 0x00,
  0x00, 0x00, 0x00, 0x00, 0x00, 0x00, 0x00, 0x00, 0x00, 0x00, 0x00, 0x00,
  0x00, 0x00, 0x00, 0x00, 0x00, 0x00, 0x00, 0x00, 0x00, 0x00, 0x00, 0x00,
  0x00, 0x00, 0x00, 0x00, 0x00, 0x00, 0x00, 0x00, 0x00, 0x00, 0x00, 0x00,
  0x00, 0x00, 0x00, 0x00, 0x00, 0x00, 0x00, 0x00, 0x00, 0x00, 0x00, 0x00,
  0x00, 0x00, 0x00, 0x00, 0x00, 0x00, 0x00, 0x00, 0x00, 0x00, 0x00, 0x00,
  0x00, 0x00, 0x00, 0x00, 0x00, 0x00, 0x00, 0x00, 0x00, 0x00, 0x00, 0x00,
  0x00, 0x00, 0x00, 0x00, 0x00, 0x00, 0x00, 0x00, 0x00, 0x00, 0x00, 0x00,
  0x00, 0x00, 0x00, 0x00, 0x00, 0x00, 0x00, 0x00, 0x00, 0x00, 0x00, 0x00,
  0x00, 0x00, 0x00, 0x00, 0x00, 0x00, 0x00, 0x00, 0x00, 0x00, 0x00, 0x00,
  0x00, 0x00, 0x00, 0x00, 0x00, 0x00, 0x00, 0x00, 0x00, 0x00, 0x00, 0x00,
  0x00, 0x00, 0x00, 0x00, 0x00, 0x00, 0x00, 0x00, 0x00, 0x00, 0x00, 0x00,
  0x00, 0x00, 0x00, 0x00, 0x00, 0x00, 0x00, 0x00, 0x00, 0x00, 0x00, 0x00,
  0x00, 0x00, 0x00, 0x00, 0x00, 0x00, 0x00, 0x00, 0x00, 0x00, 0x00, 0x00,
  0x00, 0x00, 0x00, 0x00, 0x00, 0x00, 0x00, 0x00, 0x00, 0x00, 0x00, 0x00,
  0x00, 0x00, 0x00, 0x00, 0x00, 0x00, 0x00, 0x00, 0x00, 0x00, 0x00, 0x00,
  0x00, 0x00, 0x00, 0x00, 0x00, 0x00, 0x00, 0x00, 0x00, 0x00, 0x00, 0x00,
  0x00, 0x00, 0x00, 0x00, 0x00, 0x00, 0x00, 0x00, 0x00, 0x00, 0x00, 0x00,
  0x00, 0x00, 0x00, 0x00, 0x00, 0x00, 0x00, 0x00, 0x00, 0x00, 0x00, 0x00,
  0x00, 0x00, 0x00, 0x00, 0x00, 0x00, 0x00, 0x00, 0x00, 0x00, 0x00, 0x00,
  0x00, 0x00, 0x00, 0x00, 0x00, 0x00, 0x00, 0x00, 0x00, 0x00, 0x00, 0x00,
  0x00, 0x00, 0x00, 0x00, 0x00, 0x00, 0x00, 0x00, 0x00, 0x00, 0x00, 0x00,
  0x00, 0x00, 0x00, 0x00, 0x00, 0x00, 0x00, 0x00, 0x00, 0x00, 0x00, 0x00,
  0x00, 0x00, 0x00, 0x00, 0x00, 0x00, 0x00, 0x00, 0x00, 0x00, 0x00, 0x00,
  0x00, 0x00, 0x00, 0x00, 0x00, 0x00, 0x00, 0x00, 0x00, 0x00, 0x00, 0x00,
  0x00, 0x00, 0x00, 0x00, 0x00, 0x00, 0x00, 0x00, 0x00, 0x00, 0x00, 0x00,
  0x00, 0x00, 0x00, 0x00, 0x00, 0x00, 0x00, 0x00, 0x00, 0x00, 0x00, 0x00,
  0x00, 0x00, 0x00, 0x00, 0x00, 0x00, 0x00, 0x00, 0x00, 0x00, 0x00, 0x00,
  0x00, 0x00, 0x00, 0x00, 0x00, 0x00, 0x00, 0x00, 0x00, 0x00, 0x00, 0x00,
  0x00, 0x00, 0x00, 0x00, 0x00, 0x00, 0x00, 0x00, 0x00, 0x00, 0x00, 0x00,
  0x00, 0x00, 0x00, 0x00, 0x00, 0x00, 0x00, 0x00, 0x00, 0x00, 0x00, 0x00,
  0x00, 0x00, 0x00, 0x00, 0x00, 0x00, 0x00, 0x00, 0x00, 0x00, 0x00, 0x00,
  0x00, 0x00, 0x00, 0x00, 0x00, 0x00, 0x00, 0x00, 0x00, 0x00, 0x00, 0x00,
  0x00, 0x00, 0x00, 0x00, 0x00, 0x00, 0x00, 0x00, 0x00, 0x00, 0x00, 0x00,
  0x00, 0x00, 0x00, 0x00, 0x00, 0x00, 0x00, 0x00, 0x00, 0x00, 0x00, 0x00,
  0x00, 0x00, 0x00, 0x00, 0x00, 0x00, 0x00, 0x00, 0x00, 0x00, 0x00, 0x00,
  0x00, 0x00, 0x00, 0x00, 0x00, 0x00, 0x00, 0x00, 0x00, 0x00, 0x00, 0x00,
  0x00, 0x00, 0x00, 0x00, 0x00, 0x00, 0x00, 0x00, 0x00, 0x00, 0x00, 0x00,
  0x00, 0x00, 0x00, 0x00, 0x00, 0x00, 0x00, 0x00, 0x00, 0x00, 0x00, 0x00,
  0x00, 0x00, 0x00, 0x00, 0x00, 0x00, 0x00, 0x00, 0x00, 0x00, 0x00, 0x00,
  0x00, 0x00, 0x00, 0x00, 0x00, 0x00, 0x00, 0x00, 0x00, 0x00, 0x00, 0x00,
  0x00, 0x00, 0x00, 0x00, 0x00, 0x00, 0x00, 0x00, 0x00, 0x00, 0x00, 0x00,
  0x00, 0x00, 0x00, 0x00, 0x00, 0x00, 0x00, 0x00, 0x00, 0x00, 0x00, 0x00,
  0x00, 0x00, 0x00, 0x00, 0x00, 0x00, 0x00, 0x00, 0x00, 0x00, 0x00, 0x00,
  0x00, 0x00, 0x00, 0x00, 0x00, 0x00, 0x00, 0x00, 0x00, 0x00, 0x00, 0x00,
  0x00, 0x00, 0x00, 0x00, 0x00, 0x00, 0x00, 0x00, 0x00, 0x00, 0x00, 0x00,
  0x00, 0x00, 0x00, 0x00, 0x00, 0x00, 0x00, 0x00, 0x00, 0x00, 0x00, 0x00,
  0x00, 0x00, 0x00, 0x00, 0x00, 0x00, 0x00, 0x00, 0x00, 0x00, 0x00, 0x00,
  0x00, 0x00, 0x00, 0x00, 0x00, 0x00, 0x00, 0x00, 0x00, 0x00, 0x00, 0x00,
  0x00, 0x00, 0x00, 0x00, 0x00, 0x00, 0x00, 0x00, 0x00, 0x00, 0x00, 0x00,
  0x00, 0x00, 0x00, 0x00, 0x00, 0x00, 0x00, 0x00, 0x00, 0x00, 0x00, 0x00,
  0x00, 0x00, 0x00, 0x00, 0x00, 0x00, 0x00, 0x00, 0x00, 0x00, 0x00, 0x00,
  0x00, 0x00, 0x00, 0x00, 0x00, 0x00, 0x00, 0x00, 0x00, 0x00, 0x00, 0x00,
  0x00, 0x00, 0x00, 0x00, 0x00, 0x00, 0x00, 0x00, 0x00, 0x00, 0x00, 0x00,
  0x00, 0x00, 0x00, 0x00, 0x00, 0x00, 0x00, 0x00, 0x00, 0x00, 0x00, 0x00,
  0x00, 0x00, 0x00, 0x00, 0x00, 0x00, 0x00, 0x00, 0x00, 0x00, 0x00, 0x00,
  0x00, 0x00, 0x00, 0x00, 0x00, 0x00, 0x00, 0x00, 0x00, 0x00, 0x00, 0x00,
  0x00, 0x00, 0x00, 0x00, 0x00, 0x00, 0x00, 0x00, 0x00, 0x00, 0x00, 0x00,
  0x00, 0x00, 0x00, 0x00, 0x00, 0x00, 0x00, 0x00, 0x00, 0x00, 0x00, 0x00,
  0x00, 0x00, 0x00, 0x00, 0x00, 0x00, 0x00, 0x00, 0x00, 0x00, 0x00, 0x00,
  0x00, 0x00, 0x00, 0x00, 0x00, 0x00, 0x00, 0x00, 0x00, 0x00, 0x00, 0x00,
  0x00, 0x00, 0x00, 0x00, 0x00, 0x00, 0x00, 0x00, 0x00, 0x00, 0x00, 0x00,
  0x00, 0x00, 0x00, 0x00, 0x00, 0x00, 0x00, 0x00, 0x00, 0x00, 0x00, 0x00,
  0x00, 0x00, 0x00, 0x00, 0x00, 0x00, 0x00, 0x00, 0x00, 0x00, 0x00, 0x00,
  0x00, 0x00, 0x00, 0x00, 0x00, 0x00, 0x00, 0x00, 0x00, 0x00, 0x00, 0x00,
  0x00, 0x00, 0x00, 0x00, 0x00, 0x00, 0x00, 0x00, 0x00, 0x00, 0x00, 0x00,
  0x00, 0x00, 0x00, 0x00, 0x00, 0x00, 0x00, 0x00, 0x00, 0x00, 0x00, 0x00,
  0x00, 0x00, 0x00, 0x00, 0x00, 0x00, 0x00, 0x00, 0x00, 0x00, 0x00, 0x00,
  0x00, 0x00, 0x00, 0x00, 0x00, 0x00, 0x00, 0x00, 0x00, 0x00, 0x00, 0x00,
  0x00, 0x00, 0x00, 0x00, 0x00, 0x00, 0x00, 0x00, 0x00, 0x00, 0x00, 0x00,
  0x00, 0x00, 0x00, 0x00, 0x00, 0x00, 0x00, 0x00, 0x00, 0x00, 0x00, 0x00,
  0x00, 0x00, 0x00, 0x00, 0x00, 0x00, 0x00, 0x00, 0x00, 0x00, 0x00, 0x00,
  0x00, 0x00, 0x00, 0x00, 0x00, 0x00, 0x00, 0x00, 0x00, 0x00, 0x00, 0x00,
  0x00, 0x00, 0x00, 0x00, 0x00, 0x00, 0x00, 0x00, 0x00, 0x00, 0x00, 0x00,
  0x00, 0x00, 0x00, 0x00, 0x00, 0x00, 0x00, 0x00, 0x00, 0x00, 0x00, 0x00,
  0x00, 0x00, 0x00, 0x00, 0x00, 0x00, 0x00, 0x00, 0x00, 0x00, 0x00, 0x00,
  0x00, 0x00, 0x00, 0x00, 0x00, 0x00, 0x00, 0x00, 0x00, 0x00, 0x00, 0x00,
  0x00, 0x00, 0x00, 0x00, 0x00, 0x00, 0x00, 0x00, 0x00, 0x00, 0x00, 0x00,
  0x00, 0x00, 0x00, 0x00, 0x00, 0x00, 0x00, 0x00, 0x00, 0x00, 0x00, 0x00,
  0x00, 0x00, 0x00, 0x00, 0x00, 0x00, 0x00, 0x00, 0x00, 0x00, 0x00, 0x00,
  0x00, 0x00, 0x00, 0x00, 0x00, 0x00, 0x00, 0x00, 0x00, 0x00, 0x00, 0x00,
  0x00, 0x00, 0x00, 0x00, 0x00, 0x00, 0x00, 0x00, 0x00, 0x00, 0x00, 0x00,
  0x00, 0x00, 0x00, 0x00, 0x00, 0x00, 0x00, 0x00, 0x00, 0x00, 0x00, 0x00,
  0x00, 0x00, 0x00, 0x00, 0x00, 0x00, 0x00, 0x00, 0x00, 0x00, 0x00, 0x00,
  0x00, 0x00, 0x00, 0x00, 0x00, 0x00, 0x00, 0x00, 0x00, 0x00, 0x00, 0x00,
  0x00, 0x00, 0x00, 0x00, 0x00, 0x00, 0x00, 0x00, 0x00, 0x00, 0x00, 0x00,
  0x00, 0x00, 0x00, 0x00, 0x00, 0x00, 0x00, 0x00, 0x00, 0x00, 0x00, 0x00,
  0x00, 0x00, 0x00, 0x00, 0x00, 0x00, 0x00, 0x00, 0x00, 0x00, 0x00, 0x00,
  0x00, 0x00, 0x00, 0x00, 0x00, 0x00, 0x00, 0x00, 0x00, 0x00, 0x00, 0x00,
  0x00, 0x00, 0x00, 0x00, 0x00, 0x00, 0x00, 0x00, 0x00, 0x00, 0x00, 0x00,
  0x00, 0x00, 0x00, 0x00, 0x00, 0x00, 0x00, 0x00, 0x00, 0x00, 0x00, 0x00,
  0x00, 0x00, 0x00, 0x00, 0x00, 0x00, 0x00, 0x00, 0x00, 0x00, 0x00, 0x00,
  0x00, 0x00, 0x00, 0x00, 0x00, 0x00, 0x00, 0x00, 0x00, 0x00, 0x00, 0x00,
  0x00, 0x00, 0x00, 0x00, 0x00, 0x00, 0x00, 0x00, 0x00, 0x00, 0x00, 0x00,
  0x00, 0x00, 0x00, 0x00, 0x00, 0x00, 0x00, 0x00, 0x00, 0x00, 0x00, 0x00,
  0x00, 0x00, 0x00, 0x00, 0x00, 0x00, 0x00, 0x00, 0x00, 0x00, 0x00, 0x00,
  0x00, 0x00, 0x00, 0x00, 0x00, 0x00, 0x00, 0x00, 0x00, 0x00, 0x00, 0x00,
  0x00, 0x00, 0x00, 0x00, 0x00, 0x00, 0x00, 0x00, 0x00, 0x00, 0x00, 0x00,
  0x00, 0x00, 0x00, 0x00, 0x00, 0x00, 0x00, 0x00, 0x00, 0x00, 0x00, 0x00,
  0x00, 0x00, 0x00, 0x00, 0x00, 0x00, 0x00, 0x00, 0x00, 0x00, 0x00, 0x00,
  0x00, 0x00, 0x00, 0x00, 0x00, 0x00, 0x00, 0x00, 0x00, 0x00, 0x00, 0x00,
  0x00, 0x00, 0x00, 0x00, 0x00, 0x00, 0x00, 0x00, 0x00, 0x00, 0x00, 0x00,
  0x00, 0x00, 0x00, 0x00, 0x00, 0x00, 0x00, 0x00, 0x00, 0x00, 0x00, 0x00,
  0x00, 0x00, 0x00, 0x00, 0x00, 0x00, 0x00, 0x00, 0x00, 0x00, 0x00, 0x00,
  0x00, 0x00, 0x00, 0x00, 0x00, 0x00, 0x00, 0x00, 0x00, 0x00, 0x00, 0x00,
  0x00, 0x00, 0x00, 0x00, 0x00, 0x00, 0x00, 0x00, 0x00, 0x00, 0x00, 0x00,
  0x00, 0x00, 0x00, 0x00, 0x00, 0x00, 0x00, 0x00, 0x00, 0x00, 0x00, 0x00,
  0x00, 0x00, 0x00, 0x00, 0x00, 0x00, 0x00, 0x00, 0x00, 0x00, 0x00, 0x00,
  0x00, 0x00, 0x00, 0x00, 0x00, 0x00, 0x00, 0x00, 0x00, 0x00, 0x00, 0x00,
  0x00, 0x00, 0x00, 0x00, 0x00, 0x00, 0x00, 0x00, 0x00, 0x00, 0x00, 0x00,
  0x00, 0x00, 0x00, 0x00, 0x00, 0x00, 0x00, 0x00, 0x00, 0x00, 0x00, 0x00,
  0x00, 0x00, 0x00, 0x00, 0x00, 0x00, 0x00, 0x00, 0x00, 0x00, 0x00, 0x00,
  0x00, 0x00, 0x00, 0x00, 0x00, 0x00, 0x00, 0x00, 0x00, 0x00, 0x00, 0x00,
  0x00, 0x00, 0x00, 0x00, 0x00, 0x00, 0x00, 0x00, 0x00, 0x00, 0x00, 0x00,
  0x00, 0x00, 0x00, 0x00, 0x00, 0x00, 0x00, 0x00, 0x00, 0x00, 0x00, 0x00,
  0x00, 0x00, 0x00, 0x00, 0x00, 0x00, 0x00, 0x00, 0x00, 0x00, 0x00, 0x00,
  0x00, 0x00, 0x00, 0x00, 0x00, 0x00, 0x00, 0x00, 0x00, 0x00, 0x00, 0x00,
  0x00, 0x00, 0x00, 0x00, 0x00, 0x00, 0x00, 0x00, 0x00, 0x00, 0x00, 0x00,
  0x00, 0x00, 0x00, 0x00, 0x00, 0x00, 0x00, 0x00, 0x00, 0x00, 0x00, 0x00,
  0x00, 0x00, 0x00, 0x00, 0x00, 0x00, 0x00, 0x00, 0x00, 0x00, 0x00, 0x00,
  0x00, 0x00, 0x00, 0x00, 0x00, 0x00, 0x00, 0x00, 0x00, 0x00, 0x00, 0x00,
  0x00, 0x00, 0x00, 0x00, 0x00, 0x00, 0x00, 0x00, 0x00, 0x00, 0x00, 0x00,
  0x00, 0x00, 0x00, 0x00, 0x00, 0x00, 0x00, 0x00, 0x00, 0x00, 0x00, 0x00,
  0x00, 0x00, 0x00, 0x00, 0x00, 0x00, 0x00, 0x00, 0x00, 0x00, 0x00, 0x00,
  0x00, 0x00, 0x00, 0x00, 0x00, 0x00, 0x00, 0x00, 0x00, 0x00, 0x00, 0x00,
  0x00, 0x00, 0x00, 0x00, 0x00, 0x00, 0x00, 0x00, 0x00, 0x00, 0x00, 0x00,
  0x00, 0x00, 0x00, 0x00, 0x00, 0x00, 0x00, 0x00, 0x00, 0x00, 0x00, 0x00,
  0x00, 0x00, 0x00, 0x00, 0x00, 0x00, 0x00, 0x00, 0x00, 0x00, 0x00, 0x00,
  0x00, 0x00, 0x00, 0x00, 0x00, 0x00, 0x00, 0x00, 0x00, 0x00, 0x00, 0x00,
  0x00, 0x00, 0x00, 0x00, 0x00, 0x00, 0x00, 0x00, 0x00, 0x00, 0x00, 0x00,
  0x00, 0x00, 0x00, 0x00, 0x00, 0x00, 0x00, 0x00, 0x00, 0x00, 0x00, 0x00,
  0x00, 0x00, 0x00, 0x00, 0x00, 0x00, 0x00, 0x00, 0x00, 0x00, 0x00, 0x00,
  0x00, 0x00, 0x00, 0x00, 0x00, 0x00, 0x00, 0x00, 0x00, 0x00, 0x00, 0x00,
  0x00, 0x00, 0x00, 0x00, 0x00, 0x00, 0x00, 0x00, 0x00, 0x00, 0x00, 0x00,
  0x00, 0x00, 0x00, 0x00, 0x00, 0x00, 0x00, 0x00, 0x00, 0x00, 0x00, 0x00,
  0x00, 0x00, 0x00, 0x00, 0x00, 0x00, 0x00, 0x00, 0x00, 0x00, 0x00, 0x00,
  0x00, 0x00, 0x00, 0x00, 0x00, 0x00, 0x00, 0x00, 0x00, 0x00, 0x00, 0x00,
  0x00, 0x00, 0x00, 0x00, 0x00, 0x00, 0x00, 0x00, 0x00, 0x00, 0x00, 0x00,
  0x00, 0x00, 0x00, 0x00, 0x00, 0x00, 0x00, 0x00, 0x00, 0x00, 0x00, 0x00,
  0x00, 0x00, 0x00, 0x00, 0x00, 0x00, 0x00, 0x00, 0x00, 0x00, 0x00, 0x00,
  0x00, 0x00, 0x00, 0x00, 0x00, 0x00, 0x00, 0x00, 0x00, 0x00, 0x00, 0x00,
  0x00, 0x00, 0x00, 0x00, 0x00, 0x00, 0x00, 0x00, 0x00, 0x00, 0x00, 0x00,
  0x00, 0x00, 0x00, 0x00, 0x00, 0x00, 0x00, 0x00, 0x00, 0x00, 0x00, 0x00,
  0x00, 0x00, 0x00, 0x00, 0x00, 0x00, 0x00, 0x00, 0x00, 0x00, 0x00, 0x00,
  0x00, 0x00, 0x00, 0x00, 0x00, 0x00, 0x00, 0x00, 0x00, 0x00, 0x00, 0x00,
  0x00, 0x00, 0x00, 0x00, 0x00, 0x00, 0x00, 0x00, 0x00, 0x00, 0x00, 0x00,
  0x00, 0x00, 0x00, 0x00, 0x00, 0x00, 0x00, 0x00, 0x00, 0x00, 0x00, 0x00,
  0x00, 0x00, 0x00, 0x00, 0x00, 0x00, 0x00, 0x00, 0x00, 0x00, 0x00, 0x00,
  0x00, 0x00, 0x00, 0x00, 0x00, 0x00, 0x00, 0x00, 0x00, 0x00, 0x00, 0x00,
  0x00, 0x00, 0x00, 0x00, 0x00, 0x00, 0x00, 0x00, 0x00, 0x00, 0x00, 0x00,
  0x00, 0x00, 0x00, 0x00, 0x00, 0x00, 0x00, 0x00, 0x00, 0x00, 0x00, 0x00,
  0x00, 0x00, 0x00, 0x00, 0x00, 0x00, 0x00, 0x00, 0x00, 0x00, 0x00, 0x00,
  0x00, 0x00, 0x00, 0x00, 0x00, 0x00, 0x00, 0x00, 0x00, 0x00, 0x00, 0x00,
  0x00, 0x00, 0x00, 0x00, 0x00, 0x00, 0x00, 0x00, 0x00, 0x00, 0x00, 0x00,
  0x00, 0x00, 0x00, 0x00, 0x00, 0x00, 0x00, 0x00, 0x00, 0x00, 0x00, 0x00,
  0x00, 0x00, 0x00, 0x00, 0x00, 0x00, 0x00, 0x00, 0x00, 0x00, 0x00, 0x00,
  0x00, 0x00, 0x00, 0x00, 0x00, 0x00, 0x00, 0x00, 0x00, 0x00, 0x00, 0x00,
  0x00, 0x00, 0x00, 0x00, 0x00, 0x00, 0x00, 0x00, 0x00, 0x00, 0x00, 0x00,
  0x00, 0x00, 0x00, 0x00, 0x00, 0x00, 0x00, 0x00, 0x00, 0x00, 0x00, 0x00,
  0x00, 0x00, 0x00, 0x00, 0x00, 0x00, 0x00, 0x00, 0x00, 0x00, 0x00, 0x00,
  0x00, 0x00, 0x00, 0x00, 0x00, 0x00, 0x00, 0x00, 0x00, 0x00, 0x00, 0x00,
  0x00, 0x00, 0x00, 0x00, 0x00, 0x00, 0x00, 0x00, 0x00, 0x00, 0x00, 0x00,
  0x00, 0x00, 0x00, 0x00, 0x00, 0x00, 0x00, 0x00, 0x00, 0x00, 0x00, 0x00,
  0x00, 0x00, 0x00, 0x00, 0x00, 0x00, 0x00, 0x00, 0x00, 0x00, 0x00, 0x00,
  0x00, 0x00, 0x00, 0x00, 0x00, 0x00, 0x00, 0x00, 0x00, 0x00, 0x00, 0x00,
  0x00, 0x00, 0x00, 0x00, 0x00, 0x00, 0x00, 0x00, 0x00, 0x00, 0x00, 0x00,
  0x00, 0x00, 0x00, 0x00, 0x00, 0x00, 0x00, 0x00, 0x00, 0x00, 0x00, 0x00,
  0x00, 0x00, 0x00, 0x00, 0x00, 0x00, 0x00, 0x00, 0x00, 0x00, 0x00, 0x00,
  0x00, 0x00, 0x00, 0x00, 0x00, 0x00, 0x00, 0x00, 0x00, 0x00, 0x00, 0x00,
  0x00, 0x00, 0x00, 0x00, 0x00, 0x00, 0x00, 0x00, 0x00, 0x00, 0x00, 0x00,
  0x00, 0x00, 0x00, 0x00, 0x00, 0x00, 0x00, 0x00, 0x00, 0x00, 0x00, 0x00,
  0x00, 0x00, 0x00, 0x00, 0x00, 0x00, 0x00, 0x00, 0x00, 0x00, 0x00, 0x00,
  0x00, 0x00, 0x00, 0x00, 0x00, 0x00, 0x00, 0x00, 0x00, 0x00, 0x00, 0x00,
  0x00, 0x00, 0x00, 0x00, 0x00, 0x00, 0x00, 0x00, 0x00, 0x00, 0x00, 0x00,
  0x00, 0x00, 0x00, 0x00, 0x00, 0x00, 0x00, 0x00, 0x00, 0x00, 0x00, 0x00,
  0x00, 0x00, 0x00, 0x00, 0x00, 0x00, 0x00, 0x00, 0x00, 0x00, 0x00, 0x00,
  0x00, 0x00, 0x00, 0x00, 0x00, 0x00, 0x00, 0x00, 0x00, 0x00, 0x00, 0x00,
  0x00, 0x00, 0x00, 0x00, 0x00, 0x00, 0x00, 0x00, 0x00, 0x00, 0x00, 0x00,
  0x00, 0x00, 0x00, 0x00, 0x00, 0x00, 0x00, 0x00, 0x00, 0x00, 0x00, 0x00,
  0x00, 0x00, 0x00, 0x00, 0x00, 0x00, 0x00, 0x00, 0x00, 0x00, 0x00, 0x00,
  0x00, 0x00, 0x00, 0x00, 0x00, 0x00, 0x00, 0x00, 0x00, 0x00, 0x00, 0x00,
  0x00, 0x00, 0x00, 0x00, 0x00, 0x00, 0x00, 0x00, 0x00, 0x00, 0x00, 0x00,
  0x00, 0x00, 0x00, 0x00, 0x00, 0x00, 0x00, 0x00, 0x00, 0x00, 0x00, 0x00,
  0x00, 0x00, 0x00, 0x00, 0x00, 0x00, 0x00, 0x00, 0x00, 0x00, 0x00, 0x00,
  0x00, 0x00, 0x00, 0x00, 0x00, 0x00, 0x00, 0x00, 0x00, 0x00, 0x00, 0x00,
  0x00, 0x00, 0x00, 0x00, 0x00, 0x00, 0x00, 0x00, 0x00, 0x00, 0x00, 0x00,
  0x00, 0x00, 0x00, 0x00, 0x00, 0x00, 0x00, 0x00, 0x00, 0x00, 0x00, 0x00,
  0x00, 0x00, 0x00, 0x00, 0x00, 0x00, 0x00, 0x00, 0x00, 0x00, 0x00, 0x00,
  0x00, 0x00, 0x00, 0x00, 0x00, 0x00, 0x00, 0x00, 0x00, 0x00, 0x00, 0x00,
  0x00, 0x00, 0x00, 0x00, 0x00, 0x00, 0x00, 0x00, 0x00, 0x00, 0x00, 0x00,
  0x00, 0x00, 0x00, 0x00, 0x00, 0x00, 0x00, 0x00, 0x00, 0x00, 0x00, 0x00,
  0x00, 0x00, 0x00, 0x00, 0x00, 0x00, 0x00, 0x00, 0x00, 0x00, 0x00, 0x00,
  0x00, 0x00, 0x00, 0x00, 0x00, 0x00, 0x00, 0x00, 0x00, 0x00, 0x00, 0x00,
  0x00, 0x00, 0x00, 0x00, 0x00, 0x00, 0x00, 0x00, 0x00, 0x00, 0x00, 0x00,
  0x00, 0x00, 0x00, 0x00, 0x00, 0x00, 0x00, 0x00, 0x00, 0x00, 0x00, 0x00,
  0x00, 0x00, 0x00, 0x00, 0x00, 0x00, 0x00, 0x00, 0x00, 0x00, 0x00, 0x00,
  0x00, 0x00, 0x00, 0x00, 0x00, 0x00, 0x00, 0x00, 0x00, 0x00, 0x00, 0x00,
  0x00, 0x00, 0x00, 0x00, 0x00, 0x00, 0x00, 0x00, 0x00, 0x00, 0x00, 0x00,
  0x00, 0x00, 0x00, 0x00, 0x00, 0x00, 0x00, 0x00, 0x00, 0x00, 0x00, 0x00,
  0x00, 0x00, 0x00, 0x00, 0x00, 0x00, 0x00, 0x00, 0x00, 0x00, 0x00, 0x00,
  0x00, 0x00, 0x00, 0x00, 0x00, 0x00, 0x00, 0x00, 0x00, 0x00, 0x00, 0x00,
  0x00, 0x00, 0x00, 0x00, 0x00, 0x00, 0x00, 0x00, 0x00, 0x00, 0x00, 0x00,
  0x00, 0x00, 0x00, 0x00, 0x00, 0x00, 0x00, 0x00, 0x00, 0x00, 0x00, 0x00,
  0x00, 0x00, 0x00, 0x00, 0x00, 0x00, 0x00, 0x00, 0x00, 0x00, 0x00, 0x00,
  0x00, 0x00, 0x00, 0x00, 0x00, 0x00, 0x00, 0x00, 0x00, 0x00, 0x00, 0x00,
  0x00, 0x00, 0x00, 0x00, 0x00, 0x00, 0x00, 0x00, 0x00, 0x00, 0x00, 0x00,
  0x00, 0x00, 0x00, 0x00, 0x00, 0x00, 0x00, 0x00, 0x00, 0x00, 0x00, 0x00,
  0x00, 0x00, 0x00, 0x00, 0x00, 0x00, 0x00, 0x00, 0x00, 0x00, 0x00, 0x00,
  0x00, 0x00, 0x00, 0x00, 0x00, 0x00, 0x00, 0x00, 0x00, 0x00, 0x00, 0x00,
  0x00, 0x00, 0x00, 0x00, 0x00, 0x00, 0x00, 0x00, 0x00, 0x00, 0x00, 0x00,
  0x00, 0x00, 0x00, 0x00, 0x00, 0x00, 0x00, 0x00, 0x00, 0x00, 0x00, 0x00,
  0x00, 0x00, 0x00, 0x00, 0x00, 0x00, 0x00, 0x00, 0x00, 0x00, 0x00, 0x00,
  0x00, 0x00, 0x00, 0x00, 0x00, 0x00, 0x00, 0x00, 0x00, 0x00, 0x00, 0x00,
  0x00, 0x00, 0x00, 0x00, 0x00, 0x00, 0x00, 0x00, 0x00, 0x00, 0x00, 0x00,
  0x00, 0x00, 0x00, 0x00, 0x00, 0x00, 0x00, 0x00, 0x00, 0x00, 0x00, 0x00,
  0x00, 0x00, 0x00, 0x00, 0x00, 0x00, 0x00, 0x00, 0x00, 0x00, 0x00, 0x00,
  0x00, 0x00, 0x00, 0x00, 0x00, 0x00, 0x00, 0x00, 0x00, 0x00, 0x00, 0x00,
  0x00, 0x00, 0x00, 0x00, 0x00, 0x00, 0x00, 0x00, 0x00, 0x00, 0x00, 0x00,
  0x00, 0x00, 0x00, 0x00, 0x00, 0x00, 0x00, 0x00, 0x00, 0x00, 0x00, 0x00,
  0x00, 0x00, 0x00, 0x00, 0x00, 0x00, 0x00, 0x00, 0x00, 0x00, 0x00, 0x00,
  0x00, 0x00, 0x00, 0x00, 0x00, 0x00, 0x00, 0x00, 0x00, 0x00, 0x00, 0x00,
  0x00, 0x00, 0x00, 0x00, 0x00, 0x00, 0x00, 0x00, 0x00, 0x00, 0x00, 0x00,
  0x00, 0x00, 0x00, 0x00, 0x00, 0x00, 0x00, 0x00, 0x00, 0x00, 0x00, 0x00,
  0x00, 0x00, 0x00, 0x00, 0x00, 0x00, 0x00, 0x00, 0x00, 0x00, 0x00, 0x00,
  0x00, 0x00, 0x00, 0x00, 0x00, 0x00, 0x00, 0x00, 0x00, 0x00, 0x00, 0x00,
  0x00, 0x00, 0x00, 0x00, 0x00, 0x00, 0x00, 0x00, 0x00, 0x00, 0x00, 0x00,
  0x00, 0x00, 0x00, 0x00, 0x00, 0x00, 0x00, 0x00, 0x00, 0x00, 0x00, 0x00,
  0x00, 0x00, 0x00, 0x00, 0x00, 0x00, 0x00, 0x00, 0x00, 0x00, 0x00, 0x00,
  0x00, 0x00, 0x00, 0x00, 0x00, 0x00, 0x00, 0x00, 0x00, 0x00, 0x00, 0x00,
  0x00, 0x00, 0x00, 0x00, 0x00, 0x00, 0x00, 0x00, 0x00, 0x00, 0x00, 0x00,
  0x00, 0x00, 0x00, 0x00, 0x00, 0x00, 0x00, 0x00, 0x00, 0x00, 0x00, 0x00,
  0x00, 0x00, 0x00, 0x00, 0x00, 0x00, 0x00, 0x00, 0x00, 0x00, 0x00, 0x00,
  0x00, 0x00, 0x00, 0x00, 0x00, 0x00, 0x00, 0x00, 0x00, 0x00, 0x00, 0x00,
  0x00, 0x00, 0x00, 0x00, 0x00, 0x00, 0x00, 0x00, 0x00, 0x00, 0x00, 0x00,
  0x00, 0x00, 0x00, 0x00, 0x00, 0x00, 0x00, 0x00, 0x00, 0x00, 0x00, 0x00,
  0x00, 0x00, 0x00, 0x00, 0x00, 0x00, 0x00, 0x00, 0x00, 0x00, 0x00, 0x00,
  0x00, 0x00, 0x00, 0x00, 0x00, 0x00, 0x00, 0x00, 0x00, 0x00, 0x00, 0x00,
  0x00, 0x00, 0x00, 0x00, 0x00, 0x00, 0x00, 0x00, 0x00, 0x00, 0x00, 0x00,
  0x00, 0x00, 0x00, 0x00, 0x00, 0x00, 0x00, 0x00, 0x00, 0x00, 0x00, 0x00,
  0x00, 0x00, 0x00, 0x00, 0x00, 0x00, 0x00, 0x00, 0x00, 0x00, 0x00, 0x00,
  0x00, 0x00, 0x00, 0x00, 0x00, 0x00, 0x00, 0x00, 0x00, 0x00, 0x00, 0x00,
  0x00, 0x00, 0x00, 0x00, 0x00, 0x00, 0x00, 0x00, 0x00, 0x00, 0x00, 0x00,
  0x00, 0x00, 0x00, 0x00, 0x00, 0x00, 0x00, 0x00, 0x00, 0x00, 0x00, 0x00,
  0x00, 0x00, 0x00, 0x00, 0x00, 0x00, 0x00, 0x00, 0x00, 0x00, 0x00, 0x00,
  0x00, 0x00, 0x00, 0x00, 0x00, 0x00, 0x00, 0x00, 0x00, 0x00, 0x00, 0x00,
  0x00, 0x00, 0x00, 0x00, 0x00, 0x00, 0x00, 0x00, 0x00, 0x00, 0x00, 0x00,
  0x00, 0x00, 0x00, 0x00, 0x00, 0x00, 0x00, 0x00, 0x00, 0x00, 0x00, 0x00,
  0x00, 0x00, 0x00, 0x00, 0x00, 0x00, 0x00, 0x00, 0x00, 0x00, 0x00, 0x00,
  0x00, 0x00, 0x00, 0x00, 0x00, 0x00, 0x00, 0x00, 0x00, 0x00, 0x00, 0x00,
  0x00, 0x00, 0x00, 0x00, 0x00, 0x00, 0x00, 0x00, 0x00, 0x00, 0x00, 0x00,
  0x00, 0x00, 0x00, 0x00, 0x00, 0x00, 0x00, 0x00, 0x00, 0x00, 0x00, 0x00,
  0x00, 0x00, 0x00, 0x00, 0x00, 0x00, 0x00, 0x00, 0x00, 0x00, 0x00, 0x00,
  0x00, 0x00, 0x00, 0x00, 0x00, 0x00, 0x00, 0x00, 0x00, 0x00, 0x00, 0x00,
  0x00, 0x00, 0x00, 0x00, 0x00, 0x00, 0x00, 0x00, 0x00, 0x00, 0x00, 0x00,
  0x00, 0x00, 0x00, 0x00, 0x00, 0x00, 0x00, 0x00, 0x00, 0x00, 0x00, 0x00,
  0x00, 0x00, 0x00, 0x00, 0x00, 0x00, 0x00, 0x00, 0x00, 0x00, 0x00, 0x00,
  0x00, 0x00, 0x00, 0x00, 0x00, 0x00, 0x00, 0x00, 0x00, 0x00, 0x00, 0x00,
  0x00, 0x00, 0x00, 0x00, 0x00, 0x00, 0x00, 0x00, 0x00, 0x00, 0x00, 0x00,
  0x00, 0x00, 0x00, 0x00, 0x00, 0x00, 0x00, 0x00, 0x00, 0x00, 0x00, 0x00,
  0x00, 0x00, 0x00, 0x00, 0x00, 0x00, 0x00, 0x00, 0x00, 0x00, 0x00, 0x00,
  0x00, 0x00, 0x00, 0x00, 0x00, 0x00, 0x00, 0x00, 0x00, 0x00, 0x00, 0x00,
  0x00, 0x00, 0x00, 0x00, 0x00, 0x00, 0x00, 0x00, 0x00, 0x00, 0x00, 0x00,
  0x00, 0x00, 0x00, 0x00, 0x00, 0x00, 0x00, 0x00, 0x00, 0x00, 0x00, 0x00,
  0x00, 0x00, 0x00, 0x00, 0x00, 0x00, 0x00, 0x00, 0x00, 0x00, 0x00, 0x00,
  0x00, 0x00, 0x00, 0x00, 0x00, 0x00, 0x00, 0x00, 0x00, 0x00, 0x00, 0x00,
  0x00, 0x00, 0x00, 0x00, 0x00, 0x00, 0x00, 0x00, 0x00, 0x00, 0x00, 0x00,
  0x00, 0x00, 0x00, 0x00, 0x00, 0x00, 0x00, 0x00, 0x00, 0x00, 0x00, 0x00,
  0x00, 0x00, 0x00, 0x00, 0x00, 0x00, 0x00, 0x00, 0x00, 0x00, 0x00, 0x00,
  0x00, 0x00, 0x00, 0x00, 0x00, 0x00, 0x00, 0x00, 0x00, 0x00, 0x00, 0x00,
  0x00, 0x00, 0x00, 0x00, 0x00, 0x00, 0x00, 0x00, 0x00, 0x00, 0x00, 0x00,
  0x00, 0x00, 0x00, 0x00, 0x00, 0x00, 0x00, 0x00, 0x00, 0x00, 0x00, 0x00,
  0x00, 0x00, 0x00, 0x00, 0x00, 0x00, 0x00, 0x00, 0x00, 0x00, 0x00, 0x00,
  0x00, 0x00, 0x00, 0x00, 0x00, 0x00, 0x00, 0x00, 0x00, 0x00, 0x00, 0x00,
  0x00, 0x00, 0x00, 0x00, 0x00, 0x00, 0x00, 0x00, 0x00, 0x00, 0x00, 0x00,
  0x00, 0x00, 0x00, 0x00, 0x00, 0x00, 0x00, 0x00, 0x00, 0x00, 0x00, 0x00,
  0x00, 0x00, 0x00, 0x00, 0x00, 0x00, 0x00, 0x00, 0x00, 0x00, 0x00, 0x00,
  0x00, 0x00, 0x00, 0x00, 0x00, 0x00, 0x00, 0x00, 0x00, 0x00, 0x00, 0x00,
  0x00, 0x00, 0x00, 0x00, 0x00, 0x00, 0x00, 0x00, 0x00, 0x00, 0x00, 0x00,
  0x00, 0x00, 0x00, 0x00, 0x00, 0x00, 0x00, 0x00, 0x00, 0x00, 0x00, 0x00,
  0x00, 0x00, 0x00, 0x00, 0x00, 0x00, 0x00, 0x00, 0x00, 0x00, 0x00, 0x00,
  0x00, 0x00, 0x00, 0x00, 0x00, 0x00, 0x00, 0x00, 0x00, 0x00, 0x00, 0x00,
  0x00, 0x00, 0x00, 0x00, 0x00, 0x00, 0x00, 0x00, 0x00, 0x00, 0x00, 0x00,
  0x00, 0x00, 0x00, 0x00, 0x00, 0x00, 0x00, 0x00, 0x00, 0x00, 0x00, 0x00,
  0x00, 0x00, 0x00, 0x00, 0x00, 0x00, 0x00, 0x00, 0x00, 0x00, 0x00, 0x00,
  0x00, 0x00, 0x00, 0x00, 0x00, 0x00, 0x00, 0x00, 0x00, 0x00, 0x00, 0x00,
  0x00, 0x00, 0x00, 0x00, 0x00, 0x00, 0x00, 0x00, 0x00, 0x00, 0x00, 0x00,
  0x00, 0x00, 0x00, 0x00, 0x00, 0x00, 0x00, 0x00, 0x00, 0x00, 0x00, 0x00,
  0x00, 0x00, 0x00, 0x00, 0x00, 0x00, 0x00, 0x00, 0x00, 0x00, 0x00, 0x00,
  0x00, 0x00, 0x00, 0x00, 0x00, 0x00, 0x00, 0x00, 0x00, 0x00, 0x00, 0x00,
  0x00, 0x00, 0x00, 0x00, 0x00, 0x00, 0x00, 0x00, 0x00, 0x00, 0x00, 0x00,
  0x00, 0x00, 0x00, 0x00, 0x00, 0x00, 0x00, 0x00, 0x00, 0x00, 0x00, 0x00,
  0x00, 0x00, 0x00, 0x00, 0x00, 0x00, 0x00, 0x00, 0x00, 0x00, 0x00, 0x00,
  0x00, 0x00, 0x00, 0x00, 0x00, 0x00, 0x00, 0x00, 0x00, 0x00, 0x00, 0x00,
  0x00, 0x00, 0x00, 0x00, 0x00, 0x00, 0x00, 0x00, 0x00, 0x00, 0x00, 0x00,
  0x00, 0x00, 0x00, 0x00, 0x00, 0x00, 0x00, 0x00, 0x00, 0x00, 0x00, 0x00,
  0x00, 0x00, 0x00, 0x00, 0x00, 0x00, 0x00, 0x00, 0x00, 0x00, 0x00, 0x00,
  0x00, 0x00, 0x00, 0x00, 0x00, 0x00, 0x00, 0x00, 0x00, 0x00, 0x00, 0x00,
  0x00, 0x00, 0x00, 0x00, 0x00, 0x00, 0x00, 0x00, 0x00, 0x00, 0x00, 0x00,
  0x00, 0x00, 0x00, 0x00, 0x00, 0x00, 0x00, 0x00, 0x00, 0x00, 0x00, 0x00,
  0x00, 0x00, 0x00, 0x00, 0x00, 0x00, 0x00, 0x00, 0x00, 0x00, 0x00, 0x00,
  0x00, 0x00, 0x00, 0x00, 0x00, 0x00, 0x00, 0x00, 0x00, 0x00, 0x00, 0x00,
  0x00, 0x00, 0x00, 0x00, 0x00, 0x00, 0x00, 0x00, 0x00, 0x00, 0x00, 0x00,
  0x00, 0x00, 0x00, 0x00, 0x00, 0x00, 0x00, 0x00, 0x00, 0x00, 0x00, 0x00,
  0x00, 0x00, 0x00, 0x00, 0x00, 0x00, 0x00, 0x00, 0x00, 0x00, 0x00, 0x00,
  0x00, 0x00, 0x00, 0x00, 0x00, 0x00, 0x00, 0x00, 0x00, 0x00, 0x00, 0x00,
  0x00, 0x00, 0x00, 0x00, 0x00, 0x00, 0x00, 0x00, 0x00, 0x00, 0x00, 0x00,
  0x00, 0x00, 0x00, 0x00, 0x00, 0x00, 0x00, 0x00, 0x00, 0x00, 0x00, 0x00,
  0x00, 0x00, 0x00, 0x00, 0x00, 0x00, 0x00, 0x00, 0x00, 0x00, 0x00, 0x00,
  0x00, 0x00, 0x00, 0x00, 0x00, 0x00, 0x00, 0x00, 0x00, 0x00, 0x00, 0x00,
  0x00, 0x00, 0x00, 0x00, 0x00, 0x00, 0x00, 0x00, 0x00, 0x00, 0x00, 0x00,
  0x00, 0x00, 0x00, 0x00, 0x00, 0x00, 0x00, 0x00, 0x00, 0x00, 0x00, 0x00,
  0x00, 0x00, 0x00, 0x00, 0x00, 0x00, 0x00, 0x00, 0x00, 0x00, 0x00, 0x00,
  0x00, 0x00, 0x00, 0x00, 0x00, 0x00, 0x00, 0x00, 0x00, 0x00, 0x00, 0x00,
  0x00, 0x00, 0x00, 0x00, 0x00, 0x00, 0x00, 0x00, 0x00, 0x00, 0x00, 0x00,
  0x00, 0x00, 0x00, 0x00, 0x00, 0x00, 0x00, 0x00, 0x00, 0x00, 0x00, 0x00,
  0x00, 0x00, 0x00, 0x00, 0x00, 0x00, 0x00, 0x00, 0x00, 0x00, 0x00, 0x00,
  0x00, 0x00, 0x00, 0x00, 0x00, 0x00, 0x00, 0x00, 0x00, 0x00, 0x00, 0x00,
  0x00, 0x00, 0x00, 0x00, 0x00, 0x00, 0x00, 0x00, 0x00, 0x00, 0x00, 0x00,
  0x00, 0x00, 0x00, 0x00, 0x00, 0x00, 0x00, 0x00, 0x00, 0x00, 0x00, 0x00,
  0x00, 0x00, 0x00, 0x00, 0x00, 0x00, 0x00, 0x00, 0x00, 0x00, 0x00, 0x00,
  0x00, 0x00, 0x00, 0x00, 0x00, 0x00, 0x00, 0x00, 0x00, 0x00, 0x00, 0x00,
  0x00, 0x00, 0x00, 0x00, 0x00, 0x00, 0x00, 0x00, 0x00, 0x00, 0x00, 0x00,
  0x00, 0x00, 0x00, 0x00, 0x00, 0x00, 0x00, 0x00, 0x00, 0x00, 0x00, 0x00,
  0x00, 0x00, 0x00, 0x00, 0x00, 0x00, 0x00, 0x00, 0x00, 0x00, 0x00, 0x00,
  0x00, 0x00, 0x00, 0x00, 0x00, 0x00, 0x00, 0x00, 0x00, 0x00, 0x00, 0x00,
  0x00, 0x00, 0x00, 0x00, 0x00, 0x00, 0x00, 0x00, 0x00, 0x00, 0x00, 0x00,
  0x00, 0x00, 0x00, 0x00, 0x00, 0x00, 0x00, 0x00, 0x00, 0x00, 0x00, 0x00,
  0x00, 0x00, 0x00, 0x00, 0x00, 0x00, 0x00, 0x00, 0x00, 0x00, 0x00, 0x00,
  0x00, 0x00, 0x00, 0x00, 0x00, 0x00, 0x00, 0x00, 0x00, 0x00, 0x00, 0x00,
  0x00, 0x00, 0x00, 0x00, 0x00, 0x00, 0x00, 0x00, 0x00, 0x00, 0x00, 0x00,
  0x00, 0x00, 0x00, 0x00, 0x00, 0x00, 0x00, 0x00, 0x00, 0x00, 0x00, 0x00,
  0x00, 0x00, 0x00, 0x00, 0x00, 0x00, 0x00, 0x00, 0x00, 0x00, 0x00, 0x00,
  0x00, 0x00, 0x00, 0x00, 0x00, 0x00, 0x00, 0x00, 0x00, 0x00, 0x00, 0x00,
  0x00, 0x00, 0x00, 0x00, 0x00, 0x00, 0x00, 0x00, 0x00, 0x00, 0x00, 0x00,
  0x00, 0x00, 0x00, 0x00, 0x00, 0x00, 0x00, 0x00, 0x00, 0x00, 0x00, 0x00,
  0x00, 0x00, 0x00, 0x00, 0x00, 0x00, 0x00, 0x00, 0x00, 0x00, 0x00, 0x00,
  0x00, 0x00, 0x00, 0x00, 0x00, 0x00, 0x00, 0x00, 0x00, 0x00, 0x00, 0x00,
  0x00, 0x00, 0x00, 0x00, 0x00, 0x00, 0x00, 0x00, 0x00, 0x00, 0x00, 0x00,
  0x00, 0x00, 0x00, 0x00, 0x00, 0x00, 0x00, 0x00, 0x00, 0x00, 0x00, 0x00,
  0x00, 0x00, 0x00, 0x00, 0x00, 0x00, 0x00, 0x00, 0x00, 0x00, 0x00, 0x00,
  0x00, 0x00, 0x00, 0x00, 0x00, 0x00, 0x00, 0x00, 0x00, 0x00, 0x00, 0x00,
  0x00, 0x00, 0x00, 0x00, 0x00, 0x00, 0x00, 0x00, 0x00, 0x00, 0x00, 0x00,
  0x00, 0x00, 0x00, 0x00, 0x00, 0x00, 0x00, 0x00, 0x00, 0x00, 0x00, 0x00,
  0x00, 0x00, 0x00, 0x00, 0x00, 0x00, 0x00, 0x00, 0x00, 0x00, 0x00, 0x00,
  0x00, 0x00, 0x00, 0x00, 0x00, 0x00, 0x00, 0x00, 0x00, 0x00, 0x00, 0x00,
  0x00, 0x00, 0x00, 0x00, 0x00, 0x00, 0x00, 0x00, 0x00, 0x00, 0x00, 0x00,
  0x00, 0x00, 0x00, 0x00, 0x00, 0x00, 0x00, 0x00, 0x00, 0x00, 0x00, 0x00,
  0x00, 0x00, 0x00, 0x00, 0x00, 0x00, 0x00, 0x00, 0x00, 0x00, 0x00, 0x00,
  0x00, 0x00, 0x00, 0x00, 0x00, 0x00, 0x00, 0x00, 0x00, 0x00, 0x00, 0x00,
  0x00, 0x00, 0x00, 0x00, 0x00, 0x00, 0x00, 0x00, 0x00, 0x00, 0x00, 0x00,
  0x00, 0x00, 0x00, 0x00, 0x00, 0x00, 0x00, 0x00, 0x00, 0x00, 0x00, 0x00,
  0x00, 0x00, 0x00, 0x00, 0x00, 0x00, 0x00, 0x00, 0x00, 0x00, 0x00, 0x00,
  0x00, 0x00, 0x00, 0x00, 0x00, 0x00, 0x00, 0x00, 0x00, 0x00, 0x00, 0x00,
  0x00, 0x00, 0x00, 0x00, 0x00, 0x00, 0x00, 0x00, 0x00, 0x00, 0x00, 0x00,
  0x00, 0x00, 0x00, 0x00, 0x00, 0x00, 0x00, 0x00, 0x00, 0x00, 0x00, 0x00,
  0x00, 0x00, 0x00, 0x00, 0x00, 0x00, 0x00, 0x00, 0x00, 0x00, 0x00, 0x00,
  0x00, 0x00, 0x00, 0x00, 0x00, 0x00, 0x00, 0x00, 0x00, 0x00, 0x00, 0x00,
  0x00, 0x00, 0x00, 0x00, 0x00, 0x00, 0x00, 0x00, 0x00, 0x00, 0x00, 0x00,
  0x00, 0x00, 0x00, 0x00, 0x00, 0x00, 0x00, 0x00, 0x00, 0x00, 0x00, 0x00,
  0x00, 0x00, 0x00, 0x00, 0x00, 0x00, 0x00, 0x00, 0x00, 0x00, 0x00, 0x00,
  0x00, 0x00, 0x00, 0x00, 0x00, 0x00, 0x00, 0x00, 0x00, 0x00, 0x00, 0x00,
  0x00, 0x00, 0x00, 0x00, 0x00, 0x00, 0x00, 0x00, 0x00, 0x00, 0x00, 0x00,
  0x00, 0x00, 0x00, 0x00, 0x00, 0x00, 0x00, 0x00, 0x00, 0x00, 0x00, 0x00,
  0x00, 0x00, 0x00, 0x00, 0x00, 0x00, 0x00, 0x00, 0x00, 0x00, 0x00, 0x00,
  0x00, 0x00, 0x00, 0x00, 0x00, 0x00, 0x00, 0x00, 0x00, 0x00, 0x00, 0x00,
  0x00, 0x00, 0x00, 0x00, 0x00, 0x00, 0x00, 0x00, 0x00, 0x00, 0x00, 0x00,
  0x00, 0x00, 0x00, 0x00, 0x00, 0x00, 0x00, 0x00, 0x00, 0x00, 0x00, 0x00,
  0x00, 0x00, 0x00, 0x00, 0x00, 0x00, 0x00, 0x00, 0x00, 0x00, 0x00, 0x00,
  0x00, 0x00, 0x00, 0x00, 0x00, 0x00, 0x00, 0x00, 0x00, 0x00, 0x00, 0x00,
  0x00, 0x00, 0x00, 0x00, 0x00, 0x00, 0x00, 0x00, 0x00, 0x00, 0x00, 0x00,
  0x00, 0x00, 0x00, 0x00, 0x00, 0x00, 0x00, 0x00, 0x00, 0x00, 0x00, 0x00,
  0x00, 0x00, 0x00, 0x00, 0x00, 0x00, 0x00, 0x00, 0x00, 0x00, 0x00, 0x00,
  0x00, 0x00, 0x00, 0x00, 0x00, 0x00, 0x00, 0x00, 0x00, 0x00, 0x00, 0x00,
  0x00, 0x00, 0x00, 0x00, 0x00, 0x00, 0x00, 0x00, 0x00, 0x00, 0x00, 0x00,
  0x00, 0x00, 0x00, 0x00, 0x00, 0x00, 0x00, 0x00, 0x00, 0x00, 0x00, 0x00,
  0x00, 0x00, 0x00, 0x00, 0x00, 0x00, 0x00, 0x00, 0x00, 0x00, 0x00, 0x00,
  0x00, 0x00, 0x00, 0x00, 0x00, 0x00, 0x00, 0x00, 0x00, 0x00, 0x00, 0x00,
  0x00, 0x00, 0x00, 0x00, 0x00, 0x00, 0x00, 0x00, 0x00, 0x00, 0x00, 0x00,
  0x00, 0x00, 0x00, 0x00, 0x00, 0x00, 0x00, 0x00, 0x00, 0x00, 0x00, 0x00,
  0x00, 0x00, 0x00, 0x00, 0x00, 0x00, 0x00, 0x00, 0x00, 0x00, 0x00, 0x00,
  0x00, 0x00, 0x00, 0x00, 0x00, 0x00, 0x00, 0x00, 0x00, 0x00, 0x00, 0x00,
  0x00, 0x00, 0x00, 0x00, 0x00, 0x00, 0x00, 0x00, 0x00, 0x00, 0x00, 0x00,
  0x00, 0x00, 0x00, 0x00, 0x00, 0x00, 0x00, 0x00, 0x00, 0x00, 0x00, 0x00,
  0x00, 0x00, 0x00, 0x00, 0x00, 0x00, 0x00, 0x00, 0x00, 0x00, 0x00, 0x00,
  0x00, 0x00, 0x00, 0x00, 0x00, 0x00, 0x00, 0x00, 0x00, 0x00, 0x00, 0x00,
  0x00, 0x00, 0x00, 0x00, 0x00, 0x00, 0x00, 0x00, 0x00, 0x00, 0x00, 0x00,
  0x00, 0x00, 0x00, 0x00, 0x00, 0x00, 0x00, 0x00, 0x00, 0x00, 0x00, 0x00,
  0x00, 0x00, 0x00, 0x00, 0x00, 0x00, 0x00, 0x00, 0x00, 0x00, 0x00, 0x00,
  0x00, 0x00, 0x00, 0x00, 0x00, 0x00, 0x00, 0x00, 0x00, 0x00, 0x00, 0x00,
  0x00, 0x00, 0x00, 0x00, 0x00, 0x00, 0x00, 0x00, 0x00, 0x00, 0x00, 0x00,
  0x00, 0x00, 0x00, 0x00, 0x00, 0x00, 0x00, 0x00, 0x00, 0x00, 0x00, 0x00,
  0x00, 0x00, 0x00, 0x00, 0x00, 0x00, 0x00, 0x00, 0x00, 0x00, 0x00, 0x00,
  0x00, 0x00, 0x00, 0x00, 0x00, 0x00, 0x00, 0x00, 0x00, 0x00, 0x00, 0x00,
  0x00, 0x00, 0x00, 0x00, 0x00, 0x00, 0x00, 0x00, 0x00, 0x00, 0x00, 0x00,
  0x00, 0x00, 0x00, 0x00, 0x00, 0x00, 0x00, 0x00, 0x00, 0x00, 0x00, 0x00,
  0x00, 0x00, 0x00, 0x00, 0x00, 0x00, 0x00, 0x00, 0x00, 0x00, 0x00, 0x00,
  0x00, 0x00, 0x00, 0x00, 0x00, 0x00, 0x00, 0x00, 0x00, 0x00, 0x00, 0x00,
  0x00, 0x00, 0x00, 0x00, 0x00, 0x00, 0x00, 0x00, 0x00, 0x00, 0x00, 0x00,
  0x00, 0x00, 0x00, 0x00, 0x00, 0x00, 0x00, 0x00, 0x00, 0x00, 0x00, 0x00,
  0x00, 0x00, 0x00, 0x00, 0x00, 0x00, 0x00, 0x00, 0x00, 0x00, 0x00, 0x00,
  0x00, 0x00, 0x00, 0x00, 0x00, 0x00, 0x00, 0x00, 0x00, 0x00, 0x00, 0x00,
  0x00, 0x00, 0x00, 0x00, 0x00, 0x00, 0x00, 0x00, 0x00, 0x00, 0x00, 0x00,
  0x00, 0x00, 0x00, 0x00, 0x00, 0x00, 0x00, 0x00, 0x00, 0x00, 0x00, 0x00,
  0x00, 0x00, 0x00, 0x00, 0x00, 0x00, 0x00, 0x00, 0x00, 0x00, 0x00, 0x00,
  0x00, 0x00, 0x00, 0x00, 0x00, 0x00, 0x00, 0x00, 0x00, 0x00, 0x00, 0x00,
  0x00, 0x00, 0x00, 0x00, 0x00, 0x00, 0x00, 0x00, 0x00, 0x00, 0x00, 0x00,
  0x00, 0x00, 0x00, 0x00, 0x00, 0x00, 0x00, 0x00, 0x00, 0x00, 0x00, 0x00,
  0x00, 0x00, 0x00, 0x00, 0x00, 0x00, 0x00, 0x00, 0x00, 0x00, 0x00, 0x00,
  0x00, 0x00, 0x00, 0x00, 0x00, 0x00, 0x00, 0x00, 0x00, 0x00, 0x00, 0x00,
  0x00, 0x00, 0x00, 0x00, 0x00, 0x00, 0x00, 0x00, 0x00, 0x00, 0x00, 0x00,
  0x00, 0x00, 0x00, 0x00, 0x00, 0x00, 0x00, 0x00, 0x00, 0x00, 0x00, 0x00,
  0x00, 0x00, 0x00, 0x00, 0x00, 0x00, 0x00, 0x00, 0x00, 0x00, 0x00, 0x00,
  0x00, 0x00, 0x00, 0x00, 0x00, 0x00, 0x00, 0x00, 0x00, 0x00, 0x00, 0x00,
  0x00, 0x00, 0x00, 0x00, 0x00, 0x00, 0x00, 0x00, 0x00, 0x00, 0x00, 0x00,
  0x00, 0x00, 0x00, 0x00, 0x00, 0x00, 0x00, 0x00, 0x00, 0x00, 0x00, 0x00,
  0x00, 0x00, 0x00, 0x00, 0x00, 0x00, 0x00, 0x00, 0x00, 0x00, 0x00, 0x00,
  0x00, 0x00, 0x00, 0x00, 0x00, 0x00, 0x00, 0x00, 0x00, 0x00, 0x00, 0x00,
  0x00, 0x00, 0x00, 0x00, 0x00, 0x00, 0x00, 0x00, 0x00, 0x00, 0x00, 0x00,
  0x00, 0x00, 0x00, 0x00, 0x00, 0x00, 0x00, 0x00, 0x00, 0x00, 0x00, 0x00,
  0x00, 0x00, 0x00, 0x00, 0x00, 0x00, 0x00, 0x00, 0x00, 0x00, 0x00, 0x00,
  0x00, 0x00, 0x00, 0x00, 0x00, 0x00, 0x00, 0x00, 0x00, 0x00, 0x00, 0x00,
  0x00, 0x00, 0x00, 0x00, 0x00, 0x00, 0x00, 0x00, 0x00, 0x00, 0x00, 0x00,
  0x00, 0x00, 0x00, 0x00, 0x00, 0x00, 0x00, 0x00, 0x00, 0x00, 0x00, 0x00,
  0x00, 0x00, 0x00, 0x00, 0x00, 0x00, 0x00, 0x00, 0x00, 0x00, 0x00, 0x00,
  0x00, 0x00, 0x00, 0x00, 0x00, 0x00, 0x00, 0x00, 0x00, 0x00, 0x00, 0x00,
  0x00, 0x00, 0x00, 0x00, 0x00, 0x00, 0x00, 0x00, 0x00, 0x00, 0x00, 0x00,
  0x00, 0x00, 0x00, 0x00, 0x00, 0x00, 0x00, 0x00, 0x00, 0x00, 0x00, 0x00,
  0x00, 0x00, 0x00, 0x00, 0x00, 0x00, 0x00, 0x00, 0x00, 0x00, 0x00, 0x00,
  0x00, 0x00, 0x00, 0x00, 0x00, 0x00, 0x00, 0x00, 0x00, 0x00, 0x00, 0x00,
  0x00, 0x00, 0x00, 0x00, 0x00, 0x00, 0x00, 0x00, 0x00, 0x00, 0x00, 0x00,
  0x00, 0x00, 0x00, 0x00, 0x00, 0x00, 0x00, 0x00, 0x00, 0x00, 0x00, 0x00,
  0x00, 0x00, 0x00, 0x00, 0x00, 0x00, 0x00, 0x00, 0x00, 0x00, 0x00, 0x00,
  0x00, 0x00, 0x00, 0x00, 0x00, 0x00, 0x00, 0x00, 0x00, 0x00, 0x00, 0x00,
  0x00, 0x00, 0x00, 0x00, 0x00, 0x00, 0x00, 0x00, 0x00, 0x00, 0x00, 0x00,
  0x00, 0x00, 0x00, 0x00, 0x00, 0x00, 0x00, 0x00, 0x00, 0x00, 0x00, 0x00,
  0x00, 0x00, 0x00, 0x00, 0x00, 0x00, 0x00, 0x00, 0x00, 0x00, 0x00, 0x00,
  0x00, 0x00, 0x00, 0x00, 0x00, 0x00, 0x00, 0x00, 0x00, 0x00, 0x00, 0x00,
  0x00, 0x00, 0x00, 0x00, 0x00, 0x00, 0x00, 0x00, 0x00, 0x00, 0x00, 0x00,
  0x00, 0x00, 0x00, 0x00, 0x00, 0x00, 0x00, 0x00, 0x00, 0x00, 0x00, 0x00,
  0x00, 0x00, 0x00, 0x00, 0x00, 0x00, 0x00, 0x00, 0x00, 0x00, 0x00, 0x00,
  0x00, 0x00, 0x00, 0x00, 0x00, 0x00, 0x00, 0x00, 0x00, 0x00, 0x00, 0x00,
  0x00, 0x00, 0x00, 0x00, 0x00, 0x00, 0x00, 0x00, 0x00, 0x00, 0x00, 0x00,
  0x00, 0x00, 0x00, 0x00, 0x00, 0x00, 0x00, 0x00, 0x00, 0x00, 0x00, 0x00,
  0x00, 0x00, 0x00, 0x00, 0x00, 0x00, 0x00, 0x00, 0x00, 0x00, 0x00, 0x00,
  0x00, 0x00, 0x00, 0x00, 0x00, 0x00, 0x00, 0x00, 0x00, 0x00, 0x00, 0x00,
  0x00, 0x00, 0x00, 0x00, 0x00, 0x00, 0x00, 0x00, 0x00, 0x00, 0x00, 0x00,
  0x00, 0x00, 0x00, 0x00, 0x00, 0x00, 0x00, 0x00, 0x00, 0x00, 0x00, 0x00,
  0x00, 0x00, 0x00, 0x00, 0x00, 0x00, 0x00, 0x00, 0x00, 0x00, 0x00, 0x00,
  0x00, 0x00, 0x00, 0x00, 0x00, 0x00, 0x00, 0x00, 0x00, 0x00, 0x00, 0x00,
  0x00, 0x00, 0x00, 0x00, 0x00, 0x00, 0x00, 0x00, 0x00, 0x00, 0x00, 0x00,
  0x00, 0x00, 0x00, 0x00, 0x00, 0x00, 0x00, 0x00, 0x00, 0x00, 0x00, 0x00,
  0x00, 0x00, 0x00, 0x00, 0x00, 0x00, 0x00, 0x00, 0x00, 0x00, 0x00, 0x00,
  0x00, 0x00, 0x00, 0x00, 0x00, 0x00, 0x00, 0x00, 0x00, 0x00, 0x00, 0x00,
  0x00, 0x00, 0x00, 0x00, 0x00, 0x00, 0x00, 0x00, 0x00, 0x00, 0x00, 0x00,
  0x00, 0x00, 0x00, 0x00, 0x00, 0x00, 0x00, 0x00, 0x00, 0x00, 0x00, 0x00,
  0x00, 0x00, 0x00, 0x00, 0x00, 0x00, 0x00, 0x00, 0x00, 0x00, 0x00, 0x00,
  0x00, 0x00, 0x00, 0x00, 0x00, 0x00, 0x00, 0x00, 0x00, 0x00, 0x00, 0x00,
  0x00, 0x00, 0x00, 0x00, 0x00, 0x00, 0x00, 0x00, 0x00, 0x00, 0x00, 0x00,
  0x00, 0x00, 0x00, 0x00, 0x00, 0x00, 0x00, 0x00, 0x00, 0x00, 0x00, 0x00,
  0x00, 0x00, 0x00, 0x00, 0x00, 0x00, 0x00, 0x00, 0x00, 0x00, 0x00, 0x00,
  0x00, 0x00, 0x00, 0x00, 0x00, 0x00, 0x00, 0x00, 0x00, 0x00, 0x00, 0x00,
  0x00, 0x00, 0x00, 0x00, 0x00, 0x00, 0x00, 0x00, 0x00, 0x00, 0x00, 0x00,
  0x00, 0x00, 0x00, 0x00, 0x00, 0x00, 0x00, 0x00, 0x00, 0x00, 0x00, 0x00,
  0x00, 0x00, 0x00, 0x00, 0x00, 0x00, 0x00, 0x00, 0x00, 0x00, 0x00, 0x00,
  0x00, 0x00, 0x00, 0x00, 0x00, 0x00, 0x00, 0x00, 0x00, 0x00, 0x00, 0x00,
  0x00, 0x00, 0x00, 0x00, 0x00, 0x00, 0x00, 0x00, 0x00, 0x00, 0x00, 0x00,
  0x00, 0x00, 0x00, 0x00, 0x00, 0x00, 0x00, 0x00, 0x00, 0x00, 0x00, 0x00,
  0x00, 0x00, 0x00, 0x00, 0x00, 0x00, 0x00, 0x00, 0x00, 0x00, 0x00, 0x00,
  0x00, 0x00, 0x00, 0x00, 0x00, 0x00, 0x00, 0x00, 0x00, 0x00, 0x00, 0x00,
  0x00, 0x00, 0x00, 0x00, 0x00, 0x00, 0x00, 0x00, 0x00, 0x00, 0x00, 0x00,
  0x00, 0x00, 0x00, 0x00, 0x00, 0x00, 0x00, 0x00, 0x00, 0x00, 0x00, 0x00,
  0x00, 0x00, 0x00, 0x00, 0x00, 0x00, 0x00, 0x00, 0x00, 0x00, 0x00, 0x00,
  0x00, 0x00, 0x00, 0x00, 0x00, 0x00, 0x00, 0x00, 0x00, 0x00, 0x00, 0x00,
  0x00, 0x00, 0x00, 0x00, 0x00, 0x00, 0x00, 0x00, 0x00, 0x00, 0x00, 0x00,
  0x00, 0x00, 0x00, 0x00, 0x00, 0x00, 0x00, 0x00, 0x00, 0x00, 0x00, 0x00,
  0x00, 0x00, 0x00, 0x00, 0x00, 0x00, 0x00, 0x00, 0x00, 0x00, 0x00, 0x00,
  0x00, 0x00, 0x00, 0x00, 0x00, 0x00, 0x00, 0x00, 0x00, 0x00, 0x00, 0x00,
  0x00, 0x00, 0x00, 0x00, 0x00, 0x00, 0x00, 0x00, 0x00, 0x00, 0x00, 0x00,
  0x00, 0x00, 0x00, 0x00, 0x00, 0x00, 0x00, 0x00, 0x00, 0x00, 0x00, 0x00,
  0x00, 0x00, 0x00, 0x00, 0x00, 0x00, 0x00, 0x00, 0x00, 0x00, 0x00, 0x00,
  0x00, 0x00, 0x00, 0x00, 0x00, 0x00, 0x00, 0x00, 0x00, 0x00, 0x00, 0x00,
  0x00, 0x00, 0x00, 0x00, 0x00, 0x00, 0x00, 0x00, 0x00, 0x00, 0x00, 0x00,
  0x00, 0x00, 0x00, 0x00, 0x00, 0x00, 0x00, 0x00, 0x00, 0x00, 0x00, 0x00,
  0x00, 0x00, 0x00, 0x00, 0x00, 0x00, 0x00, 0x00, 0x00, 0x00, 0x00, 0x00,
  0x00, 0x00, 0x00, 0x00, 0x00, 0x00, 0x00, 0x00, 0x00, 0x00, 0x00, 0x00,
  0x00, 0x00, 0x00, 0x00, 0x00, 0x00, 0x00, 0x00, 0x00, 0x00, 0x00, 0x00,
  0x00, 0x00, 0x00, 0x00, 0x00, 0x00, 0x00, 0x00, 0x00, 0x00, 0x00, 0x00,
  0x00, 0x00, 0x00, 0x00, 0x00, 0x00, 0x00, 0x00, 0x00, 0x00, 0x00, 0x00,
  0x00, 0x00, 0x00, 0x00, 0x00, 0x00, 0x00, 0x00, 0x00, 0x00, 0x00, 0x00,
  0x00, 0x00, 0x00, 0x00, 0x00, 0x00, 0x00, 0x00, 0x00, 0x00, 0x00, 0x00,
  0x00, 0x00, 0x00, 0x00, 0x00, 0x00, 0x00, 0x00, 0x00, 0x00, 0x00, 0x00,
  0x00, 0x00, 0x00, 0x00, 0x00, 0x00, 0x00, 0x00, 0x00, 0x00, 0x00, 0x00,
  0x00, 0x00, 0x00, 0x00, 0x00, 0x00, 0x00, 0x00, 0x00, 0x00, 0x00, 0x00,
  0x00, 0x00, 0x00, 0x00, 0x00, 0x00, 0x00, 0x00, 0x00, 0x00, 0x00, 0x00,
  0x00, 0x00, 0x00, 0x00, 0x00, 0x00, 0x00, 0x00, 0x00, 0x00, 0x00, 0x00,
  0x00, 0x00, 0x00, 0x00, 0x00, 0x00, 0x00, 0x00, 0x00, 0x00, 0x00, 0x00,
  0x00, 0x00, 0x00, 0x00, 0x00, 0x00, 0x00, 0x00, 0x00, 0x00, 0x00, 0x00,
  0x00, 0x00, 0x00, 0x00, 0x00, 0x00, 0x00, 0x00, 0x00, 0x00, 0x00, 0x00,
  0x00, 0x00, 0x00, 0x00, 0x00, 0x00, 0x00, 0x00, 0x00, 0x00, 0x00, 0x00,
  0x00, 0x00, 0x00, 0x00, 0x00, 0x00, 0x00, 0x00, 0x00, 0x00, 0x00, 0x00,
  0x00, 0x00, 0x00, 0x00, 0x00, 0x00, 0x00, 0x00, 0x00, 0x00, 0x00, 0x00,
  0x00, 0x00, 0x00, 0x00, 0x00, 0x00, 0x00, 0x00, 0x00, 0x00, 0x00, 0x00,
  0x00, 0x00, 0x00, 0x00, 0x00, 0x00, 0x00, 0x00, 0x00, 0x00, 0x00, 0x00,
  0x00, 0x00, 0x00, 0x00, 0x00, 0x00, 0x00, 0x00, 0x00, 0x00, 0x00, 0x00,
  0x00, 0x00, 0x00, 0x00, 0x00, 0x00, 0x00, 0x00, 0x00, 0x00, 0x00, 0x00,
  0x00, 0x00, 0x00, 0x00, 0x00, 0x00, 0x00, 0x00, 0x00, 0x00, 0x00, 0x00,
  0x00, 0x00, 0x00, 0x00, 0x00, 0x00, 0x00, 0x00, 0x00, 0x00, 0x00, 0x00,
  0x00, 0x00, 0x00, 0x00, 0x00, 0x00, 0x00, 0x00, 0x00, 0x00, 0x00, 0x00,
  0x00, 0x00, 0x00, 0x00, 0x00, 0x00, 0x00, 0x00, 0x00, 0x00, 0x00, 0x00,
  0x00, 0x00, 0x00, 0x00, 0x00, 0x00, 0x00, 0x00, 0x00, 0x00, 0x00, 0x00,
  0x00, 0x00, 0x00, 0x00, 0x00, 0x00, 0x00, 0x00, 0x00, 0x00, 0x00, 0x00,
  0x00, 0x00, 0x00, 0x00, 0x00, 0x00, 0x00, 0x00, 0x00, 0x00, 0x00, 0x00,
  0x00, 0x00, 0x00, 0x00, 0x00, 0x00, 0x00, 0x00, 0x00, 0x00, 0x00, 0x00,
  0x00, 0x00, 0x00, 0x00, 0x00, 0x00, 0x00, 0x00, 0x00, 0x00, 0x00, 0x00,
  0x00, 0x00, 0x00, 0x00, 0x00, 0x00, 0x00, 0x00, 0x00, 0x00, 0x00, 0x00,
  0x00, 0x00, 0x00, 0x00, 0x00, 0x00, 0x00, 0x00, 0x00, 0x00, 0x00, 0x00,
  0x01, 0x00, 0x00, 0x00, 0x01, 0x00, 0x01, 0x00, 0x01, 0x00, 0x00, 0x00,
  0x01, 0x00, 0x00, 0x00, 0x63, 0x00, 0x00, 0x00, 0xff, 0xff, 0xff, 0xff,
  0xff, 0xff, 0xff, 0xff, 0xff, 0xff, 0xff, 0xff, 0xff, 0xff, 0xff, 0xff,
  0xff, 0xff, 0xff, 0xff, 0x00, 0x00, 0x00, 0x00, 0x00, 0x00, 0x00, 0x00,
  0x00, 0x55, 0x62, 0x75, 0x6e, 0x74, 0x75, 0x20, 0x63, 0x6c, 0x61, 0x6e,
  0x67, 0x20, 0x76, 0x65, 0x72, 0x73, 0x69, 0x6f, 0x6e, 0x20, 0x31, 0x38,
  0x2e, 0x31, 0x2e, 0x33, 0x20, 0x28, 0x31, 0x75, 0x62, 0x75, 0x6e, 0x74,
  0x75, 0x31, 0x29, 0x00, 0x4c, 0x69, 0x6e, 0x6b, 0x65, 0x72, 0x3a, 0x20,
  0x55, 0x62, 0x75, 0x6e, 0x74, 0x75, 0x20, 0x4c, 0x4c, 0x44, 0x20, 0x31,
  0x38, 0x2e, 0x31, 0x2e, 0x33, 0x00, 0x00, 0x00, 0x00, 0x00, 0x00, 0x00,
  0x00, 0x00, 0x00, 0x00, 0x00, 0x00, 0x00, 0x00, 0x00, 0x00, 0x00, 0x00,
  0x00, 0x00, 0x00, 0x00, 0x00, 0x00, 0x00, 0x00, 0x00, 0x00, 0x00, 0x00,
  0x01, 0x00, 0x00, 0x00, 0x04, 0x00, 0xf1, 0xff, 0x00, 0x00, 0x00, 0x00,
  0x00, 0x00, 0x00, 0x00, 0x00, 0x00, 0x00, 0x00, 0x00, 0x00, 0x00, 0x00,
  0x09, 0x00, 0x00, 0x00, 0x01, 0x00, 0x0f, 0x00, 0x38, 0x40, 0x01, 0x00,
  0x00, 0x00, 0x00, 0x00, 0x08, 0x00, 0x00, 0x00, 0x00, 0x00, 0x00, 0x00,
  0x2f, 0x00, 0x00, 0x00, 0x01, 0x00, 0x0f, 0x00, 0x30, 0x40, 0x01, 0x00,
  0x00, 0x00, 0x00, 0x00, 0x08, 0x00, 0x00, 0x00, 0x00, 0x00, 0x00, 0x00,
  0x4f, 0x00, 0x00, 0x00, 0x01, 0x00, 0x0f, 0x00, 0x40, 0x40, 0x01, 0x00,
  0x00, 0x00, 0x00, 0x00, 0x08, 0x00, 0x00, 0x00, 0x00, 0x00, 0x00, 0x00,
  0x69, 0x00, 0x00, 0x00, 0x01, 0x00, 0x0f, 0x00, 0x48, 0x40, 0x01, 0x00,
  0x00, 0x00, 0x00, 0x00, 0x08, 0x00, 0x00, 0x00, 0x00, 0x00, 0x00, 0x00,
  0x7e, 0x00, 0x00, 0x00, 0x01, 0x00, 0x0f, 0x00, 0x50, 0x40, 0x01, 0x00,
  0x00, 0x00, 0x00, 0x00, 0x08, 0x00, 0x00, 0x00, 0x00, 0x00, 0x00, 0x00,
  0x98, 0x00, 0x00, 0x00, 0x01, 0x00, 0x0f, 0x00, 0x58, 0x40, 0x01, 0x00,
  0x00, 0x00, 0x00, 0x00, 0x08, 0x00, 0x00, 0x00, 0x00, 0x00, 0x00, 0x00,
  0xaf, 0x00, 0x00, 0x00, 0x01, 0x00, 0x0f, 0x00, 0x60, 0x40, 0x01, 0x00,
  0x00, 0x00, 0x00, 0x00, 0x08, 0x00, 0x00, 0x00, 0x00, 0x00, 0x00, 0x00,
  0xc4, 0x00, 0x00, 0x00, 0x01, 0x00, 0x0f, 0x00, 0x68, 0x40, 0x01, 0x00,
  0x00, 0x00, 0x00, 0x00, 0x08, 0x00, 0x00, 0x00, 0x00, 0x00, 0x00, 0x00,
  0xe2, 0x00, 0x00, 0x00, 0x01, 0x00, 0x0f, 0x00, 0x70, 0x40, 0x01, 0x00,
  0x00, 0x00, 0x00, 0x00, 0x08, 0x00, 0x00, 0x00, 0x00, 0x00, 0x00, 0x00,
  0x07, 0x01, 0x00, 0x00, 0x01, 0x00, 0x0f, 0x00, 0x78, 0x40, 0x01, 0x00,
  0x00, 0x00, 0x00, 0x00, 0x08, 0x00, 0x00, 0x00, 0x00, 0x00, 0x00, 0x00,
  0x20, 0x01, 0x00, 0x00, 0x01, 0x00, 0x0f, 0x00, 0x80, 0x40, 0x01, 0x00,
  0x00, 0x00, 0x00, 0x00, 0x08, 0x00, 0x00, 0x00, 0x00, 0x00, 0x00, 0x00,
  0x47, 0x01, 0x00, 0x00, 0x01, 0x00, 0x0f, 0x00, 0x88, 0x40, 0x01, 0x00,
  0x00, 0x00, 0x00, 0x00, 0x08, 0x00, 0x00, 0x00, 0x00, 0x00, 0x00, 0x00,
  0x69, 0x01, 0x00, 0x00, 0x01, 0x00, 0x0f, 0x00, 0x90, 0x40, 0x01, 0x00,
  0x00, 0x00, 0x00, 0x00, 0x08, 0x00, 0x00, 0x00, 0x00, 0x00, 0x00, 0x00,
  0x8b, 0x01, 0x00, 0x00, 0x01, 0x00, 0x0f, 0x00, 0x98, 0x40, 0x01, 0x00,
  0x00, 0x00, 0x00, 0x00, 0x08, 0x00, 0x00, 0x00, 0x00, 0x00, 0x00, 0x00,
  0xa2, 0x01, 0x00, 0x00, 0x01, 0x00, 0x0f, 0x00, 0xa0, 0x40, 0x01, 0x00,
  0x00, 0x00, 0x00, 0x00, 0x08, 0x00, 0x00, 0x00, 0x00, 0x00, 0x00, 0x00,
  0xba, 0x01, 0x00, 0x00, 0x01, 0x00, 0x0f, 0x00, 0xa8, 0x40, 0x01, 0x00,
  0x00, 0x00, 0x00, 0x00, 0x08, 0x00, 0x00, 0x00, 0x00, 0x00, 0x00, 0x00,
  0xcb, 0x01, 0x00, 0x00, 0x01, 0x00, 0x0f, 0x00, 0xb0, 0x40, 0x01, 0x00,
  0x00, 0x00, 0x00, 0x00, 0x08, 0x00, 0x00, 0x00, 0x00, 0x00, 0x00, 0x00,
  0xd7, 0x01, 0x00, 0x00, 0x02, 0x00, 0x01, 0x00, 0xf0, 0x04, 0x00, 0x00,
  0x00, 0x00, 0x00, 0x00, 0x0d, 0x01, 0x00, 0x00, 0x00, 0x00, 0x00, 0x00,
  0xe9, 0x01, 0x00, 0x00, 0x02, 0x00, 0x01, 0x00, 0x00, 0x06, 0x00, 0x00,
  0x00, 0x00, 0x00, 0x00, 0x10, 0x13, 0x00, 0x00, 0x00, 0x00, 0x00, 0x00,
  0xfc, 0x01, 0x00, 0x00, 0x01, 0x00, 0x0f, 0x00, 0xc0, 0x40, 0x01, 0x00,
  0x00, 0x00, 0x00, 0x00, 0x08, 0x00, 0x00, 0x00, 0x00, 0x00, 0x00, 0x00,
  0x0c, 0x02, 0x00, 0x00, 0x01, 0x00, 0x0f, 0x00, 0xb8, 0x40, 0x01, 0x00,
  0x00, 0x00, 0x00, 0x00, 0x08, 0x00, 0x00, 0x00, 0x00, 0x00, 0x00, 0x00,
  0x21, 0x02, 0x00, 0x00, 0x01, 0x00, 0x0f, 0x00, 0x20, 0x41, 0x01, 0x00,
  0x00, 0x00, 0x00, 0x00, 0x08, 0x00, 0x00, 0x00, 0x00, 0x00, 0x00, 0x00,
  0x33, 0x02, 0x00, 0x00, 0x01, 0x00, 0x0f, 0x00, 0x28, 0x41, 0x01, 0x00,
  0x00, 0x00, 0x00, 0x00, 0x08, 0x00, 0x00, 0x00, 0x00, 0x00, 0x00, 0x00,
  0x44, 0x02, 0x00, 0x00, 0x01, 0x00, 0x0e, 0x00, 0x0c, 0x40, 0x01, 0x00,
  0x00, 0x00, 0x00, 0x00, 0x01, 0x00, 0x00, 0x00, 0x00, 0x00, 0x00, 0x00,
  0x53, 0x02, 0x00, 0x00, 0x02, 0x00, 0x01, 0x00, 0x00, 0x1d, 0x00, 0x00,
  0x00, 0x00, 0x00, 0x00, 0xbd, 0x04, 0x00, 0x00, 0x00, 0x00, 0x00, 0x00,
  0x8c, 0x02, 0x00, 0x00, 0x01, 0x00, 0x0e, 0x00, 0x04, 0x40, 0x01, 0x00,
  0x00, 0x00, 0x00, 0x00, 0x01, 0x00, 0x00, 0x00, 0x00, 0x00, 0x00, 0x00,
  0x9b, 0x02, 0x00, 0x00, 0x01, 0x00, 0x0f, 0x00, 0xcc, 0x40, 0x01, 0x00,
  0x00, 0x00, 0x00, 0x00, 0x04, 0x00, 0x00, 0x00, 0x00, 0x00, 0x00, 0x00,
  0xaa, 0x02, 0x00, 0x00, 0x01, 0x00, 0x0e, 0x00, 0x00, 0x40, 0x01, 0x00,
  0x00, 0x00, 0x00, 0x00, 0x01, 0x00, 0x00, 0x00, 0x00, 0x00, 0x00, 0x00,
  0xb9, 0x02, 0x00, 0x00, 0x01, 0x00, 0x0e, 0x00, 0x06, 0x40, 0x01, 0x00,
  0x00, 0x00, 0x00, 0x00, 0x01, 0x00, 0x00, 0x00, 0x00, 0x00, 0x00, 0x00,
  0xc8, 0x02, 0x00, 0x00, 0x01, 0x00, 0x0e, 0x00, 0x08, 0x40, 0x01, 0x00,
  0x00, 0x00, 0x00, 0x00, 0x01, 0x00, 0x00, 0x00, 0x00, 0x00, 0x00, 0x00,
  0xd7, 0x02, 0x00, 0x00, 0x01, 0x00, 0x0e, 0x00, 0x10, 0x40, 0x01, 0x00,
  0x00, 0x00, 0x00, 0x00, 0x01, 0x00, 0x00, 0x00, 0x00, 0x00, 0x00, 0x00,
  0xe6, 0x02, 0x00, 0x00, 0x01, 0x00, 0x0f, 0x00, 0xc8, 0x40, 0x01, 0x00,
  0x00, 0x00, 0x00, 0x00, 0x01, 0x00, 0x00, 0x00, 0x00, 0x00, 0x00, 0x00,
  0xfd, 0x02, 0x00, 0x00, 0x01, 0x00, 0x0f, 0x00, 0xd0, 0x40, 0x01, 0x00,
  0x00, 0x00, 0x00, 0x00, 0x08, 0x00, 0x00, 0x00, 0x00, 0x00, 0x00, 0x00,
  0x0d, 0x03, 0x00, 0x00, 0x01, 0x00, 0x0f, 0x00, 0xd8, 0x40, 0x01, 0x00,
  0x00, 0x00, 0x00, 0x00, 0x08, 0x00, 0x00, 0x00, 0x00, 0x00, 0x00, 0x00,
  0x16, 0x03, 0x00, 0x00, 0x02, 0x00, 0x01, 0x00, 0x10, 0x19, 0x00, 0x00,
  0x00, 0x00, 0x00, 0x00, 0xe3, 0x03, 0x00, 0x00, 0x00, 0x00, 0x00, 0x00,
  0x41, 0x03, 0x00, 0x00, 0x01, 0x00, 0x0f, 0x00, 0xe0, 0x40, 0x01, 0x00,
  0x00, 0x00, 0x00, 0x00, 0x08, 0x00, 0x00, 0x00, 0x00, 0x00, 0x00, 0x00,
  0x53, 0x03, 0x00, 0x00, 0x01, 0x00, 0x0f, 0x00, 0xe8, 0x40, 0x01, 0x00,
  0x00, 0x00, 0x00, 0x00, 0x08, 0x00, 0x00, 0x00, 0x00, 0x00, 0x00, 0x00,
  0x64, 0x03, 0x00, 0x00, 0x01, 0x00, 0x0f, 0x00, 0xf0, 0x40, 0x01, 0x00,
  0x00, 0x00, 0x00, 0x00, 0x08, 0x00, 0x00, 0x00, 0x00, 0x00, 0x00, 0x00,
  0x76, 0x03, 0x00, 0x00, 0x01, 0x00, 0x0f, 0x00, 0xf8, 0x40, 0x01, 0x00,
  0x00, 0x00, 0x00, 0x00, 0x08, 0x00, 0x00, 0x00, 0x00, 0x00, 0x00, 0x00,
  0x87, 0x03, 0x00, 0x00, 0x01, 0x00, 0x0f, 0x00, 0x00, 0x41, 0x01, 0x00,
  0x00, 0x00, 0x00, 0x00, 0x08, 0x00, 0x00, 0x00, 0x00, 0x00, 0x00, 0x00,
  0x99, 0x03, 0x00, 0x00, 0x01, 0x00, 0x0f, 0x00, 0x08, 0x41, 0x01, 0x00,
  0x00, 0x00, 0x00, 0x00, 0x08, 0x00, 0x00, 0x00, 0x00, 0x00, 0x00, 0x00,
  0xaa, 0x03, 0x00, 0x00, 0x01, 0x00, 0x0f, 0x00, 0x10, 0x41, 0x01, 0x00,
  0x00, 0x00, 0x00, 0x00, 0x08, 0x00, 0x00, 0x00, 0x00, 0x00, 0x00, 0x00,
  0xbc, 0x03, 0x00, 0x00, 0x01, 0x00, 0x0f, 0x00, 0x18, 0x41, 0x01, 0x00,
  0x00, 0x00, 0x00, 0x00, 0x08, 0x00, 0x00, 0x00, 0x00, 0x00, 0x00, 0x00,
  0xcd, 0x03, 0x00, 0x00, 0x04, 0x00, 0xf1, 0xff, 0x00, 0x00, 0x00, 0x00,
  0x00, 0x00, 0x00, 0x00, 0x00, 0x00, 0x00, 0x00, 0x00, 0x00, 0x00, 0x00,
  0xda, 0x03, 0x00, 0x00, 0x04, 0x00, 0xf1, 0xff, 0x00, 0x00, 0x00, 0x00,
  0x00, 0x00, 0x00, 0x00, 0x00, 0x00, 0x00, 0x00, 0x00, 0x00, 0x00, 0x00,
  0xe0, 0x03, 0x00, 0x00, 0x01, 0x00, 0x0f, 0x00, 0x30, 0x41, 0x01, 0x00,
  0x00, 0x00, 0x00, 0x00, 0x08, 0x00, 0x00, 0x00, 0x00, 0x00, 0x00, 0x00,
  0xed, 0x03, 0x00, 0x00, 0x01, 0x00, 0x0f, 0x00, 0x40, 0x41, 0x01, 0x00,
  0x00, 0x00, 0x00, 0x00, 0x00, 0x01, 0x00, 0x00, 0x00, 0x00, 0x00, 0x00,
  0xf4, 0x03, 0x00, 0x00, 0x04, 0x00, 0xf1, 0xff, 0x00, 0x00, 0x00, 0x00,
  0x00, 0x00, 0x00, 0x00, 0x00, 0x00, 0x00, 0x00, 0x00, 0x00, 0x00, 0x00,
  0xfe, 0x03, 0x00, 0x00, 0x01, 0x00, 0x0f, 0x00, 0x40, 0x42, 0x01, 0x00,
  0x00, 0x00, 0x00, 0x00, 0x08, 0x00, 0x00, 0x00, 0x00, 0x00, 0x00, 0x00,
  0x0a, 0x04, 0x00, 0x00, 0x04, 0x00, 0xf1, 0xff, 0x00, 0x00, 0x00, 0x00,
  0x00, 0x00, 0x00, 0x00, 0x00, 0x00, 0x00, 0x00, 0x00, 0x00, 0x00, 0x00,
  0x11, 0x04, 0x00, 0x00, 0x01, 0x00, 0x0f, 0x00, 0x48, 0x42, 0x01, 0x00,
  0x00, 0x00, 0x00, 0x00, 0x08, 0x00, 0x00, 0x00, 0x00, 0x00, 0x00, 0x00,
  0x1b, 0x04, 0x00, 0x00, 0x01, 0x00, 0x0f, 0x00, 0x50, 0x42, 0x01, 0x00,
  0x00, 0x00, 0x00, 0x00, 0x08, 0x00, 0x00, 0x00, 0x00, 0x00, 0x00, 0x00,
  0x24, 0x04, 0x00, 0x00, 0x01, 0x00, 0x0f, 0x00, 0x58, 0x42, 0x01, 0x00,
  0x00, 0x00, 0x00, 0x00, 0x08, 0x00, 0x00, 0x00, 0x00, 0x00, 0x00, 0x00,
  0x2d, 0x04, 0x00, 0x00, 0x01, 0x00, 0x0f, 0x00, 0x60, 0x42, 0x01, 0x00,
  0x00, 0x00, 0x00, 0x00, 0x08, 0x00, 0x00, 0x00, 0x00, 0x00, 0x00, 0x00,
  0x35, 0x04, 0x00, 0x00, 0x04, 0x00, 0xf1, 0xff, 0x00, 0x00, 0x00, 0x00,
  0x00, 0x00, 0x00, 0x00, 0x00, 0x00, 0x00, 0x00, 0x00, 0x00, 0x00, 0x00,
  0x3b, 0x04, 0x00, 0x00, 0x02, 0x00, 0x01, 0x00, 0x30, 0x30, 0x00, 0x00,
  0x00, 0x00, 0x00, 0x00, 0xdb, 0x13, 0x00, 0x00, 0x00, 0x00, 0x00, 0x00,
  0x49, 0x04, 0x00, 0x00, 0x04, 0x00, 0xf1, 0xff, 0x00, 0x00, 0x00, 0x00,
  0x00, 0x00, 0x00, 0x00, 0x00, 0x00, 0x00, 0x00, 0x00, 0x00, 0x00, 0x00,
  0x52, 0x04, 0x00, 0x00, 0x01, 0x00, 0x0e, 0x00, 0x14, 0x40, 0x01, 0x00,
  0x00, 0x00, 0x00, 0x00, 0x04, 0x00, 0x00, 0x00, 0x00, 0x00, 0x00, 0x00,
  0x5c, 0x04, 0x00, 0x00, 0x01, 0x00, 0x0e, 0x00, 0x18, 0x40, 0x01, 0x00,
  0x00, 0x00, 0x00, 0x00, 0x04, 0x00, 0x00, 0x00, 0x00, 0x00, 0x00, 0x00,
  0x66, 0x04, 0x00, 0x00, 0x01, 0x00, 0x0e, 0x00, 0x1c, 0x40, 0x01, 0x00,
  0x00, 0x00, 0x00, 0x00, 0x04, 0x00, 0x00, 0x00, 0x00, 0x00, 0x00, 0x00,
  0x70, 0x04, 0x00, 0x00, 0x01, 0x00, 0x0e, 0x00, 0x20, 0x40, 0x01, 0x00,
  0x00, 0x00, 0x00, 0x00, 0x04, 0x00, 0x00, 0x00, 0x00, 0x00, 0x00, 0x00,
  0x7a, 0x04, 0x00, 0x00, 0x01, 0x00, 0x0f, 0x00, 0xd0, 0x42, 0x01, 0x00,
  0x00, 0x00, 0x00, 0x00, 0x08, 0x00, 0x00, 0x00, 0x00, 0x00, 0x00, 0x00,
  0x84, 0x04, 0x00, 0x00, 0x01, 0x00, 0x0f, 0x00, 0x68, 0x42, 0x01, 0x00,
  0x00, 0x00, 0x00, 0x00, 0x08, 0x00, 0x00, 0x00, 0x00, 0x00, 0x00, 0x00,
  0x8c, 0x04, 0x00, 0x00, 0x01, 0x00, 0x0f, 0x00, 0xe0, 0x42, 0x01, 0x00,
  0x00, 0x00, 0x00, 0x00, 0x40, 0x06, 0x00, 0x00, 0x00, 0x00, 0x00, 0x00,
  0x97, 0x04, 0x00, 0x00, 0x01, 0x00, 0x0e, 0x00, 0x24, 0x40, 0x01, 0x00,
  0x00, 0x00, 0x00, 0x00, 0x04, 0x00, 0x00, 0x00, 0x00, 0x00, 0x00, 0x00,
  0xaa, 0x04, 0x00, 0x00, 0x04, 0x00, 0xf1, 0xff, 0x00, 0x00, 0x00, 0x00,
  0x00, 0x00, 0x00, 0x00, 0x00, 0x00, 0x00, 0x00, 0x00, 0x00, 0x00, 0x00,
  0xb1, 0x04, 0x00, 0x00, 0x01, 0x00, 0x0f, 0x00, 0x20, 0x49, 0x01, 0x00,
  0x00, 0x00, 0x00, 0x00, 0x08, 0x00, 0x00, 0x00, 0x00, 0x00, 0x00, 0x00,
  0xb8, 0x04, 0x00, 0x00, 0x01, 0x00, 0x0f, 0x00, 0x40, 0x49, 0x01, 0x00,
  0x00, 0x00, 0x00, 0x00, 0x08, 0x00, 0x00, 0x00, 0x00, 0x00, 0x00, 0x00,
  0xc0, 0x04, 0x00, 0x00, 0x01, 0x00, 0x0f, 0x00, 0x48, 0x49, 0x01, 0x00,
  0x00, 0x00, 0x00, 0x00, 0x08, 0x00, 0x00, 0x00, 0x00, 0x00, 0x00, 0x00,
  0xc7, 0x04, 0x00, 0x00, 0x01, 0x00, 0x0f, 0x00, 0x50, 0x49, 0x01, 0x00,
  0x00, 0x00, 0x00, 0x00, 0x08, 0x00, 0x00, 0x00, 0x00, 0x00, 0x00, 0x00,
  0xce, 0x04, 0x00, 0x00, 0x02, 0x00, 0x01, 0x00, 0xa0, 0x75, 0x00, 0x00,
  0x00, 0x00, 0x00, 0x00, 0x70, 0x00, 0x00, 0x00, 0x00, 0x00, 0x00, 0x00,
  0xe4, 0x04, 0x00, 0x00, 0x01, 0x00, 0x0f, 0x00, 0x58, 0x49, 0x01, 0x00,
  0x00, 0x00, 0x00, 0x00, 0x08, 0x00, 0x00, 0x00, 0x00, 0x00, 0x00, 0x00,
  0xeb, 0x04, 0x00, 0x00, 0x02, 0x00, 0x01, 0x00, 0x10, 0x76, 0x00, 0x00,
  0x00, 0x00, 0x00, 0x00, 0x2a, 0x00, 0x00, 0x00, 0x00, 0x00, 0x00, 0x00,
  0xf4, 0x04, 0x00, 0x00, 0x02, 0x00, 0x01, 0x00, 0x40, 0x76, 0x00, 0x00,
  0x00, 0x00, 0x00, 0x00, 0x03, 0x00, 0x00, 0x00, 0x00, 0x00, 0x00, 0x00,
  0xfd, 0x04, 0x00, 0x00, 0x02, 0x00, 0x01, 0x00, 0x50, 0x76, 0x00, 0x00,
  0x00, 0x00, 0x00, 0x00, 0x1a, 0x00, 0x00, 0x00, 0x00, 0x00, 0x00, 0x00,
  0x0a, 0x05, 0x00, 0x00, 0x02, 0x00, 0x01, 0x00, 0x70, 0x76, 0x00, 0x00,
  0x00, 0x00, 0x00, 0x00, 0x1a, 0x00, 0x00, 0x00, 0x00, 0x00, 0x00, 0x00,
  0x17, 0x05, 0x00, 0x00, 0x02, 0x00, 0x01, 0x00, 0x90, 0x76, 0x00, 0x00,
  0x00, 0x00, 0x00, 0x00, 0x03, 0x00, 0x00, 0x00, 0x00, 0x00, 0x00, 0x00,
  0x20, 0x05, 0x00, 0x00, 0x02, 0x00, 0x01, 0x00, 0xa0, 0x76, 0x00, 0x00,
  0x00, 0x00, 0x00, 0x00, 0x0c, 0x00, 0x00, 0x00, 0x00, 0x00, 0x00, 0x00,
  0x2a, 0x05, 0x00, 0x00, 0x02, 0x00, 0x01, 0x00, 0xb0, 0x76, 0x00, 0x00,
  0x00, 0x00, 0x00, 0x00, 0x06, 0x00, 0x00, 0x00, 0x00, 0x00, 0x00, 0x00,
  0x36, 0x05, 0x00, 0x00, 0x01, 0x00, 0x0f, 0x00, 0xd8, 0x49, 0x01, 0x00,
  0x00, 0x00, 0x00, 0x00, 0x08, 0x00, 0x00, 0x00, 0x00, 0x00, 0x00, 0x00,
  0x3d, 0x05, 0x00, 0x00, 0x01, 0x00, 0x0f, 0x00, 0xc8, 0x49, 0x01, 0x00,
  0x00, 0x00, 0x00, 0x00, 0x08, 0x00, 0x00, 0x00, 0x00, 0x00, 0x00, 0x00,
  0x45, 0x05, 0x00, 0x00, 0x01, 0x00, 0x0f, 0x00, 0xa8, 0x49, 0x01, 0x00,
  0x00, 0x00, 0x00, 0x00, 0x08, 0x00, 0x00, 0x00, 0x00, 0x00, 0x00, 0x00,
  0x4c, 0x05, 0x00, 0x00, 0x01, 0x00, 0x0f, 0x00, 0x80, 0x49, 0x01, 0x00,
  0x00, 0x00, 0x00, 0x00, 0x08, 0x00, 0x00, 0x00, 0x00, 0x00, 0x00, 0x00,
  0x51, 0x05, 0x00, 0x00, 0x04, 0x00, 0xf1, 0xff, 0x00, 0x00, 0x00, 0x00,
  0x00, 0x00, 0x00, 0x00, 0x00, 0x00, 0x00, 0x00, 0x00, 0x00, 0x00, 0x00,
  0x5b, 0x05, 0x00, 0x00, 0x01, 0x00, 0x0f, 0x00, 0x60, 0x49, 0x01, 0x00,
  0x00, 0x00, 0x00, 0x00, 0x08, 0x00, 0x00, 0x00, 0x00, 0x00, 0x00, 0x00,
  0x62, 0x05, 0x00, 0x00, 0x02, 0x00, 0x01, 0x00, 0x00, 0x7d, 0x00, 0x00,
  0x00, 0x00, 0x00, 0x00, 0x66, 0x09, 0x00, 0x00, 0x00, 0x00, 0x00, 0x00,
  0x6a, 0x05, 0x00, 0x00, 0x02, 0x00, 0x01, 0x00, 0x70, 0x86, 0x00, 0x00,
  0x00, 0x00, 0x00, 0x00, 0x6a, 0x00, 0x00, 0x00, 0x00, 0x00, 0x00, 0x00,
  0x72, 0x05, 0x00, 0x00, 0x02, 0x00, 0x01, 0x00, 0xe0, 0x86, 0x00, 0x00,
  0x00, 0x00, 0x00, 0x00, 0xc2, 0x00, 0x00, 0x00, 0x00, 0x00, 0x00, 0x00,
  0x7e, 0x05, 0x00, 0x00, 0x02, 0x00, 0x01, 0x00, 0xb0, 0x87, 0x00, 0x00,
  0x00, 0x00, 0x00, 0x00, 0x9f, 0x00, 0x00, 0x00, 0x00, 0x00, 0x00, 0x00,
  0x8a, 0x05, 0x00, 0x00, 0x02, 0x00, 0x01, 0x00, 0x50, 0x88, 0x00, 0x00,
  0x00, 0x00, 0x00, 0x00, 0x45, 0x00, 0x00, 0x00, 0x00, 0x00, 0x00, 0x00,
  0x92, 0x05, 0x00, 0x00, 0x02, 0x00, 0x01, 0x00, 0xa0, 0x88, 0x00, 0x00,
  0x00, 0x00, 0x00, 0x00, 0x72, 0x00, 0x00, 0x00, 0x00, 0x00, 0x00, 0x00,
  0x9b, 0x05, 0x00, 0x00, 0x02, 0x00, 0x01, 0x00, 0x20, 0x89, 0x00, 0x00,
  0x00, 0x00, 0x00, 0x00, 0x78, 0x00, 0x00, 0x00, 0x00, 0x00, 0x00, 0x00,
  0xa6, 0x05, 0x00, 0x00, 0x01, 0x00, 0x0f, 0x00, 0x28, 0x49, 0x01, 0x00,
  0x00, 0x00, 0x00, 0x00, 0x08, 0x00, 0x00, 0x00, 0x00, 0x00, 0x00, 0x00,
  0xad, 0x05, 0x00, 0x00, 0x01, 0x00, 0x0f, 0x00, 0xe0, 0x49, 0x01, 0x00,
  0x00, 0x00, 0x00, 0x00, 0x08, 0x00, 0x00, 0x00, 0x00, 0x00, 0x00, 0x00,
  0xb4, 0x05, 0x00, 0x00, 0x01, 0x00, 0x0f, 0x00, 0x88, 0x49, 0x01, 0x00,
  0x00, 0x00, 0x00, 0x00, 0x08, 0x00, 0x00, 0x00, 0x00, 0x00, 0x00, 0x00,
  0xb9, 0x05, 0x00, 0x00, 0x01, 0x00, 0x0f, 0x00, 0xf0, 0x49, 0x01, 0x00,
  0x00, 0x00, 0x00, 0x00, 0x08, 0x00, 0x00, 0x00, 0x00, 0x00, 0x00, 0x00,
  0xc0, 0x05, 0x00, 0x00, 0x02, 0x00, 0x01, 0x00, 0x90, 0x8a, 0x00, 0x00,
  0x00, 0x00, 0x00, 0x00, 0x01, 0x01, 0x00, 0x00, 0x00, 0x00, 0x00, 0x00,
  0xcb, 0x05, 0x00, 0x00, 0x01, 0x00, 0x0f, 0x00, 0xb0, 0x49, 0x01, 0x00,
  0x00, 0x00, 0x00, 0x00, 0x08, 0x00, 0x00, 0x00, 0x00, 0x00, 0x00, 0x00,
  0xd2, 0x05, 0x00, 0x00, 0x04, 0x00, 0xf1, 0xff, 0x00, 0x00, 0x00, 0x00,
  0x00, 0x00, 0x00, 0x00, 0x00, 0x00, 0x00, 0x00, 0x00, 0x00, 0x00, 0x00,
  0xde, 0x05, 0x00, 0x00, 0x01, 0x00, 0x0f, 0x00, 0x68, 0x49, 0x01, 0x00,
  0x00, 0x00, 0x00, 0x00, 0x08, 0x00, 0x00, 0x00, 0x00, 0x00, 0x00, 0x00,
  0xe5, 0x05, 0x00, 0x00, 0x02, 0x00, 0x01, 0x00, 0x40, 0x8c, 0x00, 0x00,
  0x00, 0x00, 0x00, 0x00, 0xb9, 0x02, 0x00, 0x00, 0x00, 0x00, 0x00, 0x00,
  0xef, 0x05, 0x00, 0x00, 0x02, 0x00, 0x01, 0x00, 0x00, 0x8f, 0x00, 0x00,
  0x00, 0x00, 0x00, 0x00, 0x03, 0x00, 0x00, 0x00, 0x00, 0x00, 0x00, 0x00,
  0xf9, 0x05, 0x00, 0x00, 0x02, 0x00, 0x01, 0x00, 0x10, 0x8f, 0x00, 0x00,
  0x00, 0x00, 0x00, 0x00, 0x05, 0x01, 0x00, 0x00, 0x00, 0x00, 0x00, 0x00,
  0x07, 0x06, 0x00, 0x00, 0x02, 0x00, 0x01, 0x00, 0x20, 0x90, 0x00, 0x00,
  0x00, 0x00, 0x00, 0x00, 0x9f, 0x00, 0x00, 0x00, 0x00, 0x00, 0x00, 0x00,
  0x15, 0x06, 0x00, 0x00, 0x02, 0x00, 0x01, 0x00, 0xc0, 0x90, 0x00, 0x00,
  0x00, 0x00, 0x00, 0x00, 0x03, 0x00, 0x00, 0x00, 0x00, 0x00, 0x00, 0x00,
  0x1f, 0x06, 0x00, 0x00, 0x02, 0x00, 0x01, 0x00, 0xd0, 0x90, 0x00, 0x00,
  0x00, 0x00, 0x00, 0x00, 0x8e, 0x00, 0x00, 0x00, 0x00, 0x00, 0x00, 0x00,
  0x2a, 0x06, 0x00, 0x00, 0x02, 0x00, 0x01, 0x00, 0x60, 0x91, 0x00, 0x00,
  0x00, 0x00, 0x00, 0x00, 0x9e, 0x00, 0x00, 0x00, 0x00, 0x00, 0x00, 0x00,
  0x37, 0x06, 0x00, 0x00, 0x01, 0x00, 0x0f, 0x00, 0x30, 0x49, 0x01, 0x00,
  0x00, 0x00, 0x00, 0x00, 0x08, 0x00, 0x00, 0x00, 0x00, 0x00, 0x00, 0x00,
  0x3e, 0x06, 0x00, 0x00, 0x01, 0x00, 0x0f, 0x00, 0xb8, 0x49, 0x01, 0x00,
  0x00, 0x00, 0x00, 0x00, 0x08, 0x00, 0x00, 0x00, 0x00, 0x00, 0x00, 0x00,
  0x45, 0x06, 0x00, 0x00, 0x01, 0x00, 0x08, 0x00, 0xe0, 0xd3, 0x00, 0x00,
  0x00, 0x00, 0x00, 0x00, 0x90, 0x08, 0x00, 0x00, 0x00, 0x00, 0x00, 0x00,
  0x4f, 0x06, 0x00, 0x00, 0x01, 0x00, 0x0f, 0x00, 0x10, 0x4a, 0x01, 0x00,
  0x00, 0x00, 0x00, 0x00, 0x08, 0x00, 0x00, 0x00, 0x00, 0x00, 0x00, 0x00,
  0x6e, 0x06, 0x00, 0x00, 0x01, 0x00, 0x0f, 0x00, 0x00, 0x4a, 0x01, 0x00,
  0x00, 0x00, 0x00, 0x00, 0x08, 0x00, 0x00, 0x00, 0x00, 0x00, 0x00, 0x00,
  0x87, 0x06, 0x00, 0x00, 0x01, 0x00, 0x0f, 0x00, 0xe8, 0x49, 0x01, 0x00,
  0x00, 0x00, 0x00, 0x00, 0x08, 0x00, 0x00, 0x00, 0x00, 0x00, 0x00, 0x00,
  0x8e, 0x06, 0x00, 0x00, 0x01, 0x00, 0x0f, 0x00, 0xd0, 0x49, 0x01, 0x00,
  0x00, 0x00, 0x00, 0x00, 0x08, 0x00, 0x00, 0x00, 0x00, 0x00, 0x00, 0x00,
  0x96, 0x06, 0x00, 0x00, 0x01, 0x00, 0x0f, 0x00, 0x08, 0x4a, 0x01, 0x00,
  0x00, 0x00, 0x00, 0x00, 0x08, 0x00, 0x00, 0x00, 0x00, 0x00, 0x00, 0x00,
  0xb0, 0x06, 0x00, 0x00, 0x01, 0x00, 0x0f, 0x00, 0x90, 0x49, 0x01, 0x00,
  0x00, 0x00, 0x00, 0x00, 0x08, 0x00, 0x00, 0x00, 0x00, 0x00, 0x00, 0x00,
  0xb5, 0x06, 0x00, 0x00, 0x04, 0x00, 0xf1, 0xff, 0x00, 0x00, 0x00, 0x00,
  0x00, 0x00, 0x00, 0x00, 0x00, 0x00, 0x00, 0x00, 0x00, 0x00, 0x00, 0x00,
  0xc4, 0x06, 0x00, 0x00, 0x01, 0x00, 0x0f, 0x00, 0x70, 0x49, 0x01, 0x00,
  0x00, 0x00, 0x00, 0x00, 0x08, 0x00, 0x00, 0x00, 0x00, 0x00, 0x00, 0x00,
  0xcb, 0x06, 0x00, 0x00, 0x02, 0x00, 0x01, 0x00, 0xc0, 0x94, 0x00, 0x00,
  0x00, 0x00, 0x00, 0x00, 0x06, 0x05, 0x00, 0x00, 0x00, 0x00, 0x00, 0x00,
  0xd8, 0x06, 0x00, 0x00, 0x02, 0x00, 0x01, 0x00, 0xd0, 0x99, 0x00, 0x00,
  0x00, 0x00, 0x00, 0x00, 0x6d, 0x00, 0x00, 0x00, 0x00, 0x00, 0x00, 0x00,
  0xe5, 0x06, 0x00, 0x00, 0x02, 0x00, 0x01, 0x00, 0x40, 0x9a, 0x00, 0x00,
  0x00, 0x00, 0x00, 0x00, 0xbb, 0x00, 0x00, 0x00, 0x00, 0x00, 0x00, 0x00,
  0xf6, 0x06, 0x00, 0x00, 0x02, 0x00, 0x01, 0x00, 0x00, 0x9b, 0x00, 0x00,
  0x00, 0x00, 0x00, 0x00, 0x8f, 0x00, 0x00, 0x00, 0x00, 0x00, 0x00, 0x00,
  0x07, 0x07, 0x00, 0x00, 0x02, 0x00, 0x01, 0x00, 0x90, 0x9b, 0x00, 0x00,
  0x00, 0x00, 0x00, 0x00, 0x59, 0x00, 0x00, 0x00, 0x00, 0x00, 0x00, 0x00,
  0x14, 0x07, 0x00, 0x00, 0x02, 0x00, 0x01, 0x00, 0xf0, 0x9b, 0x00, 0x00,
  0x00, 0x00, 0x00, 0x00, 0x03, 0x00, 0x00, 0x00, 0x00, 0x00, 0x00, 0x00,
  0x22, 0x07, 0x00, 0x00, 0x02, 0x00, 0x01, 0x00, 0x00, 0x9c, 0x00, 0x00,
  0x00, 0x00, 0x00, 0x00, 0x06, 0x00, 0x00, 0x00, 0x00, 0x00, 0x00, 0x00,
  0x32, 0x07, 0x00, 0x00, 0x01, 0x00, 0x0f, 0x00, 0x38, 0x49, 0x01, 0x00,
  0x00, 0x00, 0x00, 0x00, 0x08, 0x00, 0x00, 0x00, 0x00, 0x00, 0x00, 0x00,
  0x39, 0x07, 0x00, 0x00, 0x01, 0x00, 0x0f, 0x00, 0xf8, 0x49, 0x01, 0x00,
  0x00, 0x00, 0x00, 0x00, 0x08, 0x00, 0x00, 0x00, 0x00, 0x00, 0x00, 0x00,
  0x40, 0x07, 0x00, 0x00, 0x01, 0x00, 0x0f, 0x00, 0xc0, 0x49, 0x01, 0x00,
  0x00, 0x00, 0x00, 0x00, 0x08, 0x00, 0x00, 0x00, 0x00, 0x00, 0x00, 0x00,
  0x47, 0x07, 0x00, 0x00, 0x01, 0x00, 0x0f, 0x00, 0x98, 0x49, 0x01, 0x00,
  0x00, 0x00, 0x00, 0x00, 0x08, 0x00, 0x00, 0x00, 0x00, 0x00, 0x00, 0x00,
  0x4c, 0x07, 0x00, 0x00, 0x04, 0x00, 0xf1, 0xff, 0x00, 0x00, 0x00, 0x00,
  0x00, 0x00, 0x00, 0x00, 0x00, 0x00, 0x00, 0x00, 0x00, 0x00, 0x00, 0x00,
  0x59, 0x07, 0x00, 0x00, 0x01, 0x00, 0x0f, 0x00, 0x20, 0x4a, 0x01, 0x00,
  0x00, 0x00, 0x00, 0x00, 0x08, 0x00, 0x00, 0x00, 0x00, 0x00, 0x00, 0x00,
  0x60, 0x07, 0x00, 0x00, 0x01, 0x00, 0x0f, 0x00, 0x18, 0x4a, 0x01, 0x00,
  0x00, 0x00, 0x00, 0x00, 0x04, 0x00, 0x00, 0x00, 0x00, 0x00, 0x00, 0x00,
  0x6a, 0x07, 0x00, 0x00, 0x01, 0x00, 0x0f, 0x00, 0x28, 0x4a, 0x01, 0x00,
  0x00, 0x00, 0x00, 0x00, 0x08, 0x00, 0x00, 0x00, 0x00, 0x00, 0x00, 0x00,
  0x72, 0x07, 0x00, 0x00, 0x01, 0x00, 0x0f, 0x00, 0x30, 0x4a, 0x01, 0x00,
  0x00, 0x00, 0x00, 0x00, 0x08, 0x00, 0x00, 0x00, 0x00, 0x00, 0x00, 0x00,
  0x7a, 0x07, 0x00, 0x00, 0x01, 0x00, 0x0f, 0x00, 0x38, 0x4a, 0x01, 0x00,
  0x00, 0x00, 0x00, 0x00, 0x08, 0x00, 0x00, 0x00, 0x00, 0x00, 0x00, 0x00,
  0x82, 0x07, 0x00, 0x00, 0x01, 0x00, 0x0f, 0x00, 0x40, 0x4a, 0x01, 0x00,
  0x00, 0x00, 0x00, 0x00, 0x08, 0x00, 0x00, 0x00, 0x00, 0x00, 0x00, 0x00,
  0x8c, 0x07, 0x00, 0x00, 0x01, 0x00, 0x0f, 0x00, 0x78, 0x49, 0x01, 0x00,
  0x00, 0x00, 0x00, 0x00, 0x08, 0x00, 0x00, 0x00, 0x00, 0x00, 0x00, 0x00,
  0x93, 0x07, 0x00, 0x00, 0x01, 0x00, 0x0f, 0x00, 0xa0, 0x49, 0x01, 0x00,
  0x00, 0x00, 0x00, 0x00, 0x08, 0x00, 0x00, 0x00, 0x00, 0x00, 0x00, 0x00,
  0x98, 0x07, 0x00, 0x00, 0x04, 0x00, 0xf1, 0xff, 0x00, 0x00, 0x00, 0x00,
  0x00, 0x00, 0x00, 0x00, 0x00, 0x00, 0x00, 0x00, 0x00, 0x00, 0x00, 0x00,
  0x9f, 0x07, 0x00, 0x00, 0x02, 0x00, 0x01, 0x00, 0xd0, 0xa0, 0x00, 0x00,
  0x00, 0x00, 0x00, 0x00, 0x33, 0x01, 0x00, 0x00, 0x00, 0x00, 0x00, 0x00,
  0xaa, 0x07, 0x00, 0x00, 0x01, 0x00, 0x0a, 0x00, 0x30, 0xf5, 0x00, 0x00,
  0x00, 0x00, 0x00, 0x00, 0x10, 0x00, 0x00, 0x00, 0x00, 0x00, 0x00, 0x00,
  0xbe, 0x07, 0x00, 0x00, 0x04, 0x00, 0xf1, 0xff, 0x00, 0x00, 0x00, 0x00,
  0x00, 0x00, 0x00, 0x00, 0x00, 0x00, 0x00, 0x00, 0x00, 0x00, 0x00, 0x00,
  0xc6, 0x07, 0x00, 0x00, 0x04, 0x00, 0xf1, 0xff, 0x00, 0x00, 0x00, 0x00,
  0x00, 0x00, 0x00, 0x00, 0x00, 0x00, 0x00, 0x00, 0x00, 0x00, 0x00, 0x00,
  0xd6, 0x07, 0x00, 0x00, 0x01, 0x00, 0x0e, 0x00, 0x28, 0x40, 0x01, 0x00,
  0x00, 0x00, 0x00, 0x00, 0x00, 0x00, 0x00, 0x00, 0x00, 0x00, 0x00, 0x00,
  0x04, 0x09, 0x00, 0x00, 0x00, 0x02, 0x0f, 0x00, 0x30, 0x40, 0x01, 0x00,
  0x00, 0x00, 0x00, 0x00, 0x00, 0x00, 0x00, 0x00, 0x00, 0x00, 0x00, 0x00,
  0x10, 0x09, 0x00, 0x00, 0x00, 0x02, 0x0f, 0x00, 0x48, 0x4a, 0x01, 0x00,
  0x00, 0x00, 0x00, 0x00, 0x00, 0x00, 0x00, 0x00, 0x00, 0x00, 0x00, 0x00,
  0xa5, 0x12, 0x00, 0x00, 0x00, 0x02, 0x01, 0x00, 0x00, 0x00, 0x00, 0x00,
  0x00, 0x00, 0x00, 0x00, 0x00, 0x00, 0x00, 0x00, 0x00, 0x00, 0x00, 0x00,
  0xb3, 0x12, 0x00, 0x00, 0x00, 0x02, 0x0f, 0x00, 0x48, 0x4a, 0x01, 0x00,
  0x00, 0x00, 0x00, 0x00, 0x00, 0x00, 0x00, 0x00, 0x00, 0x00, 0x00, 0x00,
  0xbf, 0x12, 0x00, 0x00, 0x00, 0x02, 0x0d, 0x00, 0x00, 0x00, 0x01, 0x00,
  0x00, 0x00, 0x00, 0x00, 0x00, 0x00, 0x00, 0x00, 0x00, 0x00, 0x00, 0x00,
  0xc8, 0x12, 0x00, 0x00, 0x00, 0x02, 0x0b, 0x00, 0x40, 0xf5, 0x00, 0x00,
  0x00, 0x00, 0x00, 0x00, 0x00, 0x00, 0x00, 0x00, 0x00, 0x00, 0x00, 0x00,
  0xd9, 0x12, 0x00, 0x00, 0x00, 0x02, 0x0b, 0x00, 0x40, 0xf5, 0x00, 0x00,
  0x00, 0x00, 0x00, 0x00, 0x00, 0x00, 0x00, 0x00, 0x00, 0x00, 0x00, 0x00,
  0xec, 0x12, 0x00, 0x00, 0x00, 0x02, 0x0c, 0x00, 0x40, 0xf5, 0x00, 0x00,
  0x00, 0x00, 0x00, 0x00, 0x00, 0x00, 0x00, 0x00, 0x00, 0x00, 0x00, 0x00,
  0xfd, 0x12, 0x00, 0x00, 0x00, 0x02, 0x0c, 0x00, 0x40, 0xf5, 0x00, 0x00,
  0x00, 0x00, 0x00, 0x00, 0x00, 0x00, 0x00, 0x00, 0x00, 0x00, 0x00, 0x00,
  0xe7, 0x07, 0x00, 0x00, 0x12, 0x00, 0x01, 0x00, 0xc0, 0x21, 0x00, 0x00,
  0x00, 0x00, 0x00, 0x00, 0x95, 0x00, 0x00, 0x00, 0x00, 0x00, 0x00, 0x00,
  0xf2, 0x07, 0x00, 0x00, 0x12, 0x00, 0x01, 0x00, 0x60, 0x22, 0x00, 0x00,
  0x00, 0x00, 0x00, 0x00, 0x95, 0x00, 0x00, 0x00, 0x00, 0x00, 0x00, 0x00,
  0xff, 0x07, 0x00, 0x00, 0x12, 0x00, 0x01, 0x00, 0x00, 0x00, 0x00, 0x00,
  0x00, 0x00, 0x00, 0x00, 0xe9, 0x04, 0x00, 0x00, 0x00, 0x00, 0x00, 0x00,
  0x04, 0x08, 0x00, 0x00, 0x20, 0x00, 0x00, 0x00, 0x00, 0x00, 0x00, 0x00,
  0x00, 0x00, 0x00, 0x00, 0x00, 0x00, 0x00, 0x00, 0x00, 0x00, 0x00, 0x00,
  0x1e, 0x08, 0x00, 0x00, 0x20, 0x00, 0x00, 0x00, 0x00, 0x00, 0x00, 0x00,
  0x00, 0x00, 0x00, 0x00, 0x00, 0x00, 0x00, 0x00, 0x00, 0x00, 0x00, 0x00,
  0x47, 0x08, 0x00, 0x00, 0x12, 0x00, 0x00, 0x00, 0x00, 0x00, 0x00, 0x00,
  0x00, 0x00, 0x00, 0x00, 0x00, 0x00, 0x00, 0x00, 0x00, 0x00, 0x00, 0x00,
  0x4d, 0x08, 0x00, 0x00, 0x12, 0x00, 0x00, 0x00, 0x00, 0x00, 0x00, 0x00,
  0x00, 0x00, 0x00, 0x00, 0x00, 0x00, 0x00, 0x00, 0x00, 0x00, 0x00, 0x00,
  0x5c, 0x08, 0x00, 0x00, 0x12, 0x00, 0x00, 0x00, 0x00, 0x00, 0x00, 0x00,
  0x00, 0x00, 0x00, 0x00, 0x00, 0x00, 0x00, 0x00, 0x00, 0x00, 0x00, 0x00,
  0x63, 0x08, 0x00, 0x00, 0x12, 0x00, 0x00, 0x00, 0x00, 0x00, 0x00, 0x00,
  0x00, 0x00, 0x00, 0x00, 0x00, 0x00, 0x00, 0x00, 0x00, 0x00, 0x00, 0x00,
  0x6e, 0x08, 0x00, 0x00, 0x12, 0x00, 0x00, 0x00, 0x00, 0x00, 0x00, 0x00,
  0x00, 0x00, 0x00, 0x00, 0x00, 0x00, 0x00, 0x00, 0x00, 0x00, 0x00, 0x00,
  0x73, 0x08, 0x00, 0x00, 0x12, 0x00, 0x00, 0x00, 0x00, 0x00, 0x00, 0x00,
  0x00, 0x00, 0x00, 0x00, 0x00, 0x00, 0x00, 0x00, 0x00, 0x00, 0x00, 0x00,
  0x79, 0x08, 0x00, 0x00, 0x12, 0x00, 0x00, 0x00, 0x00, 0x00, 0x00, 0x00,
  0x00, 0x00, 0x00, 0x00, 0x00, 0x00, 0x00, 0x00, 0x00, 0x00, 0x00, 0x00,
  0x7e, 0x08, 0x00, 0x00, 0x12, 0x00, 0x00, 0x00, 0x00, 0x00, 0x00, 0x00,
  0x00, 0x00, 0x00, 0x00, 0x00, 0x00, 0x00, 0x00, 0x00, 0x00, 0x00, 0x00,
  0x8c, 0x08, 0x00, 0x00, 0x12, 0x00, 0x00, 0x00, 0x00, 0x00, 0x00, 0x00,
  0x00, 0x00, 0x00, 0x00, 0x00, 0x00, 0x00, 0x00, 0x00, 0x00, 0x00, 0x00,
  0x93, 0x08, 0x00, 0x00, 0x12, 0x00, 0x00, 0x00, 0x00, 0x00, 0x00, 0x00,
  0x00, 0x00, 0x00, 0x00, 0x00, 0x00, 0x00, 0x00, 0x00, 0x00, 0x00, 0x00,
  0x99, 0x08, 0x00, 0x00, 0x12, 0x00, 0x00, 0x00, 0x00, 0x00, 0x00, 0x00,
  0x00, 0x00, 0x00, 0x00, 0x00, 0x00, 0x00, 0x00, 0x00, 0x00, 0x00, 0x00,
  0x9f, 0x08, 0x00, 0x00, 0x12, 0x00, 0x00, 0x00, 0x00, 0x00, 0x00, 0x00,
  0x00, 0x00, 0x00, 0x00, 0x00, 0x00, 0x00, 0x00, 0x00, 0x00, 0x00, 0x00,
  0xa6, 0x08, 0x00, 0x00, 0x12, 0x00, 0x00, 0x00, 0x00, 0x00, 0x00, 0x00,
  0x00, 0x00, 0x00, 0x00, 0x00, 0x00, 0x00, 0x00, 0x00, 0x00, 0x00, 0x00,
  0xae, 0x08, 0x00, 0x00, 0x12, 0x00, 0x00, 0x00, 0x00, 0x00, 0x00, 0x00,
  0x00, 0x00, 0x00, 0x00, 0x00, 0x00, 0x00, 0x00, 0x00, 0x00, 0x00, 0x00,
  0xb5, 0x08, 0x00, 0x00, 0x12, 0x00, 0x00, 0x00, 0x00, 0x00, 0x00, 0x00,
  0x00, 0x00, 0x00, 0x00, 0x00, 0x00, 0x00, 0x00, 0x00, 0x00, 0x00, 0x00,
  0xbc, 0x08, 0x00, 0x00, 0x12, 0x00, 0x00, 0x00, 0x00, 0x00, 0x00, 0x00,
  0x00, 0x00, 0x00, 0x00, 0x00, 0x00, 0x00, 0x00, 0x00, 0x00, 0x00, 0x00,
  0xc9, 0x08, 0x00, 0x00, 0x12, 0x00, 0x00, 0x00, 0x00, 0x00, 0x00, 0x00,
  0x00, 0x00, 0x00, 0x00, 0x00, 0x00, 0x00, 0x00, 0x00, 0x00, 0x00, 0x00,
  0xd2, 0x08, 0x00, 0x00, 0x12, 0x00, 0x00, 0x00, 0x00, 0x00, 0x00, 0x00,
  0x00, 0x00, 0x00, 0x00, 0x00, 0x00, 0x00, 0x00, 0x00, 0x00, 0x00, 0x00,
  0xda, 0x08, 0x00, 0x00, 0x12, 0x00, 0x01, 0x00, 0x10, 0x23, 0x00, 0x00,
  0x00, 0x00, 0x00, 0x00, 0x27, 0x00, 0x00, 0x00, 0x00, 0x00, 0x00, 0x00,
  0xe7, 0x08, 0x00, 0x00, 0x12, 0x00, 0x01, 0x00, 0x40, 0x23, 0x00, 0x00,
  0x00, 0x00, 0x00, 0x00, 0x08, 0x00, 0x00, 0x00, 0x00, 0x00, 0x00, 0x00,
  0xf8, 0x08, 0x00, 0x00, 0x12, 0x00, 0x01, 0x00, 0x50, 0x23, 0x00, 0x00,
  0x00, 0x00, 0x00, 0x00, 0x3c, 0x03, 0x00, 0x00, 0x00, 0x00, 0x00, 0x00,
  0x1a, 0x09, 0x00, 0x00, 0x12, 0x00, 0x01, 0x00, 0xb0, 0x26, 0x00, 0x00,
  0x00, 0x00, 0x00, 0x00, 0xa0, 0x00, 0x00, 0x00, 0x00, 0x00, 0x00, 0x00,
  0x2d, 0x09, 0x00, 0x00, 0x12, 0x00, 0x01, 0x00, 0x60, 0x44, 0x00, 0x00,
  0x00, 0x00, 0x00, 0x00, 0x52, 0x0c, 0x00, 0x00, 0x00, 0x00, 0x00, 0x00,
  0x3b, 0x09, 0x00, 0x00, 0x12, 0x00, 0x01, 0x00, 0xc0, 0x2a, 0x00, 0x00,
  0x00, 0x00, 0x00, 0x00, 0xc9, 0x00, 0x00, 0x00, 0x00, 0x00, 0x00, 0x00,
  0x47, 0x09, 0x00, 0x00, 0x12, 0x00, 0x01, 0x00, 0x40, 0x51, 0x00, 0x00,
  0x00, 0x00, 0x00, 0x00, 0x3a, 0x00, 0x00, 0x00, 0x00, 0x00, 0x00, 0x00,
  0x5b, 0x09, 0x00, 0x00, 0x12, 0x00, 0x01, 0x00, 0x40, 0xa4, 0x00, 0x00,
  0x00, 0x00, 0x00, 0x00, 0x10, 0x01, 0x00, 0x00, 0x00, 0x00, 0x00, 0x00,
  0x68, 0x09, 0x00, 0x00, 0x12, 0x00, 0x01, 0x00, 0xc0, 0x7a, 0x00, 0x00,
  0x00, 0x00, 0x00, 0x00, 0x97, 0x01, 0x00, 0x00, 0x00, 0x00, 0x00, 0x00,
  0x74, 0x09, 0x00, 0x00, 0x12, 0x00, 0x01, 0x00, 0x30, 0x29, 0x00, 0x00,
  0x00, 0x00, 0x00, 0x00, 0xb4, 0x00, 0x00, 0x00, 0x00, 0x00, 0x00, 0x00,
  0x7e, 0x09, 0x00, 0x00, 0x12, 0x00, 0x01, 0x00, 0xd0, 0x93, 0x00, 0x00,
  0x00, 0x00, 0x00, 0x00, 0xe4, 0x00, 0x00, 0x00, 0x00, 0x00, 0x00, 0x00,
  0x91, 0x09, 0x00, 0x00, 0x12, 0x00, 0x01, 0x00, 0x20, 0x9f, 0x00, 0x00,
  0x00, 0x00, 0x00, 0x00, 0x08, 0x00, 0x00, 0x00, 0x00, 0x00, 0x00, 0x00,
  0xa6, 0x09, 0x00, 0x00, 0x12, 0x00, 0x01, 0x00, 0xc0, 0x76, 0x00, 0x00,
  0x00, 0x00, 0x00, 0x00, 0x23, 0x00, 0x00, 0x00, 0x00, 0x00, 0x00, 0x00,
  0xb6, 0x09, 0x00, 0x00, 0x12, 0x00, 0x01, 0x00, 0xe0, 0x77, 0x00, 0x00,
  0x00, 0x00, 0x00, 0x00, 0x97, 0x00, 0x00, 0x00, 0x00, 0x00, 0x00, 0x00,
  0xc6, 0x09, 0x00, 0x00, 0x12, 0x00, 0x01, 0x00, 0xd0, 0x79, 0x00, 0x00,
  0x00, 0x00, 0x00, 0x00, 0xd9, 0x00, 0x00, 0x00, 0x00, 0x00, 0x00, 0x00,
  0xd7, 0x09, 0x00, 0x00, 0x12, 0x00, 0x01, 0x00, 0xb0, 0x7a, 0x00, 0x00,
  0x00, 0x00, 0x00, 0x00, 0x09, 0x00, 0x00, 0x00, 0x00, 0x00, 0x00, 0x00,
  0xea, 0x09, 0x00, 0x00, 0x12, 0x00, 0x01, 0x00, 0x80, 0x79, 0x00, 0x00,
  0x00, 0x00, 0x00, 0x00, 0x49, 0x00, 0x00, 0x00, 0x00, 0x00, 0x00, 0x00,
  0xfa, 0x09, 0x00, 0x00, 0x12, 0x00, 0x01, 0x00, 0x90, 0x26, 0x00, 0x00,
  0x00, 0x00, 0x00, 0x00, 0x1f, 0x00, 0x00, 0x00, 0x00, 0x00, 0x00, 0x00,
  0x08, 0x0a, 0x00, 0x00, 0x12, 0x00, 0x01, 0x00, 0x50, 0x27, 0x00, 0x00,
  0x00, 0x00, 0x00, 0x00, 0xd1, 0x01, 0x00, 0x00, 0x00, 0x00, 0x00, 0x00,
  0x14, 0x0a, 0x00, 0x00, 0x12, 0x00, 0x01, 0x00, 0xf0, 0x29, 0x00, 0x00,
  0x00, 0x00, 0x00, 0x00, 0xc9, 0x00, 0x00, 0x00, 0x00, 0x00, 0x00, 0x00,
  0x20, 0x0a, 0x00, 0x00, 0x12, 0x00, 0x01, 0x00, 0x90, 0x2b, 0x00, 0x00,
  0x00, 0x00, 0x00, 0x00, 0x95, 0x04, 0x00, 0x00, 0x00, 0x00, 0x00, 0x00,
  0x2b, 0x0a, 0x00, 0x00, 0x12, 0x00, 0x01, 0x00, 0x10, 0x44, 0x00, 0x00,
  0x00, 0x00, 0x00, 0x00, 0x45, 0x00, 0x00, 0x00, 0x00, 0x00, 0x00, 0x00,
  0x41, 0x0a, 0x00, 0x00, 0x11, 0x00, 0x0f, 0x00, 0x78, 0x42, 0x01, 0x00,
  0x00, 0x00, 0x00, 0x00, 0x08, 0x00, 0x00, 0x00, 0x00, 0x00, 0x00, 0x00,
  0x5a, 0x0a, 0x00, 0x00, 0x11, 0x00, 0x0f, 0x00, 0x70, 0x42, 0x01, 0x00,
  0x00, 0x00, 0x00, 0x00, 0x08, 0x00, 0x00, 0x00, 0x00, 0x00, 0x00, 0x00,
  0x73, 0x0a, 0x00, 0x00, 0x11, 0x00, 0x0f, 0x00, 0x80, 0x42, 0x01, 0x00,
  0x00, 0x00, 0x00, 0x00, 0x08, 0x00, 0x00, 0x00, 0x00, 0x00, 0x00, 0x00,
  0x8a, 0x0a, 0x00, 0x00, 0x11, 0x00, 0x0f, 0x00, 0x90, 0x42, 0x01, 0x00,
  0x00, 0x00, 0x00, 0x00, 0x08, 0x00, 0x00, 0x00, 0x00, 0x00, 0x00, 0x00,
  0xa8, 0x0a, 0x00, 0x00, 0x11, 0x00, 0x0f, 0x00, 0x88, 0x42, 0x01, 0x00,
  0x00, 0x00, 0x00, 0x00, 0x08, 0x00, 0x00, 0x00, 0x00, 0x00, 0x00, 0x00,
  0xc1, 0x0a, 0x00, 0x00, 0x11, 0x00, 0x0f, 0x00, 0xb8, 0x42, 0x01, 0x00,
  0x00, 0x00, 0x00, 0x00, 0x08, 0x00, 0x00, 0x00, 0x00, 0x00, 0x00, 0x00,
  0xe1, 0x0a, 0x00, 0x00, 0x11, 0x00, 0x0f, 0x00, 0xc0, 0x42, 0x01, 0x00,
  0x00, 0x00, 0x00, 0x00, 0x08, 0x00, 0x00, 0x00, 0x00, 0x00, 0x00, 0x00,
  0xfe, 0x0a, 0x00, 0x00, 0x11, 0x00, 0x0f, 0x00, 0xc8, 0x42, 0x01, 0x00,
  0x00, 0x00, 0x00, 0x00, 0x08, 0x00, 0x00, 0x00, 0x00, 0x00, 0x00, 0x00,
  0x1c, 0x0b, 0x00, 0x00, 0x11, 0x00, 0x0f, 0x00, 0xb0, 0x42, 0x01, 0x00,
  0x00, 0x00, 0x00, 0x00, 0x08, 0x00, 0x00, 0x00, 0x00, 0x00, 0x00, 0x00,
  0x34, 0x0b, 0x00, 0x00, 0x11, 0x00, 0x0f, 0x00, 0xa8, 0x42, 0x01, 0x00,
  0x00, 0x00, 0x00, 0x00, 0x08, 0x00, 0x00, 0x00, 0x00, 0x00, 0x00, 0x00,
  0x4c, 0x0b, 0x00, 0x00, 0x11, 0x00, 0x0f, 0x00, 0xa0, 0x42, 0x01, 0x00,
  0x00, 0x00, 0x00, 0x00, 0x08, 0x00, 0x00, 0x00, 0x00, 0x00, 0x00, 0x00,
  0x68, 0x0b, 0x00, 0x00, 0x12, 0x00, 0x01, 0x00, 0xd0, 0x57, 0x00, 0x00,
  0x00, 0x00, 0x00, 0x00, 0x77, 0x01, 0x00, 0x00, 0x00, 0x00, 0x00, 0x00,
  0x78, 0x0b, 0x00, 0x00, 0x12, 0x00, 0x01, 0x00, 0x70, 0x53, 0x00, 0x00,
  0x00, 0x00, 0x00, 0x00, 0xee, 0x01, 0x00, 0x00, 0x00, 0x00, 0x00, 0x00,
  0x87, 0x0b, 0x00, 0x00, 0x11, 0x00, 0x0f, 0x00, 0x98, 0x42, 0x01, 0x00,
  0x00, 0x00, 0x00, 0x00, 0x08, 0x00, 0x00, 0x00, 0x00, 0x00, 0x00, 0x00,
  0x9e, 0x0b, 0x00, 0x00, 0x12, 0x00, 0x01, 0x00, 0x40, 0x5f, 0x00, 0x00,
  0x00, 0x00, 0x00, 0x00, 0x80, 0x01, 0x00, 0x00, 0x00, 0x00, 0x00, 0x00,
  0xb4, 0x0b, 0x00, 0x00, 0x12, 0x00, 0x01, 0x00, 0xc0, 0x50, 0x00, 0x00,
  0x00, 0x00, 0x00, 0x00, 0x71, 0x00, 0x00, 0x00, 0x00, 0x00, 0x00, 0x00,
  0xcc, 0x0b, 0x00, 0x00, 0x12, 0x00, 0x01, 0x00, 0x80, 0x51, 0x00, 0x00,
  0x00, 0x00, 0x00, 0x00, 0xe8, 0x01, 0x00, 0x00, 0x00, 0x00, 0x00, 0x00,
  0xda, 0x0b, 0x00, 0x00, 0x12, 0x00, 0x01, 0x00, 0x60, 0x55, 0x00, 0x00,
  0x00, 0x00, 0x00, 0x00, 0x26, 0x00, 0x00, 0x00, 0x00, 0x00, 0x00, 0x00,
  0xe9, 0x0b, 0x00, 0x00, 0x12, 0x00, 0x01, 0x00, 0x90, 0x55, 0x00, 0x00,
  0x00, 0x00, 0x00, 0x00, 0x25, 0x00, 0x00, 0x00, 0x00, 0x00, 0x00, 0x00,
  0xf7, 0x0b, 0x00, 0x00, 0x12, 0x00, 0x01, 0x00, 0xc0, 0x55, 0x00, 0x00,
  0x00, 0x00, 0x00, 0x00, 0x26, 0x00, 0x00, 0x00, 0x00, 0x00, 0x00, 0x00,
  0x07, 0x0c, 0x00, 0x00, 0x12, 0x00, 0x01, 0x00, 0xf0, 0x55, 0x00, 0x00,
  0x00, 0x00, 0x00, 0x00, 0x26, 0x00, 0x00, 0x00, 0x00, 0x00, 0x00, 0x00,
  0x16, 0x0c, 0x00, 0x00, 0x12, 0x00, 0x01, 0x00, 0x20, 0x56, 0x00, 0x00,
  0x00, 0x00, 0x00, 0x00, 0x28, 0x00, 0x00, 0x00, 0x00, 0x00, 0x00, 0x00,
  0x25, 0x0c, 0x00, 0x00, 0x12, 0x00, 0x01, 0x00, 0x50, 0x56, 0x00, 0x00,
  0x00, 0x00, 0x00, 0x00, 0x26, 0x00, 0x00, 0x00, 0x00, 0x00, 0x00, 0x00,
  0x33, 0x0c, 0x00, 0x00, 0x12, 0x00, 0x01, 0x00, 0x80, 0x56, 0x00, 0x00,
  0x00, 0x00, 0x00, 0x00, 0x26, 0x00, 0x00, 0x00, 0x00, 0x00, 0x00, 0x00,
  0x43, 0x0c, 0x00, 0x00, 0x12, 0x00, 0x01, 0x00, 0xb0, 0x56, 0x00, 0x00,
  0x00, 0x00, 0x00, 0x00, 0x24, 0x00, 0x00, 0x00, 0x00, 0x00, 0x00, 0x00,
  0x52, 0x0c, 0x00, 0x00, 0x12, 0x00, 0x01, 0x00, 0xe0, 0x56, 0x00, 0x00,
  0x00, 0x00, 0x00, 0x00, 0x17, 0x00, 0x00, 0x00, 0x00, 0x00, 0x00, 0x00,
  0x65, 0x0c, 0x00, 0x00, 0x12, 0x00, 0x01, 0x00, 0x00, 0x57, 0x00, 0x00,
  0x00, 0x00, 0x00, 0x00, 0x84, 0x00, 0x00, 0x00, 0x00, 0x00, 0x00, 0x00,
  0x78, 0x0c, 0x00, 0x00, 0x12, 0x00, 0x01, 0x00, 0x90, 0x57, 0x00, 0x00,
  0x00, 0x00, 0x00, 0x00, 0x3a, 0x00, 0x00, 0x00, 0x00, 0x00, 0x00, 0x00,
  0x8e, 0x0c, 0x00, 0x00, 0x12, 0x00, 0x01, 0x00, 0x50, 0x59, 0x00, 0x00,
  0x00, 0x00, 0x00, 0x00, 0xdb, 0x00, 0x00, 0x00, 0x00, 0x00, 0x00, 0x00,
  0xa5, 0x0c, 0x00, 0x00, 0x12, 0x00, 0x01, 0x00, 0x30, 0x5a, 0x00, 0x00,
  0x00, 0x00, 0x00, 0x00, 0xc5, 0x00, 0x00, 0x00, 0x00, 0x00, 0x00, 0x00,
  0xb7, 0x0c, 0x00, 0x00, 0x12, 0x00, 0x01, 0x00, 0x00, 0x5b, 0x00, 0x00,
  0x00, 0x00, 0x00, 0x00, 0x2e, 0x01, 0x00, 0x00, 0x00, 0x00, 0x00, 0x00,
  0xd1, 0x0c, 0x00, 0x00, 0x12, 0x00, 0x01, 0x00, 0x30, 0x5c, 0x00, 0x00,
  0x00, 0x00, 0x00, 0x00, 0xd4, 0x01, 0x00, 0x00, 0x00, 0x00, 0x00, 0x00,
  0xe6, 0x0c, 0x00, 0x00, 0x12, 0x00, 0x01, 0x00, 0x10, 0x5e, 0x00, 0x00,
  0x00, 0x00, 0x00, 0x00, 0x2f, 0x00, 0x00, 0x00, 0x00, 0x00, 0x00, 0x00,
  0xfe, 0x0c, 0x00, 0x00, 0x12, 0x00, 0x01, 0x00, 0x40, 0x5e, 0x00, 0x00,
  0x00, 0x00, 0x00, 0x00, 0x6a, 0x00, 0x00, 0x00, 0x00, 0x00, 0x00, 0x00,
  0x11, 0x0d, 0x00, 0x00, 0x12, 0x00, 0x01, 0x00, 0xb0, 0x5e, 0x00, 0x00,
  0x00, 0x00, 0x00, 0x00, 0x2f, 0x00, 0x00, 0x00, 0x00, 0x00, 0x00, 0x00,
  0x29, 0x0d, 0x00, 0x00, 0x12, 0x00, 0x01, 0x00, 0xe0, 0x5e, 0x00, 0x00,
  0x00, 0x00, 0x00, 0x00, 0x2f, 0x00, 0x00, 0x00, 0x00, 0x00, 0x00, 0x00,
  0x42, 0x0d, 0x00, 0x00, 0x12, 0x00, 0x01, 0x00, 0x10, 0x5f, 0x00, 0x00,
  0x00, 0x00, 0x00, 0x00, 0x2f, 0x00, 0x00, 0x00, 0x00, 0x00, 0x00, 0x00,
  0x5d, 0x0d, 0x00, 0x00, 0x12, 0x00, 0x01, 0x00, 0xc0, 0x60, 0x00, 0x00,
  0x00, 0x00, 0x00, 0x00, 0x41, 0x00, 0x00, 0x00, 0x00, 0x00, 0x00, 0x00,
  0x73, 0x0d, 0x00, 0x00, 0x12, 0x00, 0x01, 0x00, 0x10, 0x61, 0x00, 0x00,
  0x00, 0x00, 0x00, 0x00, 0x71, 0x00, 0x00, 0x00, 0x00, 0x00, 0x00, 0x00,
  0x8b, 0x0d, 0x00, 0x00, 0x12, 0x00, 0x01, 0x00, 0x90, 0x61, 0x00, 0x00,
  0x00, 0x00, 0x00, 0x00, 0x6a, 0x00, 0x00, 0x00, 0x00, 0x00, 0x00, 0x00,
  0xa3, 0x0d, 0x00, 0x00, 0x12, 0x00, 0x01, 0x00, 0x00, 0x62, 0x00, 0x00,
  0x00, 0x00, 0x00, 0x00, 0x6a, 0x00, 0x00, 0x00, 0x00, 0x00, 0x00, 0x00,
  0xbb, 0x0d, 0x00, 0x00, 0x12, 0x00, 0x01, 0x00, 0x70, 0x62, 0x00, 0x00,
  0x00, 0x00, 0x00, 0x00, 0x67, 0x00, 0x00, 0x00, 0x00, 0x00, 0x00, 0x00,
  0xd1, 0x0d, 0x00, 0x00, 0x12, 0x00, 0x01, 0x00, 0xe0, 0x62, 0x00, 0x00,
  0x00, 0x00, 0x00, 0x00, 0x67, 0x00, 0x00, 0x00, 0x00, 0x00, 0x00, 0x00,
  0xe7, 0x0d, 0x00, 0x00, 0x12, 0x00, 0x01, 0x00, 0x50, 0x63, 0x00, 0x00,
  0x00, 0x00, 0x00, 0x00, 0x67, 0x00, 0x00, 0x00, 0x00, 0x00, 0x00, 0x00,
  0xfe, 0x0d, 0x00, 0x00, 0x12, 0x00, 0x01, 0x00, 0xc0, 0x63, 0x00, 0x00,
  0x00, 0x00, 0x00, 0x00, 0x67, 0x00, 0x00, 0x00, 0x00, 0x00, 0x00, 0x00,
  0x15, 0x0e, 0x00, 0x00, 0x12, 0x00, 0x01, 0x00, 0x30, 0x64, 0x00, 0x00,
  0x00, 0x00, 0x00, 0x00, 0x70, 0x00, 0x00, 0x00, 0x00, 0x00, 0x00, 0x00,
  0x2a, 0x0e, 0x00, 0x00, 0x12, 0x00, 0x01, 0x00, 0xa0, 0x64, 0x00, 0x00,
  0x00, 0x00, 0x00, 0x00, 0x69, 0x00, 0x00, 0x00, 0x00, 0x00, 0x00, 0x00,
  0x3f, 0x0e, 0x00, 0x00, 0x12, 0x00, 0x01, 0x00, 0x10, 0x65, 0x00, 0x00,
  0x00, 0x00, 0x00, 0x00, 0x70, 0x00, 0x00, 0x00, 0x00, 0x00, 0x00, 0x00,
  0x55, 0x0e, 0x00, 0x00, 0x12, 0x00, 0x01, 0x00, 0x80, 0x65, 0x00, 0x00,
  0x00, 0x00, 0x00, 0x00, 0x69, 0x00, 0x00, 0x00, 0x00, 0x00, 0x00, 0x00,
  0x6b, 0x0e, 0x00, 0x00, 0x12, 0x00, 0x01, 0x00, 0xf0, 0x65, 0x00, 0x00,
  0x00, 0x00, 0x00, 0x00, 0x70, 0x00, 0x00, 0x00, 0x00, 0x00, 0x00, 0x00,
  0x82, 0x0e, 0x00, 0x00, 0x12, 0x00, 0x01, 0x00, 0x60, 0x66, 0x00, 0x00,
  0x00, 0x00, 0x00, 0x00, 0x69, 0x00, 0x00, 0x00, 0x00, 0x00, 0x00, 0x00,
  0x99, 0x0e, 0x00, 0x00, 0x12, 0x00, 0x01, 0x00, 0xd0, 0x66, 0x00, 0x00,
  0x00, 0x00, 0x00, 0x00, 0x70, 0x00, 0x00, 0x00, 0x00, 0x00, 0x00, 0x00,
  0xaf, 0x0e, 0x00, 0x00, 0x12, 0x00, 0x01, 0x00, 0x40, 0x67, 0x00, 0x00,
  0x00, 0x00, 0x00, 0x00, 0x69, 0x00, 0x00, 0x00, 0x00, 0x00, 0x00, 0x00,
  0xc5, 0x0e, 0x00, 0x00, 0x12, 0x00, 0x01, 0x00, 0xb0, 0x67, 0x00, 0x00,
  0x00, 0x00, 0x00, 0x00, 0x70, 0x00, 0x00, 0x00, 0x00, 0x00, 0x00, 0x00,
  0xdc, 0x0e, 0x00, 0x00, 0x12, 0x00, 0x01, 0x00, 0x20, 0x68, 0x00, 0x00,
  0x00, 0x00, 0x00, 0x00, 0x69, 0x00, 0x00, 0x00, 0x00, 0x00, 0x00, 0x00,
  0xf3, 0x0e, 0x00, 0x00, 0x12, 0x00, 0x01, 0x00, 0x90, 0x68, 0x00, 0x00,
  0x00, 0x00, 0x00, 0x00, 0x41, 0x00, 0x00, 0x00, 0x00, 0x00, 0x00, 0x00,
  0x0c, 0x0f, 0x00, 0x00, 0x12, 0x00, 0x01, 0x00, 0xe0, 0x68, 0x00, 0x00,
  0x00, 0x00, 0x00, 0x00, 0x0f, 0x01, 0x00, 0x00, 0x00, 0x00, 0x00, 0x00,
  0x22, 0x0f, 0x00, 0x00, 0x12, 0x00, 0x01, 0x00, 0xf0, 0x69, 0x00, 0x00,
  0x00, 0x00, 0x00, 0x00, 0x2e, 0x01, 0x00, 0x00, 0x00, 0x00, 0x00, 0x00,
  0x3d, 0x0f, 0x00, 0x00, 0x12, 0x00, 0x01, 0x00, 0x20, 0x6b, 0x00, 0x00,
  0x00, 0x00, 0x00, 0x00, 0xf5, 0x00, 0x00, 0x00, 0x00, 0x00, 0x00, 0x00,
  0x58, 0x0f, 0x00, 0x00, 0x12, 0x00, 0x01, 0x00, 0x20, 0x6c, 0x00, 0x00,
  0x00, 0x00, 0x00, 0x00, 0x05, 0x00, 0x00, 0x00, 0x00, 0x00, 0x00, 0x00,
  0x68, 0x0f, 0x00, 0x00, 0x12, 0x00, 0x01, 0x00, 0x30, 0x6c, 0x00, 0x00,
  0x00, 0x00, 0x00, 0x00, 0x89, 0x00, 0x00, 0x00, 0x00, 0x00, 0x00, 0x00,
  0x7d, 0x0f, 0x00, 0x00, 0x12, 0x00, 0x01, 0x00, 0xc0, 0x6c, 0x00, 0x00,
  0x00, 0x00, 0x00, 0x00, 0xb3, 0x01, 0x00, 0x00, 0x00, 0x00, 0x00, 0x00,
  0x94, 0x0f, 0x00, 0x00, 0x12, 0x00, 0x01, 0x00, 0x80, 0x6e, 0x00, 0x00,
  0x00, 0x00, 0x00, 0x00, 0x71, 0x00, 0x00, 0x00, 0x00, 0x00, 0x00, 0x00,
  0xac, 0x0f, 0x00, 0x00, 0x12, 0x00, 0x01, 0x00, 0x00, 0x6f, 0x00, 0x00,
  0x00, 0x00, 0x00, 0x00, 0x71, 0x00, 0x00, 0x00, 0x00, 0x00, 0x00, 0x00,
  0xc4, 0x0f, 0x00, 0x00, 0x12, 0x00, 0x01, 0x00, 0x80, 0x6f, 0x00, 0x00,
  0x00, 0x00, 0x00, 0x00, 0x6b, 0x00, 0x00, 0x00, 0x00, 0x00, 0x00, 0x00,
  0xdc, 0x0f, 0x00, 0x00, 0x12, 0x00, 0x01, 0x00, 0xf0, 0x6f, 0x00, 0x00,
  0x00, 0x00, 0x00, 0x00, 0x6b, 0x00, 0x00, 0x00, 0x00, 0x00, 0x00, 0x00,
  0xf4, 0x0f, 0x00, 0x00, 0x11, 0x00, 0x0a, 0x00, 0x98, 0xf3, 0x00, 0x00,
  0x00, 0x00, 0x00, 0x00, 0x08, 0x00, 0x00, 0x00, 0x00, 0x00, 0x00, 0x00,
  0x0f, 0x10, 0x00, 0x00, 0x11, 0x00, 0x0a, 0x00, 0xa0, 0xf3, 0x00, 0x00,
  0x00, 0x00, 0x00, 0x00, 0x08, 0x00, 0x00, 0x00, 0x00, 0x00, 0x00, 0x00,
  0x27, 0x10, 0x00, 0x00, 0x11, 0x00, 0x0a, 0x00, 0xa8, 0xf3, 0x00, 0x00,
  0x00, 0x00, 0x00, 0x00, 0x08, 0x00, 0x00, 0x00, 0x00, 0x00, 0x00, 0x00,
  0x40, 0x10, 0x00, 0x00, 0x11, 0x00, 0x0a, 0x00, 0xb0, 0xf3, 0x00, 0x00,
  0x00, 0x00, 0x00, 0x00, 0x08, 0x00, 0x00, 0x00, 0x00, 0x00, 0x00, 0x00,
  0x5d, 0x10, 0x00, 0x00, 0x11, 0x00, 0x0a, 0x00, 0xb8, 0xf3, 0x00, 0x00,
  0x00, 0x00, 0x00, 0x00, 0x08, 0x00, 0x00, 0x00, 0x00, 0x00, 0x00, 0x00,
  0x78, 0x10, 0x00, 0x00, 0x11, 0x00, 0x0a, 0x00, 0xc0, 0xf3, 0x00, 0x00,
  0x00, 0x00, 0x00, 0x00, 0x08, 0x00, 0x00, 0x00, 0x00, 0x00, 0x00, 0x00,
  0x94, 0x10, 0x00, 0x00, 0x11, 0x00, 0x0a, 0x00, 0xc8, 0xf3, 0x00, 0x00,
  0x00, 0x00, 0x00, 0x00, 0x08, 0x00, 0x00, 0x00, 0x00, 0x00, 0x00, 0x00,
  0xb1, 0x10, 0x00, 0x00, 0x11, 0x00, 0x0a, 0x00, 0xd0, 0xf3, 0x00, 0x00,
  0x00, 0x00, 0x00, 0x00, 0x08, 0x00, 0x00, 0x00, 0x00, 0x00, 0x00, 0x00,
  0xcd, 0x10, 0x00, 0x00, 0x11, 0x00, 0x0a, 0x00, 0xd8, 0xf3, 0x00, 0x00,
  0x00, 0x00, 0x00, 0x00, 0x08, 0x00, 0x00, 0x00, 0x00, 0x00, 0x00, 0x00,
  0xea, 0x10, 0x00, 0x00, 0x11, 0x00, 0x0a, 0x00, 0xe0, 0xf3, 0x00, 0x00,
  0x00, 0x00, 0x00, 0x00, 0x08, 0x00, 0x00, 0x00, 0x00, 0x00, 0x00, 0x00,
  0x08, 0x11, 0x00, 0x00, 0x11, 0x00, 0x0a, 0x00, 0xe8, 0xf3, 0x00, 0x00,
  0x00, 0x00, 0x00, 0x00, 0x08, 0x00, 0x00, 0x00, 0x00, 0x00, 0x00, 0x00,
  0x29, 0x11, 0x00, 0x00, 0x11, 0x00, 0x0a, 0x00, 0xf0, 0xf3, 0x00, 0x00,
  0x00, 0x00, 0x00, 0x00, 0x08, 0x00, 0x00, 0x00, 0x00, 0x00, 0x00, 0x00,
  0x48, 0x11, 0x00, 0x00, 0x11, 0x00, 0x0a, 0x00, 0xf8, 0xf3, 0x00, 0x00,
  0x00, 0x00, 0x00, 0x00, 0x08, 0x00, 0x00, 0x00, 0x00, 0x00, 0x00, 0x00,
  0x68, 0x11, 0x00, 0x00, 0x11, 0x00, 0x0a, 0x00, 0x00, 0xf4, 0x00, 0x00,
  0x00, 0x00, 0x00, 0x00, 0x08, 0x00, 0x00, 0x00, 0x00, 0x00, 0x00, 0x00,
  0x87, 0x11, 0x00, 0x00, 0x11, 0x00, 0x0a, 0x00, 0x08, 0xf4, 0x00, 0x00,
  0x00, 0x00, 0x00, 0x00, 0x08, 0x00, 0x00, 0x00, 0x00, 0x00, 0x00, 0x00,
  0xa6, 0x11, 0x00, 0x00, 0x12, 0x00, 0x01, 0x00, 0x60, 0x70, 0x00, 0x00,
  0x00, 0x00, 0x00, 0x00, 0xb2, 0x03, 0x00, 0x00, 0x00, 0x00, 0x00, 0x00,
  0xb7, 0x11, 0x00, 0x00, 0x12, 0x00, 0x01, 0x00, 0x20, 0x74, 0x00, 0x00,
  0x00, 0x00, 0x00, 0x00, 0x7f, 0x01, 0x00, 0x00, 0x00, 0x00, 0x00, 0x00,
  0xc6, 0x11, 0x00, 0x00, 0x12, 0x00, 0x01, 0x00, 0x60, 0x7c, 0x00, 0x00,
  0x00, 0x00, 0x00, 0x00, 0x9c, 0x00, 0x00, 0x00, 0x00, 0x00, 0x00, 0x00,
  0xd4, 0x11, 0x00, 0x00, 0x12, 0x00, 0x01, 0x00, 0xa0, 0x8b, 0x00, 0x00,
  0x00, 0x00, 0x00, 0x00, 0x9c, 0x00, 0x00, 0x00, 0x00, 0x00, 0x00, 0x00,
  0xe4, 0x11, 0x00, 0x00, 0x12, 0x00, 0x01, 0x00, 0xf0, 0x76, 0x00, 0x00,
  0x00, 0x00, 0x00, 0x00, 0x75, 0x00, 0x00, 0x00, 0x00, 0x00, 0x00, 0x00,
  0xfa, 0x11, 0x00, 0x00, 0x12, 0x00, 0x01, 0x00, 0x70, 0x77, 0x00, 0x00,
  0x00, 0x00, 0x00, 0x00, 0x63, 0x00, 0x00, 0x00, 0x00, 0x00, 0x00, 0x00,
  0x10, 0x12, 0x00, 0x00, 0x12, 0x00, 0x01, 0x00, 0x80, 0x78, 0x00, 0x00,
  0x00, 0x00, 0x00, 0x00, 0x60, 0x00, 0x00, 0x00, 0x00, 0x00, 0x00, 0x00,
  0x23, 0x12, 0x00, 0x00, 0x12, 0x00, 0x01, 0x00, 0xe0, 0x78, 0x00, 0x00,
  0x00, 0x00, 0x00, 0x00, 0x60, 0x00, 0x00, 0x00, 0x00, 0x00, 0x00, 0x00,
  0x37, 0x12, 0x00, 0x00, 0x12, 0x00, 0x01, 0x00, 0x40, 0x79, 0x00, 0x00,
  0x00, 0x00, 0x00, 0x00, 0x13, 0x00, 0x00, 0x00, 0x00, 0x00, 0x00, 0x00,
  0x4b, 0x12, 0x00, 0x00, 0x12, 0x00, 0x01, 0x00, 0x60, 0x79, 0x00, 0x00,
  0x00, 0x00, 0x00, 0x00, 0x13, 0x00, 0x00, 0x00, 0x00, 0x00, 0x00, 0x00,
  0x5f, 0x12, 0x00, 0x00, 0x12, 0x00, 0x01, 0x00, 0x00, 0x92, 0x00, 0x00,
  0x00, 0x00, 0x00, 0x00, 0xce, 0x01, 0x00, 0x00, 0x00, 0x00, 0x00, 0x00,
  0x70, 0x12, 0x00, 0x00, 0x12, 0x00, 0x01, 0x00, 0xa0, 0x89, 0x00, 0x00,
  0x00, 0x00, 0x00, 0x00, 0xef, 0x00, 0x00, 0x00, 0x00, 0x00, 0x00, 0x00,
  0x7f, 0x12, 0x00, 0x00, 0x12, 0x00, 0x01, 0x00, 0x10, 0x9c, 0x00, 0x00,
  0x00, 0x00, 0x00, 0x00, 0xc8, 0x00, 0x00, 0x00, 0x00, 0x00, 0x00, 0x00,
  0x93, 0x12, 0x00, 0x00, 0x12, 0x00, 0x01, 0x00, 0x30, 0x9f, 0x00, 0x00,
  0x00, 0x00, 0x00, 0x00, 0x61, 0x01, 0x00, 0x00, 0x00, 0x00, 0x00, 0x00,
  0x10, 0x13, 0x00, 0x00, 0x12, 0x00, 0x01, 0x00, 0xe0, 0x9c, 0x00, 0x00,
  0x00, 0x00, 0x00, 0x00, 0xd7, 0x00, 0x00, 0x00, 0x00, 0x00, 0x00, 0x00,
  0x19, 0x13, 0x00, 0x00, 0x12, 0x00, 0x01, 0x00, 0xc0, 0x9d, 0x00, 0x00,
  0x00, 0x00, 0x00, 0x00, 0x78, 0x00, 0x00, 0x00, 0x00, 0x00, 0x00, 0x00,
  0x22, 0x13, 0x00, 0x00, 0x12, 0x00, 0x01, 0x00, 0x40, 0x9e, 0x00, 0x00,
  0x00, 0x00, 0x00, 0x00, 0x5d, 0x00, 0x00, 0x00, 0x00, 0x00, 0x00, 0x00,
  0x2a, 0x13, 0x00, 0x00, 0x12, 0x00, 0x01, 0x00, 0xa0, 0x9e, 0x00, 0x00,
  0x00, 0x00, 0x00, 0x00, 0x52, 0x00, 0x00, 0x00, 0x00, 0x00, 0x00, 0x00,
  0x34, 0x13, 0x00, 0x00, 0x12, 0x00, 0x01, 0x00, 0x00, 0x9f, 0x00, 0x00,
  0x00, 0x00, 0x00, 0x00, 0x18, 0x00, 0x00, 0x00, 0x00, 0x00, 0x00, 0x00,
  0x3e, 0x13, 0x00, 0x00, 0x12, 0x00, 0x01, 0x00, 0xa0, 0xa0, 0x00, 0x00,
  0x00, 0x00, 0x00, 0x00, 0x2b, 0x00, 0x00, 0x00, 0x00, 0x00, 0x00, 0x00,
  0x4b, 0x13, 0x00, 0x00, 0x12, 0x00, 0x01, 0x00, 0x10, 0xa2, 0x00, 0x00,
  0x00, 0x00, 0x00, 0x00, 0x2b, 0x00, 0x00, 0x00, 0x00, 0x00, 0x00, 0x00,
  0x57, 0x13, 0x00, 0x00, 0x12, 0x00, 0x01, 0x00, 0x40, 0xa2, 0x00, 0x00,
  0x00, 0x00, 0x00, 0x00, 0x36, 0x00, 0x00, 0x00, 0x00, 0x00, 0x00, 0x00,
  0x64, 0x13, 0x00, 0x00, 0x12, 0x00, 0x01, 0x00, 0x80, 0xa2, 0x00, 0x00,
  0x00, 0x00, 0x00, 0x00, 0x37, 0x00, 0x00, 0x00, 0x00, 0x00, 0x00, 0x00,
  0x72, 0x13, 0x00, 0x00, 0x12, 0x00, 0x01, 0x00, 0xc0, 0xa2, 0x00, 0x00,
  0x00, 0x00, 0x00, 0x00, 0x36, 0x00, 0x00, 0x00, 0x00, 0x00, 0x00, 0x00,
  0x7e, 0x13, 0x00, 0x00, 0x12, 0x00, 0x01, 0x00, 0x00, 0xa3, 0x00, 0x00,
  0x00, 0x00, 0x00, 0x00, 0x37, 0x00, 0x00, 0x00, 0x00, 0x00, 0x00, 0x00,
  0x8b, 0x13, 0x00, 0x00, 0x12, 0x00, 0x01, 0x00, 0x40, 0xa3, 0x00, 0x00,
  0x00, 0x00, 0x00, 0x00, 0x3f, 0x00, 0x00, 0x00, 0x00, 0x00, 0x00, 0x00,
  0x98, 0x13, 0x00, 0x00, 0x12, 0x00, 0x01, 0x00, 0x80, 0xa3, 0x00, 0x00,
  0x00, 0x00, 0x00, 0x00, 0x3d, 0x00, 0x00, 0x00, 0x00, 0x00, 0x00, 0x00,
  0xa4, 0x13, 0x00, 0x00, 0x12, 0x00, 0x01, 0x00, 0xc0, 0xa3, 0x00, 0x00,
  0x00, 0x00, 0x00, 0x00, 0x3d, 0x00, 0x00, 0x00, 0x00, 0x00, 0x00, 0x00,
  0xb2, 0x13, 0x00, 0x00, 0x12, 0x00, 0x01, 0x00, 0x00, 0xa4, 0x00, 0x00,
  0x00, 0x00, 0x00, 0x00, 0x3b, 0x00, 0x00, 0x00, 0x00, 0x00, 0x00, 0x00,
  0xbf, 0x13, 0x00, 0x00, 0x12, 0x00, 0x01, 0x00, 0x50, 0xa5, 0x00, 0x00,
  0x00, 0x00, 0x00, 0x00, 0x12, 0x02, 0x00, 0x00, 0x00, 0x00, 0x00, 0x00,
  0xd2, 0x13, 0x00, 0x00, 0x12, 0x00, 0x01, 0x00, 0x70, 0xa7, 0x00, 0x00,
  0x00, 0x00, 0x00, 0x00, 0x13, 0x02, 0x00, 0x00, 0x00, 0x00, 0x00, 0x00,
  0xe6, 0x13, 0x00, 0x00, 0x12, 0x00, 0x01, 0x00, 0x90, 0xa9, 0x00, 0x00,
  0x00, 0x00, 0x00, 0x00, 0x25, 0x00, 0x00, 0x00, 0x00, 0x00, 0x00, 0x00,
  0xfa, 0x13, 0x00, 0x00, 0x12, 0x00, 0x01, 0x00, 0xc0, 0xa9, 0x00, 0x00,
  0x00, 0x00, 0x00, 0x00, 0x26, 0x00, 0x00, 0x00, 0x00, 0x00, 0x00, 0x00,
  0x0f, 0x14, 0x00, 0x00, 0x12, 0x00, 0x01, 0x00, 0xf0, 0xa9, 0x00, 0x00,
  0x00, 0x00, 0x00, 0x00, 0x25, 0x00, 0x00, 0x00, 0x00, 0x00, 0x00, 0x00,
  0x22, 0x14, 0x00, 0x00, 0x12, 0x00, 0x01, 0x00, 0x20, 0xaa, 0x00, 0x00,
  0x00, 0x00, 0x00, 0x00, 0x26, 0x00, 0x00, 0x00, 0x00, 0x00, 0x00, 0x00,
  0x36, 0x14, 0x00, 0x00, 0x12, 0x00, 0x01, 0x00, 0x50, 0xaa, 0x00, 0x00,
  0x00, 0x00, 0x00, 0x00, 0x24, 0x00, 0x00, 0x00, 0x00, 0x00, 0x00, 0x00,
  0x4a, 0x14, 0x00, 0x00, 0x12, 0x00, 0x01, 0x00, 0x80, 0xaa, 0x00, 0x00,
  0x00, 0x00, 0x00, 0x00, 0x26, 0x00, 0x00, 0x00, 0x00, 0x00, 0x00, 0x00,
  0x5f, 0x14, 0x00, 0x00, 0x12, 0x00, 0x01, 0x00, 0xb0, 0xaa, 0x00, 0x00,
  0x00, 0x00, 0x00, 0x00, 0x26, 0x00, 0x00, 0x00, 0x00, 0x00, 0x00, 0x00,
  0x72, 0x14, 0x00, 0x00, 0x12, 0x00, 0x01, 0x00, 0xe0, 0xaa, 0x00, 0x00,
  0x00, 0x00, 0x00, 0x00, 0x28, 0x00, 0x00, 0x00, 0x00, 0x00, 0x00, 0x00,
  0x86, 0x14, 0x00, 0x00, 0x12, 0x00, 0x01, 0x00, 0xf8, 0x22, 0x00, 0x00,
  0x00, 0x00, 0x00, 0x00, 0x00, 0x00, 0x00, 0x00, 0x00, 0x00, 0x00, 0x00,
  0x00, 0x2e, 0x74, 0x65, 0x78, 0x74, 0x00, 0x2e, 0x65, 0x68, 0x5f, 0x66,
  0x72, 0x61, 0x6d, 0x65, 0x5f, 0x68, 0x64, 0x72, 0x00, 0x2e, 0x65, 0x68,
  0x5f, 0x66, 0x72, 0x61, 0x6d, 0x65, 0x00, 0x2e, 0x64, 0x79, 0x6e, 0x73,
  0x79, 0x6d, 0x00, 0x2e, 0x67, 0x6e, 0x75, 0x2e, 0x68, 0x61, 0x73, 0x68,
  0x00, 0x2e, 0x64, 0x79, 0x6e, 0x73, 0x74, 0x72, 0x00, 0x2e, 0x72, 0x65,
  0x6c, 0x61, 0x2e, 0x64, 0x79, 0x6e, 0x00, 0x2e, 0x64, 0x61, 0x74, 0x61,
  0x2e, 0x72, 0x65, 0x6c, 0x2e, 0x72, 0x6f, 0x00, 0x2e, 0x67, 0x6f, 0x74,
  0x00, 0x2e, 0x72, 0x6f, 0x64, 0x61, 0x74, 0x61, 0x00, 0x2e, 0x69, 0x6e,
  0x69, 0x74, 0x5f, 0x61, 0x72, 0x72, 0x61, 0x79, 0x00, 0x2e, 0x66, 0x69,
  0x6e, 0x69, 0x5f, 0x61, 0x72, 0x72, 0x61, 0x79, 0x00, 0x2e, 0x64, 0x79,
  0x6e, 0x61, 0x6d, 0x69, 0x63, 0x00, 0x2e, 0x64, 0x61, 0x74, 0x61, 0x00,
  0x2e, 0x62, 0x73, 0x73, 0x00, 0x2e, 0x63, 0x6f, 0x6d, 0x6d, 0x65, 0x6e,
  0x74, 0x00, 0x2e, 0x73, 0x79, 0x6d, 0x74, 0x61, 0x62, 0x00, 0x2e, 0x73,
  0x68, 0x73, 0x74, 0x72, 0x74, 0x61, 0x62, 0x00, 0x2e, 0x73, 0x74, 0x72,
  0x74, 0x61, 0x62, 0x00, 0x00, 0x70, 0x72, 0x78, 0x2e, 0x63, 0x70, 0x70,
  0x00, 0x5f, 0x5a, 0x4c, 0x33, 0x32, 0x73, 0x63, 0x65, 0x4b, 0x65, 0x72,
  0x6e, 0x65, 0x6c, 0x47, 0x65, 0x74, 0x53, 0x6f, 0x63, 0x53, 0x65, 0x6e,
  0x73, 0x6f, 0x72, 0x54, 0x65, 0x6d, 0x70, 0x65, 0x72, 0x61, 0x74, 0x75,
  0x72, 0x65, 0x00, 0x5f, 0x5a, 0x4c, 0x32, 0x36, 0x73, 0x63, 0x65, 0x4b,
  0x65, 0x72, 0x6e, 0x65, 0x6c, 0x47, 0x65, 0x74, 0x43, 0x70, 0x75, 0x54,
  0x65, 0x6d, 0x70, 0x65, 0x72, 0x61, 0x74, 0x75, 0x72, 0x65, 0x00, 0x5f,
  0x5a, 0x4c, 0x32, 0x30, 0x6d, 0x6f, 0x6e, 0x6f, 0x5f, 0x67, 0x65, 0x74,
  0x5f, 0x72, 0x6f, 0x6f, 0x74, 0x5f, 0x64, 0x6f, 0x6d, 0x61, 0x69, 0x6e,
  0x00, 0x5f, 0x5a, 0x4c, 0x31, 0x35, 0x6d, 0x6f, 0x6e, 0x6f, 0x5f, 0x73,
  0x74, 0x72, 0x69, 0x6e, 0x67, 0x5f, 0x6e, 0x65, 0x77, 0x00, 0x5f, 0x5a,
  0x4c, 0x32, 0x30, 0x6d, 0x6f, 0x6e, 0x6f, 0x5f, 0x63, 0x6c, 0x61, 0x73,
  0x73, 0x5f, 0x66, 0x72, 0x6f, 0x6d, 0x5f, 0x6e, 0x61, 0x6d, 0x65, 0x00,
  0x5f, 0x5a, 0x4c, 0x31, 0x37, 0x6d, 0x6f, 0x6e, 0x6f, 0x5f, 0x69, 0x6d,
  0x61, 0x67, 0x65, 0x5f, 0x6c, 0x6f, 0x61, 0x64, 0x65, 0x64, 0x00, 0x5f,
  0x5a, 0x4c, 0x31, 0x35, 0x6d, 0x6f, 0x6e, 0x6f, 0x5f, 0x6f, 0x62, 0x6a,
  0x65, 0x63, 0x74, 0x5f, 0x6e, 0x65, 0x77, 0x00, 0x5f, 0x5a, 0x4c, 0x32,
  0x34, 0x6d, 0x6f, 0x6e, 0x6f, 0x5f, 0x72, 0x75, 0x6e, 0x74, 0x69, 0x6d,
  0x65, 0x5f, 0x6f, 0x62, 0x6a, 0x65, 0x63, 0x74, 0x5f, 0x69, 0x6e, 0x69,
  0x74, 0x00, 0x5f, 0x5a, 0x4c, 0x33, 0x31, 0x6d, 0x6f, 0x6e, 0x6f, 0x5f,
  0x63, 0x6c, 0x61, 0x73, 0x73, 0x5f, 0x67, 0x65, 0x74, 0x5f, 0x6d, 0x65,
  0x74, 0x68, 0x6f, 0x64, 0x5f, 0x66, 0x72, 0x6f, 0x6d, 0x5f, 0x6e, 0x61,
  0x6d, 0x65, 0x00, 0x5f, 0x5a, 0x4c, 0x31, 0x39, 0x6d, 0x6f, 0x6e, 0x6f,
  0x5f, 0x72, 0x75, 0x6e, 0x74, 0x69, 0x6d, 0x65, 0x5f, 0x69, 0x6e, 0x76,
  0x6f, 0x6b, 0x65, 0x00, 0x5f, 0x5a, 0x4c, 0x33, 0x33, 0x6d, 0x6f, 0x6e,
  0x6f, 0x5f, 0x63, 0x6c, 0x61, 0x73, 0x73, 0x5f, 0x67, 0x65, 0x74, 0x5f,
  0x70, 0x72, 0x6f, 0x70, 0x65, 0x72, 0x74, 0x79, 0x5f, 0x66, 0x72, 0x6f,
  0x6d, 0x5f, 0x6e, 0x61, 0x6d, 0x65, 0x00, 0x5f, 0x5a, 0x4c, 0x32, 0x38,
  0x6d, 0x6f, 0x6e, 0x6f, 0x5f, 0x70, 0x72, 0x6f, 0x70, 0x65, 0x72, 0x74,
  0x79, 0x5f, 0x67, 0x65, 0x74, 0x5f, 0x73, 0x65, 0x74, 0x5f, 0x6d, 0x65,
  0x74, 0x68, 0x6f, 0x64, 0x00, 0x5f, 0x5a, 0x4c, 0x32, 0x38, 0x6d, 0x6f,
  0x6e, 0x6f, 0x5f, 0x70, 0x72, 0x6f, 0x70, 0x65, 0x72, 0x74, 0x79, 0x5f,
  0x67, 0x65, 0x74, 0x5f, 0x67, 0x65, 0x74, 0x5f, 0x6d, 0x65, 0x74, 0x68,
  0x6f, 0x64, 0x00, 0x5f, 0x5a, 0x4c, 0x31, 0x37, 0x6d, 0x6f, 0x6e, 0x6f,
  0x5f, 0x6f, 0x62, 0x6a, 0x65, 0x63, 0x74, 0x5f, 0x75, 0x6e, 0x62, 0x6f,
  0x78, 0x00, 0x5f, 0x5a, 0x4c, 0x31, 0x38, 0x6d, 0x6f, 0x6e, 0x6f, 0x5f,
  0x74, 0x68, 0x72, 0x65, 0x61, 0x64, 0x5f, 0x61, 0x74, 0x74, 0x61, 0x63,
  0x68, 0x00, 0x5f, 0x5a, 0x4c, 0x31, 0x31, 0x52, 0x6f, 0x6f, 0x74, 0x5f,
  0x44, 0x6f, 0x6d, 0x61, 0x69, 0x6e, 0x00, 0x5f, 0x5a, 0x4c, 0x37, 0x70,
  0x75, 0x69, 0x5f, 0x69, 0x6d, 0x67, 0x00, 0x5f, 0x5a, 0x4c, 0x31, 0x30,
  0x75, 0x64, 0x70, 0x5f, 0x74, 0x68, 0x72, 0x65, 0x61, 0x64, 0x50, 0x76,
  0x00, 0x5f, 0x5a, 0x4c, 0x31, 0x31, 0x70, 0x6f, 0x6c, 0x6c, 0x5f, 0x74,
  0x68, 0x72, 0x65, 0x61, 0x64, 0x50, 0x76, 0x00, 0x5f, 0x5a, 0x4c, 0x31,
  0x30, 0x67, 0x5f, 0x66, 0x70, 0x73, 0x5f, 0x62, 0x69, 0x74, 0x73, 0x00,
  0x5f, 0x5a, 0x4c, 0x31, 0x35, 0x67, 0x5f, 0x6c, 0x61, 0x73, 0x74, 0x5f,
  0x66, 0x70, 0x73, 0x5f, 0x74, 0x69, 0x6d, 0x65, 0x00, 0x5f, 0x5a, 0x4c,
  0x31, 0x32, 0x6c, 0x62, 0x6c, 0x5f, 0x66, 0x70, 0x73, 0x5f, 0x6e, 0x61,
  0x6d, 0x65, 0x00, 0x5f, 0x5a, 0x4c, 0x31, 0x31, 0x6c, 0x62, 0x6c, 0x5f,
  0x66, 0x70, 0x73, 0x5f, 0x76, 0x61, 0x6c, 0x00, 0x5f, 0x5a, 0x4c, 0x38,
  0x67, 0x5f, 0x63, 0x6f, 0x6e, 0x66, 0x69, 0x67, 0x2e, 0x34, 0x00, 0x5f,
  0x5a, 0x5a, 0x4c, 0x31, 0x33, 0x75, 0x70, 0x64, 0x61, 0x74, 0x65, 0x5f,
  0x6c, 0x61, 0x62, 0x65, 0x6c, 0x73, 0x76, 0x45, 0x4e, 0x4b, 0x33, 0x24,
  0x5f, 0x30, 0x63, 0x6c, 0x45, 0x50, 0x31, 0x31, 0x5f, 0x4d, 0x6f, 0x6e,
  0x6f, 0x4f, 0x62, 0x6a, 0x65, 0x63, 0x74, 0x53, 0x31, 0x5f, 0x62, 0x50,
  0x4b, 0x63, 0x34, 0x72, 0x67, 0x62, 0x61, 0x00, 0x5f, 0x5a, 0x4c, 0x38,
  0x67, 0x5f, 0x63, 0x6f, 0x6e, 0x66, 0x69, 0x67, 0x2e, 0x31, 0x00, 0x5f,
  0x5a, 0x4c, 0x38, 0x67, 0x5f, 0x63, 0x6f, 0x6e, 0x66, 0x69, 0x67, 0x2e,
  0x36, 0x00, 0x5f, 0x5a, 0x4c, 0x38, 0x67, 0x5f, 0x63, 0x6f, 0x6e, 0x66,
  0x69, 0x67, 0x2e, 0x30, 0x00, 0x5f, 0x5a, 0x4c, 0x38, 0x67, 0x5f, 0x63,
  0x6f, 0x6e, 0x66, 0x69, 0x67, 0x2e, 0x32, 0x00, 0x5f, 0x5a, 0x4c, 0x38,
  0x67, 0x5f, 0x63, 0x6f, 0x6e, 0x66, 0x69, 0x67, 0x2e, 0x33, 0x00, 0x5f,
  0x5a, 0x4c, 0x38, 0x67, 0x5f, 0x63, 0x6f, 0x6e, 0x66, 0x69, 0x67, 0x2e,
  0x35, 0x00, 0x5f, 0x5a, 0x4c, 0x31, 0x37, 0x67, 0x5f, 0x77, 0x69, 0x64,
  0x67, 0x65, 0x74, 0x73, 0x5f, 0x63, 0x72, 0x65, 0x61, 0x74, 0x65, 0x64,
  0x00, 0x5f, 0x5a, 0x4c, 0x31, 0x30, 0x72, 0x6f, 0x6f, 0x74, 0x57, 0x69,
  0x64, 0x67, 0x65, 0x74, 0x00, 0x5f, 0x5a, 0x4c, 0x34, 0x66, 0x6f, 0x6e,
  0x74, 0x00, 0x5f, 0x5a, 0x4c, 0x31, 0x31, 0x43, 0x72, 0x65, 0x61, 0x74,
  0x65, 0x4c, 0x61, 0x62, 0x65, 0x6c, 0x50, 0x4b, 0x63, 0x66, 0x66, 0x53,
  0x30, 0x5f, 0x50, 0x31, 0x31, 0x5f, 0x4d, 0x6f, 0x6e, 0x6f, 0x4f, 0x62,
  0x6a, 0x65, 0x63, 0x74, 0x66, 0x66, 0x66, 0x66, 0x00, 0x5f, 0x5a, 0x4c,
  0x31, 0x32, 0x6c, 0x62, 0x6c, 0x5f, 0x63, 0x70, 0x75, 0x5f, 0x6e, 0x61,
  0x6d, 0x65, 0x00, 0x5f, 0x5a, 0x4c, 0x31, 0x31, 0x6c, 0x62, 0x6c, 0x5f,
  0x63, 0x70, 0x75, 0x5f, 0x76, 0x61, 0x6c, 0x00, 0x5f, 0x5a, 0x4c, 0x31,
  0x32, 0x6c, 0x62, 0x6c, 0x5f, 0x73, 0x6f, 0x63, 0x5f, 0x6e, 0x61, 0x6d,
  0x65, 0x00, 0x5f, 0x5a, 0x4c, 0x31, 0x31, 0x6c, 0x62, 0x6c, 0x5f, 0x73,
  0x6f, 0x63, 0x5f, 0x76, 0x61, 0x6c, 0x00, 0x5f, 0x5a, 0x4c, 0x31, 0x32,
  0x6c, 0x62, 0x6c, 0x5f, 0x73, 0x73, 0x64, 0x5f, 0x6e, 0x61, 0x6d, 0x65,
  0x00, 0x5f, 0x5a, 0x4c, 0x31, 0x31, 0x6c, 0x62, 0x6c, 0x5f, 0x73, 0x73,
  0x64, 0x5f, 0x76, 0x61, 0x6c, 0x00, 0x5f, 0x5a, 0x4c, 0x31, 0x32, 0x6c,
  0x62, 0x6c, 0x5f, 0x72, 0x61, 0x6d, 0x5f, 0x6e, 0x61, 0x6d, 0x65, 0x00,
  0x5f, 0x5a, 0x4c, 0x31, 0x31, 0x6c, 0x62, 0x6c, 0x5f, 0x72, 0x61, 0x6d,
  0x5f, 0x76, 0x61, 0x6c, 0x00, 0x73, 0x74, 0x72, 0x63, 0x61, 0x73, 0x65,
  0x63, 0x6d, 0x70, 0x2e, 0x63, 0x00, 0x63, 0x72, 0x74, 0x2e, 0x63, 0x00,
  0x70, 0x61, 0x79, 0x6c, 0x6f, 0x61, 0x64, 0x5f, 0x61, 0x72, 0x67, 0x73,
  0x00, 0x6a, 0x6d, 0x70, 0x62, 0x75, 0x66, 0x00, 0x73, 0x79, 0x73, 0x63,
  0x61, 0x6c, 0x6c, 0x2e, 0x63, 0x00, 0x70, 0x74, 0x72, 0x5f, 0x73, 0x79,
  0x73, 0x63, 0x61, 0x6c, 0x6c, 0x00, 0x6b, 0x6c, 0x6f, 0x67, 0x2e, 0x63,
  0x00, 0x76, 0x73, 0x6e, 0x70, 0x72, 0x69, 0x6e, 0x74, 0x66, 0x00, 0x73,
  0x6e, 0x70, 0x72, 0x69, 0x6e, 0x74, 0x66, 0x00, 0x73, 0x74, 0x72, 0x65,
  0x72, 0x72, 0x6f, 0x72, 0x00, 0x5f, 0x5f, 0x65, 0x72, 0x72, 0x6f, 0x72,
  0x00, 0x6e, 0x69, 0x64, 0x2e, 0x63, 0x00, 0x53, 0x48, 0x41, 0x31, 0x54,
  0x72, 0x61, 0x6e, 0x73, 0x66, 0x6f, 0x72, 0x6d, 0x00, 0x6b, 0x65, 0x72,
  0x6e, 0x65, 0x6c, 0x2e, 0x63, 0x00, 0x72, 0x77, 0x5f, 0x70, 0x61, 0x69,
  0x72, 0x2e, 0x30, 0x00, 0x72, 0x77, 0x5f, 0x70, 0x61, 0x69, 0x72, 0x2e,
  0x31, 0x00, 0x72, 0x77, 0x5f, 0x70, 0x69, 0x70, 0x65, 0x2e, 0x30, 0x00,
  0x72, 0x77, 0x5f, 0x70, 0x69, 0x70, 0x65, 0x2e, 0x31, 0x00, 0x70, 0x69,
  0x70, 0x65, 0x5f, 0x61, 0x64, 0x64, 0x72, 0x00, 0x5f, 0x5f, 0x65, 0x72,
  0x72, 0x6f, 0x72, 0x00, 0x70, 0x72, 0x6f, 0x63, 0x5f, 0x63, 0x61, 0x63,
  0x68, 0x65, 0x00, 0x70, 0x72, 0x6f, 0x63, 0x5f, 0x63, 0x61, 0x63, 0x68,
  0x65, 0x5f, 0x63, 0x6f, 0x75, 0x6e, 0x74, 0x65, 0x72, 0x00, 0x72, 0x74,
  0x6c, 0x64, 0x2e, 0x63, 0x00, 0x73, 0x74, 0x72, 0x63, 0x70, 0x79, 0x00,
  0x73, 0x70, 0x72, 0x69, 0x6e, 0x74, 0x66, 0x00, 0x67, 0x65, 0x74, 0x65,
  0x6e, 0x76, 0x00, 0x73, 0x74, 0x72, 0x63, 0x61, 0x74, 0x00, 0x5f, 0x5f,
  0x72, 0x74, 0x6c, 0x64, 0x5f, 0x6c, 0x69, 0x62, 0x5f, 0x73, 0x6f, 0x6e,
  0x61, 0x6d, 0x65, 0x32, 0x6c, 0x69, 0x62, 0x00, 0x63, 0x61, 0x6c, 0x6c,
  0x6f, 0x63, 0x00, 0x72, 0x65, 0x66, 0x5f, 0x6f, 0x70, 0x65, 0x6e, 0x00,
  0x72, 0x65, 0x66, 0x5f, 0x69, 0x6e, 0x69, 0x74, 0x00, 0x72, 0x65, 0x66,
  0x5f, 0x73, 0x79, 0x6d, 0x32, 0x61, 0x64, 0x64, 0x72, 0x00, 0x72, 0x65,
  0x66, 0x5f, 0x61, 0x64, 0x64, 0x72, 0x32, 0x73, 0x79, 0x6d, 0x00, 0x72,
  0x65, 0x66, 0x5f, 0x66, 0x69, 0x6e, 0x69, 0x00, 0x72, 0x65, 0x66, 0x5f,
  0x63, 0x6c, 0x6f, 0x73, 0x65, 0x00, 0x72, 0x65, 0x66, 0x5f, 0x64, 0x65,
  0x73, 0x74, 0x72, 0x6f, 0x79, 0x00, 0x73, 0x74, 0x72, 0x6c, 0x65, 0x6e,
  0x00, 0x73, 0x74, 0x72, 0x6e, 0x63, 0x6d, 0x70, 0x00, 0x73, 0x74, 0x72,
  0x63, 0x6d, 0x70, 0x00, 0x66, 0x72, 0x65, 0x65, 0x00, 0x72, 0x74, 0x6c,
  0x64, 0x5f, 0x73, 0x6f, 0x2e, 0x63, 0x00, 0x63, 0x61, 0x6c, 0x6c, 0x6f,
  0x63, 0x00, 0x73, 0x6f, 0x5f, 0x6f, 0x70, 0x65, 0x6e, 0x00, 0x73, 0x6f,
  0x5f, 0x69, 0x6e, 0x69, 0x74, 0x00, 0x73, 0x6f, 0x5f, 0x73, 0x79, 0x6d,
  0x32, 0x61, 0x64, 0x64, 0x72, 0x00, 0x73, 0x6f, 0x5f, 0x61, 0x64, 0x64,
  0x72, 0x32, 0x73, 0x79, 0x6d, 0x00, 0x73, 0x6f, 0x5f, 0x66, 0x69, 0x6e,
  0x69, 0x00, 0x73, 0x6f, 0x5f, 0x63, 0x6c, 0x6f, 0x73, 0x65, 0x00, 0x73,
  0x6f, 0x5f, 0x64, 0x65, 0x73, 0x74, 0x72, 0x6f, 0x79, 0x00, 0x73, 0x74,
  0x72, 0x63, 0x70, 0x79, 0x00, 0x6d, 0x61, 0x6c, 0x6c, 0x6f, 0x63, 0x00,
  0x66, 0x72, 0x65, 0x65, 0x00, 0x6d, 0x65, 0x6d, 0x63, 0x70, 0x79, 0x00,
  0x72, 0x5f, 0x67, 0x6c, 0x6f, 0x62, 0x5f, 0x64, 0x61, 0x74, 0x00, 0x73,
  0x74, 0x72, 0x63, 0x6d, 0x70, 0x00, 0x72, 0x74, 0x6c, 0x64, 0x5f, 0x73,
  0x70, 0x72, 0x78, 0x2e, 0x63, 0x00, 0x63, 0x61, 0x6c, 0x6c, 0x6f, 0x63,
  0x00, 0x73, 0x70, 0x72, 0x78, 0x5f, 0x6f, 0x70, 0x65, 0x6e, 0x00, 0x73,
  0x70, 0x72, 0x78, 0x5f, 0x69, 0x6e, 0x69, 0x74, 0x00, 0x73, 0x70, 0x72,
  0x78, 0x5f, 0x73, 0x79, 0x6d, 0x32, 0x61, 0x64, 0x64, 0x72, 0x00, 0x73,
  0x70, 0x72, 0x78, 0x5f, 0x61, 0x64, 0x64, 0x72, 0x32, 0x73, 0x79, 0x6d,
  0x00, 0x73, 0x70, 0x72, 0x78, 0x5f, 0x66, 0x69, 0x6e, 0x69, 0x00, 0x73,
  0x70, 0x72, 0x78, 0x5f, 0x63, 0x6c, 0x6f, 0x73, 0x65, 0x00, 0x73, 0x70,
  0x72, 0x78, 0x5f, 0x64, 0x65, 0x73, 0x74, 0x72, 0x6f, 0x79, 0x00, 0x73,
  0x74, 0x72, 0x63, 0x70, 0x79, 0x00, 0x73, 0x74, 0x72, 0x63, 0x6d, 0x70,
  0x00, 0x73, 0x79, 0x73, 0x6d, 0x6f, 0x64, 0x74, 0x61, 0x62, 0x00, 0x73,
  0x63, 0x65, 0x53, 0x79, 0x73, 0x6d, 0x6f, 0x64, 0x75, 0x6c, 0x65, 0x4c,
  0x6f, 0x61, 0x64, 0x4d, 0x6f, 0x64, 0x75, 0x6c, 0x65, 0x49, 0x6e, 0x74,
  0x65, 0x72, 0x6e, 0x61, 0x6c, 0x00, 0x73, 0x63, 0x65, 0x4b, 0x65, 0x72,
  0x6e, 0x65, 0x6c, 0x4c, 0x6f, 0x61, 0x64, 0x53, 0x74, 0x61, 0x72, 0x74,
  0x4d, 0x6f, 0x64, 0x75, 0x6c, 0x65, 0x00, 0x6d, 0x61, 0x6c, 0x6c, 0x6f,
  0x63, 0x00, 0x73, 0x74, 0x72, 0x6e, 0x63, 0x6d, 0x70, 0x00, 0x73, 0x63,
  0x65, 0x4b, 0x65, 0x72, 0x6e, 0x65, 0x6c, 0x53, 0x74, 0x6f, 0x70, 0x55,
  0x6e, 0x6c, 0x6f, 0x61, 0x64, 0x4d, 0x6f, 0x64, 0x75, 0x6c, 0x65, 0x00,
  0x66, 0x72, 0x65, 0x65, 0x00, 0x72, 0x74, 0x6c, 0x64, 0x5f, 0x70, 0x61,
  0x79, 0x6c, 0x6f, 0x61, 0x64, 0x2e, 0x63, 0x00, 0x63, 0x61, 0x6c, 0x6c,
  0x6f, 0x63, 0x00, 0x70, 0x61, 0x79, 0x6c, 0x6f, 0x61, 0x64, 0x5f, 0x6f,
  0x70, 0x65, 0x6e, 0x00, 0x70, 0x61, 0x79, 0x6c, 0x6f, 0x61, 0x64, 0x5f,
  0x69, 0x6e, 0x69, 0x74, 0x00, 0x70, 0x61, 0x79, 0x6c, 0x6f, 0x61, 0x64,
  0x5f, 0x73, 0x79, 0x6d, 0x32, 0x61, 0x64, 0x64, 0x72, 0x00, 0x70, 0x61,
  0x79, 0x6c, 0x6f, 0x61, 0x64, 0x5f, 0x61, 0x64, 0x64, 0x72, 0x32, 0x73,
  0x79, 0x6d, 0x00, 0x70, 0x61, 0x79, 0x6c, 0x6f, 0x61, 0x64, 0x5f, 0x66,
  0x69, 0x6e, 0x69, 0x00, 0x70, 0x61, 0x79, 0x6c, 0x6f, 0x61, 0x64, 0x5f,
  0x63, 0x6c, 0x6f, 0x73, 0x65, 0x00, 0x70, 0x61, 0x79, 0x6c, 0x6f, 0x61,
  0x64, 0x5f, 0x64, 0x65, 0x73, 0x74, 0x72, 0x6f, 0x79, 0x00, 0x73, 0x74,
  0x72, 0x63, 0x70, 0x79, 0x00, 0x6d, 0x65, 0x6d, 0x63, 0x70, 0x79, 0x00,
  0x73, 0x74, 0x72, 0x63, 0x6d, 0x70, 0x00, 0x66, 0x72, 0x65, 0x65, 0x00,
  0x72, 0x74, 0x6c, 0x64, 0x5f, 0x64, 0x6c, 0x66, 0x63, 0x6e, 0x2e, 0x63,
  0x00, 0x67, 0x5f, 0x72, 0x6f, 0x6f, 0x74, 0x00, 0x67, 0x5f, 0x64, 0x6c,
  0x65, 0x72, 0x72, 0x6e, 0x6f, 0x00, 0x67, 0x65, 0x74, 0x61, 0x72, 0x67,
  0x63, 0x00, 0x67, 0x65, 0x74, 0x61, 0x72, 0x67, 0x76, 0x00, 0x65, 0x6e,
  0x76, 0x69, 0x72, 0x6f, 0x6e, 0x00, 0x5f, 0x53, 0x74, 0x72, 0x65, 0x72,
  0x72, 0x6f, 0x72, 0x00, 0x63, 0x61, 0x6c, 0x6c, 0x6f, 0x63, 0x00, 0x66,
  0x72, 0x65, 0x65, 0x00, 0x6d, 0x64, 0x62, 0x67, 0x2e, 0x63, 0x00, 0x6d,
  0x64, 0x62, 0x67, 0x5f, 0x6d, 0x65, 0x6d, 0x6f, 0x70, 0x00, 0x6d, 0x64,
  0x62, 0x67, 0x5f, 0x6d, 0x65, 0x6d, 0x6f, 0x70, 0x2e, 0x70, 0x72, 0x69,
  0x76, 0x63, 0x61, 0x70, 0x73, 0x00, 0x70, 0x61, 0x74, 0x63, 0x68, 0x2e,
  0x63, 0x00, 0x6b, 0x65, 0x72, 0x6e, 0x65, 0x6c, 0x5f, 0x70, 0x72, 0x6f,
  0x63, 0x69, 0x6f, 0x2e, 0x63, 0x00, 0x5f, 0x5f, 0x63, 0x72, 0x74, 0x5f,
  0x72, 0x65, 0x67, 0x5f, 0x62, 0x61, 0x63, 0x6b, 0x75, 0x70, 0x00, 0x73,
  0x74, 0x72, 0x63, 0x61, 0x73, 0x65, 0x63, 0x6d, 0x70, 0x00, 0x73, 0x74,
  0x72, 0x63, 0x61, 0x73, 0x65, 0x63, 0x6d, 0x70, 0x5f, 0x6c, 0x00, 0x6d,
  0x61, 0x69, 0x6e, 0x00, 0x5f, 0x5a, 0x31, 0x34, 0x73, 0x63, 0x65, 0x4b,
  0x65, 0x72, 0x6e, 0x65, 0x6c, 0x44, 0x6c, 0x73, 0x79, 0x6d, 0x69, 0x50,
  0x4b, 0x63, 0x50, 0x50, 0x76, 0x00, 0x5f, 0x5a, 0x32, 0x34, 0x73, 0x63,
  0x65, 0x4b, 0x65, 0x72, 0x6e, 0x65, 0x6c, 0x4c, 0x6f, 0x61, 0x64, 0x53,
  0x74, 0x61, 0x72, 0x74, 0x4d, 0x6f, 0x64, 0x75, 0x6c, 0x65, 0x50, 0x4b,
  0x63, 0x69, 0x50, 0x4b, 0x76, 0x69, 0x50, 0x76, 0x50, 0x69, 0x00, 0x73,
  0x6c, 0x65, 0x65, 0x70, 0x00, 0x70, 0x74, 0x68, 0x72, 0x65, 0x61, 0x64,
  0x5f, 0x63, 0x72, 0x65, 0x61, 0x74, 0x65, 0x00, 0x73, 0x6f, 0x63, 0x6b,
  0x65, 0x74, 0x00, 0x73, 0x65, 0x74, 0x73, 0x6f, 0x63, 0x6b, 0x6f, 0x70,
  0x74, 0x00, 0x62, 0x69, 0x6e, 0x64, 0x00, 0x63, 0x6c, 0x6f, 0x73, 0x65,
  0x00, 0x72, 0x65, 0x63, 0x76, 0x00, 0x63, 0x6c, 0x6f, 0x63, 0x6b, 0x5f,
  0x67, 0x65, 0x74, 0x74, 0x69, 0x6d, 0x65, 0x00, 0x75, 0x73, 0x6c, 0x65,
  0x65, 0x70, 0x00, 0x66, 0x6f, 0x70, 0x65, 0x6e, 0x00, 0x66, 0x67, 0x65,
  0x74, 0x73, 0x00, 0x73, 0x74, 0x72, 0x63, 0x68, 0x72, 0x00, 0x73, 0x74,
  0x72, 0x70, 0x62, 0x72, 0x6b, 0x00, 0x66, 0x63, 0x6c, 0x6f, 0x73, 0x65,
  0x00, 0x73, 0x79, 0x73, 0x63, 0x74, 0x6c, 0x00, 0x73, 0x79, 0x73, 0x63,
  0x74, 0x6c, 0x62, 0x79, 0x6e, 0x61, 0x6d, 0x65, 0x00, 0x73, 0x6e, 0x70,
  0x72, 0x69, 0x6e, 0x74, 0x66, 0x00, 0x74, 0x6f, 0x6c, 0x6f, 0x77, 0x65,
  0x72, 0x00, 0x70, 0x61, 0x79, 0x6c, 0x6f, 0x61, 0x64, 0x5f, 0x65, 0x78,
  0x69, 0x74, 0x00, 0x70, 0x61, 0x79, 0x6c, 0x6f, 0x61, 0x64, 0x5f, 0x67,
  0x65, 0x74, 0x5f, 0x61, 0x72, 0x67, 0x73, 0x00, 0x5f, 0x5f, 0x63, 0x72,
  0x74, 0x5f, 0x73, 0x74, 0x61, 0x72, 0x74, 0x00, 0x5f, 0x5f, 0x62, 0x73,
  0x73, 0x5f, 0x73, 0x74, 0x61, 0x72, 0x74, 0x00, 0x5f, 0x5f, 0x62, 0x73,
  0x73, 0x5f, 0x65, 0x6e, 0x64, 0x00, 0x5f, 0x5f, 0x63, 0x72, 0x74, 0x5f,
  0x73, 0x79, 0x73, 0x63, 0x61, 0x6c, 0x6c, 0x5f, 0x69, 0x6e, 0x69, 0x74,
  0x00, 0x5f, 0x5f, 0x6b, 0x65, 0x72, 0x6e, 0x65, 0x6c, 0x5f, 0x69, 0x6e,
  0x69, 0x74, 0x00, 0x5f, 0x5f, 0x6b, 0x6c, 0x6f, 0x67, 0x5f, 0x69, 0x6e,
  0x69, 0x74, 0x00, 0x6b, 0x65, 0x72, 0x6e, 0x65, 0x6c, 0x5f, 0x64, 0x79,
  0x6e, 0x6c, 0x69, 0x62, 0x5f, 0x64, 0x6c, 0x73, 0x79, 0x6d, 0x00, 0x5f,
  0x5f, 0x70, 0x61, 0x74, 0x63, 0x68, 0x5f, 0x69, 0x6e, 0x69, 0x74, 0x00,
  0x5f, 0x5f, 0x72, 0x74, 0x6c, 0x64, 0x5f, 0x69, 0x6e, 0x69, 0x74, 0x00,
  0x6b, 0x6c, 0x6f, 0x67, 0x5f, 0x70, 0x75, 0x74, 0x73, 0x00, 0x5f, 0x5f,
  0x72, 0x74, 0x6c, 0x64, 0x5f, 0x70, 0x61, 0x79, 0x6c, 0x6f, 0x61, 0x64,
  0x5f, 0x6e, 0x65, 0x77, 0x00, 0x5f, 0x5f, 0x72, 0x74, 0x6c, 0x64, 0x5f,
  0x64, 0x6c, 0x66, 0x63, 0x6e, 0x5f, 0x73, 0x65, 0x74, 0x72, 0x6f, 0x6f,
  0x74, 0x00, 0x5f, 0x5f, 0x72, 0x74, 0x6c, 0x64, 0x5f, 0x6c, 0x69, 0x62,
  0x5f, 0x6f, 0x70, 0x65, 0x6e, 0x00, 0x5f, 0x5f, 0x72, 0x74, 0x6c, 0x64,
  0x5f, 0x6c, 0x69, 0x62, 0x5f, 0x69, 0x6e, 0x69, 0x74, 0x00, 0x5f, 0x5f,
  0x72, 0x74, 0x6c, 0x64, 0x5f, 0x6c, 0x69, 0x62, 0x5f, 0x63, 0x6c, 0x6f,
  0x73, 0x65, 0x00, 0x5f, 0x5f, 0x72, 0x74, 0x6c, 0x64, 0x5f, 0x6c, 0x69,
  0x62, 0x5f, 0x64, 0x65, 0x73, 0x74, 0x72, 0x6f, 0x79, 0x00, 0x5f, 0x5f,
  0x72, 0x74, 0x6c, 0x64, 0x5f, 0x6c, 0x69, 0x62, 0x5f, 0x66, 0x69, 0x6e,
  0x69, 0x00, 0x5f, 0x5f, 0x63, 0x72, 0x74, 0x5f, 0x73, 0x79, 0x73, 0x63,
  0x61, 0x6c, 0x6c, 0x00, 0x6b, 0x6c, 0x6f, 0x67, 0x5f, 0x70, 0x72, 0x69,
  0x6e, 0x74, 0x66, 0x00, 0x6b, 0x6c, 0x6f, 0x67, 0x5f, 0x70, 0x65, 0x72,
  0x72, 0x6f, 0x72, 0x00, 0x6e, 0x69, 0x64, 0x5f, 0x65, 0x6e, 0x63, 0x6f,
  0x64, 0x65, 0x00, 0x6b, 0x65, 0x72, 0x6e, 0x65, 0x6c, 0x5f, 0x67, 0x65,
  0x74, 0x5f, 0x66, 0x77, 0x5f, 0x76, 0x65, 0x72, 0x73, 0x69, 0x6f, 0x6e,
  0x00, 0x4b, 0x45, 0x52, 0x4e, 0x45, 0x4c, 0x5f, 0x41, 0x44, 0x44, 0x52,
  0x45, 0x53, 0x53, 0x5f, 0x44, 0x41, 0x54, 0x41, 0x5f, 0x42, 0x41, 0x53,
  0x45, 0x00, 0x4b, 0x45, 0x52, 0x4e, 0x45, 0x4c, 0x5f, 0x41, 0x44, 0x44,
  0x52, 0x45, 0x53, 0x53, 0x5f, 0x54, 0x45, 0x58, 0x54, 0x5f, 0x42, 0x41,
  0x53, 0x45, 0x00, 0x4b, 0x45, 0x52, 0x4e, 0x45, 0x4c, 0x5f, 0x41, 0x44,
  0x44, 0x52, 0x45, 0x53, 0x53, 0x5f, 0x41, 0x4c, 0x4c, 0x50, 0x52, 0x4f,
  0x43, 0x00, 0x4b, 0x45, 0x52, 0x4e, 0x45, 0x4c, 0x5f, 0x41, 0x44, 0x44,
  0x52, 0x45, 0x53, 0x53, 0x5f, 0x53, 0x45, 0x43, 0x55, 0x52, 0x49, 0x54,
  0x59, 0x5f, 0x46, 0x4c, 0x41, 0x47, 0x53, 0x00, 0x4b, 0x45, 0x52, 0x4e,
  0x45, 0x4c, 0x5f, 0x41, 0x44, 0x44, 0x52, 0x45, 0x53, 0x53, 0x5f, 0x52,
  0x4f, 0x4f, 0x54, 0x56, 0x4e, 0x4f, 0x44, 0x45, 0x00, 0x4b, 0x45, 0x52,
  0x4e, 0x45, 0x4c, 0x5f, 0x41, 0x44, 0x44, 0x52, 0x45, 0x53, 0x53, 0x5f,
  0x42, 0x55, 0x53, 0x5f, 0x44, 0x41, 0x54, 0x41, 0x5f, 0x44, 0x45, 0x56,
  0x49, 0x43, 0x45, 0x53, 0x00, 0x4b, 0x45, 0x52, 0x4e, 0x45, 0x4c, 0x5f,
  0x4f, 0x46, 0x46, 0x53, 0x45, 0x54, 0x5f, 0x56, 0x4d, 0x53, 0x50, 0x41,
  0x43, 0x45, 0x5f, 0x50, 0x5f, 0x52, 0x4f, 0x4f, 0x54, 0x00, 0x4b, 0x45,
  0x52, 0x4e, 0x45, 0x4c, 0x5f, 0x4f, 0x46, 0x46, 0x53, 0x45, 0x54, 0x5f,
  0x56, 0x4d, 0x53, 0x50, 0x41, 0x43, 0x45, 0x5f, 0x56, 0x4d, 0x5f, 0x50,
  0x4d, 0x41, 0x50, 0x00, 0x4b, 0x45, 0x52, 0x4e, 0x45, 0x4c, 0x5f, 0x41,
  0x44, 0x44, 0x52, 0x45, 0x53, 0x53, 0x5f, 0x54, 0x41, 0x52, 0x47, 0x45,
  0x54, 0x49, 0x44, 0x00, 0x4b, 0x45, 0x52, 0x4e, 0x45, 0x4c, 0x5f, 0x41,
  0x44, 0x44, 0x52, 0x45, 0x53, 0x53, 0x5f, 0x51, 0x41, 0x5f, 0x46, 0x4c,
  0x41, 0x47, 0x53, 0x00, 0x4b, 0x45, 0x52, 0x4e, 0x45, 0x4c, 0x5f, 0x41,
  0x44, 0x44, 0x52, 0x45, 0x53, 0x53, 0x5f, 0x55, 0x54, 0x4f, 0x4b, 0x45,
  0x4e, 0x5f, 0x46, 0x4c, 0x41, 0x47, 0x53, 0x00, 0x6b, 0x65, 0x72, 0x6e,
  0x65, 0x6c, 0x5f, 0x67, 0x65, 0x74, 0x5f, 0x70, 0x72, 0x6f, 0x63, 0x00,
  0x6b, 0x65, 0x72, 0x6e, 0x65, 0x6c, 0x5f, 0x63, 0x6f, 0x70, 0x79, 0x6f,
  0x75, 0x74, 0x00, 0x4b, 0x45, 0x52, 0x4e, 0x45, 0x4c, 0x5f, 0x41, 0x44,
  0x44, 0x52, 0x45, 0x53, 0x53, 0x5f, 0x50, 0x52, 0x49, 0x53, 0x4f, 0x4e,
  0x30, 0x00, 0x6b, 0x65, 0x72, 0x6e, 0x65, 0x6c, 0x5f, 0x64, 0x79, 0x6e,
  0x6c, 0x69, 0x62, 0x5f, 0x72, 0x65, 0x73, 0x6f, 0x6c, 0x76, 0x65, 0x00,
  0x6b, 0x65, 0x72, 0x6e, 0x65, 0x6c, 0x5f, 0x67, 0x65, 0x74, 0x5f, 0x75,
  0x63, 0x72, 0x65, 0x64, 0x5f, 0x70, 0x72, 0x69, 0x73, 0x6f, 0x6e, 0x00,
  0x6b, 0x65, 0x72, 0x6e, 0x65, 0x6c, 0x5f, 0x63, 0x6f, 0x70, 0x79, 0x69,
  0x6e, 0x00, 0x6b, 0x65, 0x72, 0x6e, 0x65, 0x6c, 0x5f, 0x73, 0x65, 0x74,
  0x6c, 0x6f, 0x6e, 0x67, 0x00, 0x6b, 0x65, 0x72, 0x6e, 0x65, 0x6c, 0x5f,
  0x73, 0x65, 0x74, 0x69, 0x6e, 0x74, 0x00, 0x6b, 0x65, 0x72, 0x6e, 0x65,
  0x6c, 0x5f, 0x73, 0x65, 0x74, 0x73, 0x68, 0x6f, 0x72, 0x74, 0x00, 0x6b,
  0x65, 0x72, 0x6e, 0x65, 0x6c, 0x5f, 0x73, 0x65, 0x74, 0x63, 0x68, 0x61,
  0x72, 0x00, 0x6b, 0x65, 0x72, 0x6e, 0x65, 0x6c, 0x5f, 0x67, 0x65, 0x74,
  0x6c, 0x6f, 0x6e, 0x67, 0x00, 0x6b, 0x65, 0x72, 0x6e, 0x65, 0x6c, 0x5f,
  0x67, 0x65, 0x74, 0x69, 0x6e, 0x74, 0x00, 0x6b, 0x65, 0x72, 0x6e, 0x65,
  0x6c, 0x5f, 0x67, 0x65, 0x74, 0x73, 0x68, 0x6f, 0x72, 0x74, 0x00, 0x6b,
  0x65, 0x72, 0x6e, 0x65, 0x6c, 0x5f, 0x67, 0x65, 0x74, 0x63, 0x68, 0x61,
  0x72, 0x00, 0x6b, 0x65, 0x72, 0x6e, 0x65, 0x6c, 0x5f, 0x67, 0x65, 0x74,
  0x5f, 0x71, 0x61, 0x66, 0x6c, 0x61, 0x67, 0x73, 0x00, 0x6b, 0x65, 0x72,
  0x6e, 0x65, 0x6c, 0x5f, 0x73, 0x65, 0x74, 0x5f, 0x71, 0x61, 0x66, 0x6c,
  0x61, 0x67, 0x73, 0x00, 0x6b, 0x65, 0x72, 0x6e, 0x65, 0x6c, 0x5f, 0x67,
  0x65, 0x74, 0x5f, 0x72, 0x6f, 0x6f, 0x74, 0x5f, 0x76, 0x6e, 0x6f, 0x64,
  0x65, 0x00, 0x6b, 0x65, 0x72, 0x6e, 0x65, 0x6c, 0x5f, 0x67, 0x65, 0x74,
  0x5f, 0x70, 0x72, 0x6f, 0x63, 0x5f, 0x74, 0x68, 0x72, 0x65, 0x61, 0x64,
  0x00, 0x6b, 0x65, 0x72, 0x6e, 0x65, 0x6c, 0x5f, 0x64, 0x79, 0x6e, 0x6c,
  0x69, 0x62, 0x5f, 0x6f, 0x62, 0x6a, 0x00, 0x6b, 0x65, 0x72, 0x6e, 0x65,
  0x6c, 0x5f, 0x64, 0x79, 0x6e, 0x6c, 0x69, 0x62, 0x5f, 0x66, 0x69, 0x6e,
  0x64, 0x5f, 0x68, 0x61, 0x6e, 0x64, 0x6c, 0x65, 0x00, 0x6b, 0x65, 0x72,
  0x6e, 0x65, 0x6c, 0x5f, 0x64, 0x79, 0x6e, 0x6c, 0x69, 0x62, 0x5f, 0x68,
  0x61, 0x6e, 0x64, 0x6c, 0x65, 0x00, 0x6b, 0x65, 0x72, 0x6e, 0x65, 0x6c,
  0x5f, 0x64, 0x79, 0x6e, 0x6c, 0x69, 0x62, 0x5f, 0x66, 0x69, 0x6e, 0x69,
  0x5f, 0x61, 0x64, 0x64, 0x72, 0x00, 0x6b, 0x65, 0x72, 0x6e, 0x65, 0x6c,
  0x5f, 0x64, 0x79, 0x6e, 0x6c, 0x69, 0x62, 0x5f, 0x70, 0x61, 0x74, 0x68,
  0x00, 0x6b, 0x65, 0x72, 0x6e, 0x65, 0x6c, 0x5f, 0x64, 0x79, 0x6e, 0x6c,
  0x69, 0x62, 0x5f, 0x69, 0x6e, 0x69, 0x74, 0x5f, 0x61, 0x64, 0x64, 0x72,
  0x00, 0x6b, 0x65, 0x72, 0x6e, 0x65, 0x6c, 0x5f, 0x64, 0x79, 0x6e, 0x6c,
  0x69, 0x62, 0x5f, 0x65, 0x6e, 0x74, 0x72, 0x79, 0x5f, 0x61, 0x64, 0x64,
  0x72, 0x00, 0x6b, 0x65, 0x72, 0x6e, 0x65, 0x6c, 0x5f, 0x64, 0x79, 0x6e,
  0x6c, 0x69, 0x62, 0x5f, 0x6d, 0x61, 0x70, 0x62, 0x61, 0x73, 0x65, 0x5f,
  0x61, 0x64, 0x64, 0x72, 0x00, 0x6b, 0x65, 0x72, 0x6e, 0x65, 0x6c, 0x5f,
  0x67, 0x65, 0x74, 0x5f, 0x70, 0x72, 0x6f, 0x63, 0x5f, 0x75, 0x63, 0x72,
  0x65, 0x64, 0x00, 0x6b, 0x65, 0x72, 0x6e, 0x65, 0x6c, 0x5f, 0x67, 0x65,
  0x74, 0x5f, 0x75, 0x63, 0x72, 0x65, 0x64, 0x5f, 0x61, 0x75, 0x74, 0x68,
  0x69, 0x64, 0x00, 0x6b, 0x65, 0x72, 0x6e, 0x65, 0x6c, 0x5f, 0x73, 0x65,
  0x74, 0x5f, 0x75, 0x63, 0x72, 0x65, 0x64, 0x5f, 0x70, 0x72, 0x69, 0x73,
  0x6f, 0x6e, 0x00, 0x6b, 0x65, 0x72, 0x6e, 0x65, 0x6c, 0x5f, 0x73, 0x65,
  0x74, 0x5f, 0x75, 0x63, 0x72, 0x65, 0x64, 0x5f, 0x61, 0x75, 0x74, 0x68,
  0x69, 0x64, 0x00, 0x6b, 0x65, 0x72, 0x6e, 0x65, 0x6c, 0x5f, 0x67, 0x65,
  0x74, 0x5f, 0x75, 0x63, 0x72, 0x65, 0x64, 0x5f, 0x63, 0x61, 0x70, 0x73,
  0x00, 0x6b, 0x65, 0x72, 0x6e, 0x65, 0x6c, 0x5f, 0x73, 0x65, 0x74, 0x5f,
  0x75, 0x63, 0x72, 0x65, 0x64, 0x5f, 0x63, 0x61, 0x70, 0x73, 0x00, 0x6b,
  0x65, 0x72, 0x6e, 0x65, 0x6c, 0x5f, 0x67, 0x65, 0x74, 0x5f, 0x75, 0x63,
  0x72, 0x65, 0x64, 0x5f, 0x61, 0x74, 0x74, 0x72, 0x73, 0x00, 0x6b, 0x65,
  0x72, 0x6e, 0x65, 0x6c, 0x5f, 0x73, 0x65, 0x74, 0x5f, 0x75, 0x63, 0x72,
  0x65, 0x64, 0x5f, 0x61, 0x74, 0x74, 0x72, 0x73, 0x00, 0x6b, 0x65, 0x72,
  0x6e, 0x65, 0x6c, 0x5f, 0x67, 0x65, 0x74, 0x5f, 0x75, 0x63, 0x72, 0x65,
  0x64, 0x5f, 0x75, 0x69, 0x64, 0x00, 0x6b, 0x65, 0x72, 0x6e, 0x65, 0x6c,
  0x5f, 0x73, 0x65, 0x74, 0x5f, 0x75, 0x63, 0x72, 0x65, 0x64, 0x5f, 0x75,
  0x69, 0x64, 0x00, 0x6b, 0x65, 0x72, 0x6e, 0x65, 0x6c, 0x5f, 0x67, 0x65,
  0x74, 0x5f, 0x75, 0x63, 0x72, 0x65, 0x64, 0x5f, 0x72, 0x75, 0x69, 0x64,
  0x00, 0x6b, 0x65, 0x72, 0x6e, 0x65, 0x6c, 0x5f, 0x73, 0x65, 0x74, 0x5f,
  0x75, 0x63, 0x72, 0x65, 0x64, 0x5f, 0x72, 0x75, 0x69, 0x64, 0x00, 0x6b,
  0x65, 0x72, 0x6e, 0x65, 0x6c, 0x5f, 0x67, 0x65, 0x74, 0x5f, 0x75, 0x63,
  0x72, 0x65, 0x64, 0x5f, 0x73, 0x76, 0x75, 0x69, 0x64, 0x00, 0x6b, 0x65,
  0x72, 0x6e, 0x65, 0x6c, 0x5f, 0x73, 0x65, 0x74, 0x5f, 0x75, 0x63, 0x72,
  0x65, 0x64, 0x5f, 0x73, 0x76, 0x75, 0x69, 0x64, 0x00, 0x6b, 0x65, 0x72,
  0x6e, 0x65, 0x6c, 0x5f, 0x67, 0x65, 0x74, 0x5f, 0x75, 0x63, 0x72, 0x65,
  0x64, 0x5f, 0x72, 0x67, 0x69, 0x64, 0x00, 0x6b, 0x65, 0x72, 0x6e, 0x65,
  0x6c, 0x5f, 0x73, 0x65, 0x74, 0x5f, 0x75, 0x63, 0x72, 0x65, 0x64, 0x5f,
  0x72, 0x67, 0x69, 0x64, 0x00, 0x6b, 0x65, 0x72, 0x6e, 0x65, 0x6c, 0x5f,
  0x67, 0x65, 0x74, 0x5f, 0x75, 0x63, 0x72, 0x65, 0x64, 0x5f, 0x73, 0x76,
  0x67, 0x69, 0x64, 0x00, 0x6b, 0x65, 0x72, 0x6e, 0x65, 0x6c, 0x5f, 0x73,
  0x65, 0x74, 0x5f, 0x75, 0x63, 0x72, 0x65, 0x64, 0x5f, 0x73, 0x76, 0x67,
  0x69, 0x64, 0x00, 0x6b, 0x65, 0x72, 0x6e, 0x65, 0x6c, 0x5f, 0x67, 0x65,
  0x74, 0x5f, 0x70, 0x72, 0x6f, 0x63, 0x5f, 0x66, 0x69, 0x6c, 0x65, 0x64,
  0x65, 0x73, 0x63, 0x00, 0x6b, 0x65, 0x72, 0x6e, 0x65, 0x6c, 0x5f, 0x67,
  0x65, 0x74, 0x5f, 0x76, 0x6d, 0x65, 0x6d, 0x5f, 0x65, 0x6e, 0x74, 0x72,
  0x79, 0x00, 0x6b, 0x65, 0x72, 0x6e, 0x65, 0x6c, 0x5f, 0x67, 0x65, 0x74,
  0x5f, 0x76, 0x6d, 0x65, 0x6d, 0x5f, 0x70, 0x72, 0x6f, 0x74, 0x65, 0x63,
  0x74, 0x69, 0x6f, 0x6e, 0x00, 0x6b, 0x65, 0x72, 0x6e, 0x65, 0x6c, 0x5f,
  0x73, 0x65, 0x74, 0x5f, 0x76, 0x6d, 0x65, 0x6d, 0x5f, 0x70, 0x72, 0x6f,
  0x74, 0x65, 0x63, 0x74, 0x69, 0x6f, 0x6e, 0x00, 0x6b, 0x65, 0x72, 0x6e,
  0x65, 0x6c, 0x5f, 0x6d, 0x70, 0x72, 0x6f, 0x74, 0x65, 0x63, 0x74, 0x00,
  0x6b, 0x65, 0x72, 0x6e, 0x65, 0x6c, 0x5f, 0x67, 0x65, 0x74, 0x5f, 0x70,
  0x72, 0x6f, 0x63, 0x5f, 0x66, 0x69, 0x6c, 0x65, 0x00, 0x6b, 0x65, 0x72,
  0x6e, 0x65, 0x6c, 0x5f, 0x6f, 0x76, 0x65, 0x72, 0x6c, 0x61, 0x70, 0x5f,
  0x73, 0x6f, 0x63, 0x6b, 0x65, 0x74, 0x73, 0x00, 0x6b, 0x65, 0x72, 0x6e,
  0x65, 0x6c, 0x5f, 0x67, 0x65, 0x74, 0x5f, 0x70, 0x72, 0x6f, 0x63, 0x5f,
  0x72, 0x6f, 0x6f, 0x74, 0x64, 0x69, 0x72, 0x00, 0x6b, 0x65, 0x72, 0x6e,
  0x65, 0x6c, 0x5f, 0x67, 0x65, 0x74, 0x5f, 0x70, 0x72, 0x6f, 0x63, 0x5f,
  0x6a, 0x61, 0x69, 0x6c, 0x64, 0x69, 0x72, 0x00, 0x6b, 0x65, 0x72, 0x6e,
  0x65, 0x6c, 0x5f, 0x73, 0x65, 0x74, 0x5f, 0x70, 0x72, 0x6f, 0x63, 0x5f,
  0x72, 0x6f, 0x6f, 0x74, 0x64, 0x69, 0x72, 0x00, 0x6b, 0x65, 0x72, 0x6e,
  0x65, 0x6c, 0x5f, 0x73, 0x65, 0x74, 0x5f, 0x70, 0x72, 0x6f, 0x63, 0x5f,
  0x6a, 0x61, 0x69, 0x6c, 0x64, 0x69, 0x72, 0x00, 0x4b, 0x45, 0x52, 0x4e,
  0x45, 0x4c, 0x5f, 0x4f, 0x46, 0x46, 0x53, 0x45, 0x54, 0x5f, 0x50, 0x52,
  0x4f, 0x43, 0x5f, 0x50, 0x5f, 0x55, 0x43, 0x52, 0x45, 0x44, 0x00, 0x4b,
  0x45, 0x52, 0x4e, 0x45, 0x4c, 0x5f, 0x4f, 0x46, 0x46, 0x53, 0x45, 0x54,
  0x5f, 0x50, 0x52, 0x4f, 0x43, 0x5f, 0x50, 0x5f, 0x46, 0x44, 0x00, 0x4b,
  0x45, 0x52, 0x4e, 0x45, 0x4c, 0x5f, 0x4f, 0x46, 0x46, 0x53, 0x45, 0x54,
  0x5f, 0x50, 0x52, 0x4f, 0x43, 0x5f, 0x50, 0x5f, 0x50, 0x49, 0x44, 0x00,
  0x4b, 0x45, 0x52, 0x4e, 0x45, 0x4c, 0x5f, 0x4f, 0x46, 0x46, 0x53, 0x45,
  0x54, 0x5f, 0x50, 0x52, 0x4f, 0x43, 0x5f, 0x50, 0x5f, 0x56, 0x4d, 0x53,
  0x50, 0x41, 0x43, 0x45, 0x00, 0x4b, 0x45, 0x52, 0x4e, 0x45, 0x4c, 0x5f,
  0x4f, 0x46, 0x46, 0x53, 0x45, 0x54, 0x5f, 0x55, 0x43, 0x52, 0x45, 0x44,
  0x5f, 0x43, 0x52, 0x5f, 0x55, 0x49, 0x44, 0x00, 0x4b, 0x45, 0x52, 0x4e,
  0x45, 0x4c, 0x5f, 0x4f, 0x46, 0x46, 0x53, 0x45, 0x54, 0x5f, 0x55, 0x43,
  0x52, 0x45, 0x44, 0x5f, 0x43, 0x52, 0x5f, 0x52, 0x55, 0x49, 0x44, 0x00,
  0x4b, 0x45, 0x52, 0x4e, 0x45, 0x4c, 0x5f, 0x4f, 0x46, 0x46, 0x53, 0x45,
  0x54, 0x5f, 0x55, 0x43, 0x52, 0x45, 0x44, 0x5f, 0x43, 0x52, 0x5f, 0x53,
  0x56, 0x55, 0x49, 0x44, 0x00, 0x4b, 0x45, 0x52, 0x4e, 0x45, 0x4c, 0x5f,
  0x4f, 0x46, 0x46, 0x53, 0x45, 0x54, 0x5f, 0x55, 0x43, 0x52, 0x45, 0x44,
  0x5f, 0x43, 0x52, 0x5f, 0x52, 0x47, 0x49, 0x44, 0x00, 0x4b, 0x45, 0x52,
  0x4e, 0x45, 0x4c, 0x5f, 0x4f, 0x46, 0x46, 0x53, 0x45, 0x54, 0x5f, 0x55,
  0x43, 0x52, 0x45, 0x44, 0x5f, 0x43, 0x52, 0x5f, 0x53, 0x56, 0x47, 0x49,
  0x44, 0x00, 0x4b, 0x45, 0x52, 0x4e, 0x45, 0x4c, 0x5f, 0x4f, 0x46, 0x46,
  0x53, 0x45, 0x54, 0x5f, 0x55, 0x43, 0x52, 0x45, 0x44, 0x5f, 0x43, 0x52,
  0x5f, 0x50, 0x52, 0x49, 0x53, 0x4f, 0x4e, 0x00, 0x4b, 0x45, 0x52, 0x4e,
  0x45, 0x4c, 0x5f, 0x4f, 0x46, 0x46, 0x53, 0x45, 0x54, 0x5f, 0x55, 0x43,
  0x52, 0x45, 0x44, 0x5f, 0x43, 0x52, 0x5f, 0x53, 0x43, 0x45, 0x41, 0x55,
  0x54, 0x48, 0x49, 0x44, 0x00, 0x4b, 0x45, 0x52, 0x4e, 0x45, 0x4c, 0x5f,
  0x4f, 0x46, 0x46, 0x53, 0x45, 0x54, 0x5f, 0x55, 0x43, 0x52, 0x45, 0x44,
  0x5f, 0x43, 0x52, 0x5f, 0x53, 0x43, 0x45, 0x43, 0x41, 0x50, 0x53, 0x00,
  0x4b, 0x45, 0x52, 0x4e, 0x45, 0x4c, 0x5f, 0x4f, 0x46, 0x46, 0x53, 0x45,
  0x54, 0x5f, 0x55, 0x43, 0x52, 0x45, 0x44, 0x5f, 0x43, 0x52, 0x5f, 0x53,
  0x43, 0x45, 0x41, 0x54, 0x54, 0x52, 0x53, 0x00, 0x4b, 0x45, 0x52, 0x4e,
  0x45, 0x4c, 0x5f, 0x4f, 0x46, 0x46, 0x53, 0x45, 0x54, 0x5f, 0x46, 0x49,
  0x4c, 0x45, 0x44, 0x45, 0x53, 0x43, 0x5f, 0x46, 0x44, 0x5f, 0x52, 0x44,
  0x49, 0x52, 0x00, 0x4b, 0x45, 0x52, 0x4e, 0x45, 0x4c, 0x5f, 0x4f, 0x46,
  0x46, 0x53, 0x45, 0x54, 0x5f, 0x46, 0x49, 0x4c, 0x45, 0x44, 0x45, 0x53,
  0x43, 0x5f, 0x46, 0x44, 0x5f, 0x4a, 0x44, 0x49, 0x52, 0x00, 0x5f, 0x5f,
  0x72, 0x74, 0x6c, 0x64, 0x5f, 0x66, 0x69, 0x6e, 0x64, 0x5f, 0x66, 0x69,
  0x6c, 0x65, 0x00, 0x5f, 0x5f, 0x72, 0x74, 0x6c, 0x64, 0x5f, 0x6c, 0x69,
  0x62, 0x5f, 0x6e, 0x65, 0x77, 0x00, 0x5f, 0x5f, 0x72, 0x74, 0x6c, 0x64,
  0x5f, 0x73, 0x6f, 0x5f, 0x6e, 0x65, 0x77, 0x00, 0x5f, 0x5f, 0x72, 0x74,
  0x6c, 0x64, 0x5f, 0x73, 0x70, 0x72, 0x78, 0x5f, 0x6e, 0x65, 0x77, 0x00,
  0x5f, 0x5f, 0x72, 0x74, 0x6c, 0x64, 0x5f, 0x6c, 0x69, 0x62, 0x5f, 0x61,
  0x70, 0x70, 0x65, 0x6e, 0x64, 0x5f, 0x64, 0x65, 0x70, 0x00, 0x5f, 0x5f,
  0x72, 0x74, 0x6c, 0x64, 0x5f, 0x6c, 0x69, 0x62, 0x5f, 0x72, 0x65, 0x6d,
  0x6f, 0x76, 0x65, 0x5f, 0x64, 0x65, 0x70, 0x00, 0x5f, 0x5f, 0x72, 0x74,
  0x6c, 0x64, 0x5f, 0x6c, 0x69, 0x62, 0x5f, 0x73, 0x79, 0x6d, 0x32, 0x6c,
  0x69, 0x62, 0x00, 0x5f, 0x5f, 0x72, 0x74, 0x6c, 0x64, 0x5f, 0x6c, 0x69,
  0x62, 0x5f, 0x61, 0x64, 0x64, 0x72, 0x32, 0x6c, 0x69, 0x62, 0x00, 0x5f,
  0x5f, 0x72, 0x74, 0x6c, 0x64, 0x5f, 0x6c, 0x69, 0x62, 0x5f, 0x73, 0x79,
  0x6d, 0x32, 0x61, 0x64, 0x64, 0x72, 0x00, 0x5f, 0x5f, 0x72, 0x74, 0x6c,
  0x64, 0x5f, 0x6c, 0x69, 0x62, 0x5f, 0x61, 0x64, 0x64, 0x72, 0x32, 0x73,
  0x79, 0x6d, 0x00, 0x5f, 0x5f, 0x72, 0x74, 0x6c, 0x64, 0x5f, 0x73, 0x70,
  0x72, 0x78, 0x5f, 0x69, 0x6e, 0x69, 0x74, 0x00, 0x5f, 0x5f, 0x72, 0x74,
  0x6c, 0x64, 0x5f, 0x73, 0x6f, 0x5f, 0x69, 0x6e, 0x69, 0x74, 0x00, 0x5f,
  0x5f, 0x72, 0x74, 0x6c, 0x64, 0x5f, 0x70, 0x61, 0x79, 0x6c, 0x6f, 0x61,
  0x64, 0x5f, 0x69, 0x6e, 0x69, 0x74, 0x00, 0x5f, 0x5f, 0x72, 0x74, 0x6c,
  0x64, 0x5f, 0x64, 0x6c, 0x66, 0x63, 0x6e, 0x5f, 0x69, 0x6e, 0x69, 0x74,
  0x00, 0x5f, 0x5f, 0x69, 0x6d, 0x61, 0x67, 0x65, 0x5f, 0x73, 0x74, 0x61,
  0x72, 0x74, 0x00, 0x5f, 0x5f, 0x69, 0x6d, 0x61, 0x67, 0x65, 0x5f, 0x65,
  0x6e, 0x64, 0x00, 0x5f, 0x44, 0x59, 0x4e, 0x41, 0x4d, 0x49, 0x43, 0x00,
  0x5f, 0x5f, 0x69, 0x6e, 0x69, 0x74, 0x5f, 0x61, 0x72, 0x72, 0x61, 0x79,
  0x5f, 0x65, 0x6e, 0x64, 0x00, 0x5f, 0x5f, 0x69, 0x6e, 0x69, 0x74, 0x5f,
  0x61, 0x72, 0x72, 0x61, 0x79, 0x5f, 0x73, 0x74, 0x61, 0x72, 0x74, 0x00,
  0x5f, 0x5f, 0x66, 0x69, 0x6e, 0x69, 0x5f, 0x61, 0x72, 0x72, 0x61, 0x79,
  0x5f, 0x65, 0x6e, 0x64, 0x00, 0x5f, 0x5f, 0x66, 0x69, 0x6e, 0x69, 0x5f,
  0x61, 0x72, 0x72, 0x61, 0x79, 0x5f, 0x73, 0x74, 0x61, 0x72, 0x74, 0x00,
  0x5f, 0x5f, 0x64, 0x6c, 0x6f, 0x70, 0x65, 0x6e, 0x00, 0x5f, 0x5f, 0x64,
  0x6c, 0x61, 0x64, 0x64, 0x72, 0x00, 0x5f, 0x5f, 0x64, 0x6c, 0x73, 0x79,
  0x6d, 0x00, 0x5f, 0x5f, 0x64, 0x6c, 0x63, 0x6c, 0x6f, 0x73, 0x65, 0x00,
  0x5f, 0x5f, 0x64, 0x6c, 0x65, 0x72, 0x72, 0x6f, 0x72, 0x00, 0x6d, 0x64,
  0x62, 0x67, 0x5f, 0x63, 0x6f, 0x70, 0x79, 0x6f, 0x75, 0x74, 0x00, 0x6d,
  0x64, 0x62, 0x67, 0x5f, 0x63, 0x6f, 0x70, 0x79, 0x69, 0x6e, 0x00, 0x6d,
  0x64, 0x62, 0x67, 0x5f, 0x73, 0x65, 0x74, 0x63, 0x68, 0x61, 0x72, 0x00,
  0x6d, 0x64, 0x62, 0x67, 0x5f, 0x73, 0x65, 0x74, 0x73, 0x68, 0x6f, 0x72,
  0x74, 0x00, 0x6d, 0x64, 0x62, 0x67, 0x5f, 0x73, 0x65, 0x74, 0x69, 0x6e,
  0x74, 0x00, 0x6d, 0x64, 0x62, 0x67, 0x5f, 0x73, 0x65, 0x74, 0x6c, 0x6f,
  0x6e, 0x67, 0x00, 0x6d, 0x64, 0x62, 0x67, 0x5f, 0x67, 0x65, 0x74, 0x6c,
  0x6f, 0x6e, 0x67, 0x00, 0x6d, 0x64, 0x62, 0x67, 0x5f, 0x67, 0x65, 0x74,
  0x69, 0x6e, 0x74, 0x00, 0x6d, 0x64, 0x62, 0x67, 0x5f, 0x67, 0x65, 0x74,
  0x73, 0x68, 0x6f, 0x72, 0x74, 0x00, 0x6d, 0x64, 0x62, 0x67, 0x5f, 0x67,
  0x65, 0x74, 0x63, 0x68, 0x61, 0x72, 0x00, 0x6b, 0x65, 0x72, 0x6e, 0x65,
  0x6c, 0x5f, 0x70, 0x72, 0x6f, 0x63, 0x5f, 0x63, 0x6f, 0x70, 0x79, 0x69,
  0x6e, 0x00, 0x6b, 0x65, 0x72, 0x6e, 0x65, 0x6c, 0x5f, 0x70, 0x72, 0x6f,
  0x63, 0x5f, 0x63, 0x6f, 0x70, 0x79, 0x6f, 0x75, 0x74, 0x00, 0x6b, 0x65,
  0x72, 0x6e, 0x65, 0x6c, 0x5f, 0x70, 0x72, 0x6f, 0x63, 0x5f, 0x73, 0x65,
  0x74, 0x63, 0x68, 0x61, 0x72, 0x00, 0x6b, 0x65, 0x72, 0x6e, 0x65, 0x6c,
  0x5f, 0x70, 0x72, 0x6f, 0x63, 0x5f, 0x73, 0x65, 0x74, 0x73, 0x68, 0x6f,
  0x72, 0x74, 0x00, 0x6b, 0x65, 0x72, 0x6e, 0x65, 0x6c, 0x5f, 0x70, 0x72,
  0x6f, 0x63, 0x5f, 0x73, 0x65, 0x74, 0x69, 0x6e, 0x74, 0x00, 0x6b, 0x65,
  0x72, 0x6e, 0x65, 0x6c, 0x5f, 0x70, 0x72, 0x6f, 0x63, 0x5f, 0x73, 0x65,
  0x74, 0x6c, 0x6f, 0x6e, 0x67, 0x00, 0x6b, 0x65, 0x72, 0x6e, 0x65, 0x6c,
  0x5f, 0x70, 0x72, 0x6f, 0x63, 0x5f, 0x67, 0x65, 0x74, 0x63, 0x68, 0x61,
  0x72, 0x00, 0x6b, 0x65, 0x72, 0x6e, 0x65, 0x6c, 0x5f, 0x70, 0x72, 0x6f,
  0x63, 0x5f, 0x67, 0x65, 0x74, 0x73, 0x68, 0x6f, 0x72, 0x74, 0x00, 0x6b,
  0x65, 0x72, 0x6e, 0x65, 0x6c, 0x5f, 0x70, 0x72, 0x6f, 0x63, 0x5f, 0x67,
  0x65, 0x74, 0x69, 0x6e, 0x74, 0x00, 0x6b, 0x65, 0x72, 0x6e, 0x65, 0x6c,
  0x5f, 0x70, 0x72, 0x6f, 0x63, 0x5f, 0x67, 0x65, 0x74, 0x6c, 0x6f, 0x6e,
  0x67, 0x00, 0x5f, 0x73, 0x74, 0x61, 0x72, 0x74, 0x00, 0x00, 0x00, 0x00,
  0x00, 0x00, 0x00, 0x00, 0x00, 0x00, 0x00, 0x00, 0x00, 0x00, 0x00, 0x00,
  0x00, 0x00, 0x00, 0x00, 0x00, 0x00, 0x00, 0x00, 0x00, 0x00, 0x00, 0x00,
  0x00, 0x00, 0x00, 0x00, 0x00, 0x00, 0x00, 0x00, 0x00, 0x00, 0x00, 0x00,
  0x00, 0x00, 0x00, 0x00, 0x00, 0x00, 0x00, 0x00, 0x00, 0x00, 0x00, 0x00,
  0x00, 0x00, 0x00, 0x00, 0x00, 0x00, 0x00, 0x00, 0x00, 0x00, 0x00, 0x00,
  0x00, 0x00, 0x00, 0x00, 0x00, 0x00, 0x00, 0x00, 0x01, 0x00, 0x00, 0x00,
  0x01, 0x00, 0x00, 0x00, 0x06, 0x00, 0x00, 0x00, 0x00, 0x00, 0x00, 0x00,
  0x00, 0x00, 0x00, 0x00, 0x00, 0x00, 0x00, 0x00, 0x00, 0x40, 0x00, 0x00,
  0x00, 0x00, 0x00, 0x00, 0x08, 0xab, 0x00, 0x00, 0x00, 0x00, 0x00, 0x00,
  0x00, 0x00, 0x00, 0x00, 0x00, 0x00, 0x00, 0x00, 0x00, 0x40, 0x00, 0x00,
  0x00, 0x00, 0x00, 0x00, 0x00, 0x00, 0x00, 0x00, 0x00, 0x00, 0x00, 0x00,
  0x07, 0x00, 0x00, 0x00, 0x01, 0x00, 0x00, 0x00, 0x02, 0x00, 0x00, 0x00,
  0x00, 0x00, 0x00, 0x00, 0x00, 0xc0, 0x00, 0x00, 0x00, 0x00, 0x00, 0x00,
  0x00, 0x00, 0x01, 0x00, 0x00, 0x00, 0x00, 0x00, 0x44, 0x00, 0x00, 0x00,
  0x00, 0x00, 0x00, 0x00, 0x00, 0x00, 0x00, 0x00, 0x00, 0x00, 0x00, 0x00,
  0x00, 0x40, 0x00, 0x00, 0x00, 0x00, 0x00, 0x00, 0x00, 0x00, 0x00, 0x00,
  0x00, 0x00, 0x00, 0x00, 0x15, 0x00, 0x00, 0x00, 0x01, 0x00, 0x00, 0x00,
  0x02, 0x00, 0x00, 0x00, 0x00, 0x00, 0x00, 0x00, 0x48, 0xc0, 0x00, 0x00,
  0x00, 0x00, 0x00, 0x00, 0x48, 0x00, 0x01, 0x00, 0x00, 0x00, 0x00, 0x00,
  0x44, 0x01, 0x00, 0x00, 0x00, 0x00, 0x00, 0x00, 0x00, 0x00, 0x00, 0x00,
  0x00, 0x00, 0x00, 0x00, 0x08, 0x00, 0x00, 0x00, 0x00, 0x00, 0x00, 0x00,
  0x00, 0x00, 0x00, 0x00, 0x00, 0x00, 0x00, 0x00, 0x1f, 0x00, 0x00, 0x00,
  0x0b, 0x00, 0x00, 0x00, 0x02, 0x00, 0x00, 0x00, 0x00, 0x00, 0x00, 0x00,
  0x90, 0xc1, 0x00, 0x00, 0x00, 0x00, 0x00, 0x00, 0x90, 0x01, 0x01, 0x00,
  0x00, 0x00, 0x00, 0x00, 0x10, 0x02, 0x00, 0x00, 0x00, 0x00, 0x00, 0x00,
  0x06, 0x00, 0x00, 0x00, 0x01, 0x00, 0x00, 0x00, 0x08, 0x00, 0x00, 0x00,
  0x00, 0x00, 0x00, 0x00, 0x18, 0x00, 0x00, 0x00, 0x00, 0x00, 0x00, 0x00,
  0x27, 0x00, 0x00, 0x00, 0xf6, 0xff, 0xff, 0x6f, 0x02, 0x00, 0x00, 0x00,
  0x00, 0x00, 0x00, 0x00, 0xa0, 0xc3, 0x00, 0x00, 0x00, 0x00, 0x00, 0x00,
  0xa0, 0x03, 0x01, 0x00, 0x00, 0x00, 0x00, 0x00, 0x20, 0x00, 0x00, 0x00,
  0x00, 0x00, 0x00, 0x00, 0x04, 0x00, 0x00, 0x00, 0x00, 0x00, 0x00, 0x00,
  0x08, 0x00, 0x00, 0x00, 0x00, 0x00, 0x00, 0x00, 0x00, 0x00, 0x00, 0x00,
  0x00, 0x00, 0x00, 0x00, 0x31, 0x00, 0x00, 0x00, 0x03, 0x00, 0x00, 0x00,
  0x02, 0x00, 0x00, 0x00, 0x00, 0x00, 0x00, 0x00, 0xc0, 0xc3, 0x00, 0x00,
  0x00, 0x00, 0x00, 0x00, 0xc0, 0x03, 0x01, 0x00, 0x00, 0x00, 0x00, 0x00,
  0x1c, 0x01, 0x00, 0x00, 0x00, 0x00, 0x00, 0x00, 0x00, 0x00, 0x00, 0x00,
  0x00, 0x00, 0x00, 0x00, 0x01, 0x00, 0x00, 0x00, 0x00, 0x00, 0x00, 0x00,
  0x00, 0x00, 0x00, 0x00, 0x00, 0x00, 0x00, 0x00, 0x39, 0x00, 0x00, 0x00,
  0x04, 0x00, 0x00, 0x00, 0x02, 0x00, 0x00, 0x00, 0x00, 0x00, 0x00, 0x00,
  0xe0, 0xc4, 0x00, 0x00, 0x00, 0x00, 0x00, 0x00, 0xe0, 0x04, 0x01, 0x00,
  0x00, 0x00, 0x00, 0x00, 0x00, 0x0f, 0x00, 0x00, 0x00, 0x00, 0x00, 0x00,
  0x04, 0x00, 0x00, 0x00, 0x00, 0x00, 0x00, 0x00, 0x08, 0x00, 0x00, 0x00,
  0x00, 0x00, 0x00, 0x00, 0x18, 0x00, 0x00, 0x00, 0x00, 0x00, 0x00, 0x00,
  0x43, 0x00, 0x00, 0x00, 0x01, 0x00, 0x00, 0x00, 0x03, 0x00, 0x00, 0x00,
  0x00, 0x00, 0x00, 0x00, 0xe0, 0xd3, 0x00, 0x00, 0x00, 0x00, 0x00, 0x00,
  0xe0, 0x13, 0x01, 0x00, 0x00, 0x00, 0x00, 0x00, 0x90, 0x08, 0x00, 0x00,
  0x00, 0x00, 0x00, 0x00, 0x00, 0x00, 0x00, 0x00, 0x00, 0x00, 0x00, 0x00,
  0x10, 0x00, 0x00, 0x00, 0x00, 0x00, 0x00, 0x00, 0x00, 0x00, 0x00, 0x00,
  0x00, 0x00, 0x00, 0x00, 0x50, 0x00, 0x00, 0x00, 0x01, 0x00, 0x00, 0x00,
  0x03, 0x00, 0x00, 0x00, 0x00, 0x00, 0x00, 0x00, 0x70, 0xdc, 0x00, 0x00,
  0x00, 0x00, 0x00, 0x00, 0x70, 0x1c, 0x01, 0x00, 0x00, 0x00, 0x00, 0x00,
  0xb8, 0x00, 0x00, 0x00, 0x00, 0x00, 0x00, 0x00, 0x00, 0x00, 0x00, 0x00,
  0x00, 0x00, 0x00, 0x00, 0x08, 0x00, 0x00, 0x00, 0x00, 0x00, 0x00, 0x00,
  0x00, 0x00, 0x00, 0x00, 0x00, 0x00, 0x00, 0x00, 0x55, 0x00, 0x00, 0x00,
  0x01, 0x00, 0x00, 0x00, 0x32, 0x00, 0x00, 0x00, 0x00, 0x00, 0x00, 0x00,
  0x30, 0xdd, 0x00, 0x00, 0x00, 0x00, 0x00, 0x00, 0x30, 0x1d, 0x01, 0x00,
  0x00, 0x00, 0x00, 0x00, 0x10, 0x18, 0x00, 0x00, 0x00, 0x00, 0x00, 0x00,
  0x00, 0x00, 0x00, 0x00, 0x00, 0x00, 0x00, 0x00, 0x10, 0x00, 0x00, 0x00,
  0x00, 0x00, 0x00, 0x00, 0x00, 0x00, 0x00, 0x00, 0x00, 0x00, 0x00, 0x00,
  0x5d, 0x00, 0x00, 0x00, 0x01, 0x00, 0x00, 0x00, 0x02, 0x00, 0x00, 0x00,
  0x00, 0x00, 0x00, 0x00, 0x40, 0xf5, 0x00, 0x00, 0x00, 0x00, 0x00, 0x00,
  0x40, 0x35, 0x01, 0x00, 0x00, 0x00, 0x00, 0x00, 0x00, 0x00, 0x00, 0x00,
  0x00, 0x00, 0x00, 0x00, 0x00, 0x00, 0x00, 0x00, 0x00, 0x00, 0x00, 0x00,
  0x01, 0x00, 0x00, 0x00, 0x00, 0x00, 0x00, 0x00, 0x00, 0x00, 0x00, 0x00,
  0x00, 0x00, 0x00, 0x00, 0x69, 0x00, 0x00, 0x00, 0x01, 0x00, 0x00, 0x00,
  0x02, 0x00, 0x00, 0x00, 0x00, 0x00, 0x00, 0x00, 0x40, 0xf5, 0x00, 0x00,
  0x00, 0x00, 0x00, 0x00, 0x40, 0x35, 0x01, 0x00, 0x00, 0x00, 0x00, 0x00,
  0x00, 0x00, 0x00, 0x00, 0x00, 0x00, 0x00, 0x00, 0x00, 0x00, 0x00, 0x00,
  0x00, 0x00, 0x00, 0x00, 0x01, 0x00, 0x00, 0x00, 0x00, 0x00, 0x00, 0x00,
  0x00, 0x00, 0x00, 0x00, 0x00, 0x00, 0x00, 0x00, 0x75, 0x00, 0x00, 0x00,
  0x06, 0x00, 0x00, 0x00, 0x03, 0x00, 0x00, 0x00, 0x00, 0x00, 0x00, 0x00,
  0x00, 0x00, 0x01, 0x00, 0x00, 0x00, 0x00, 0x00, 0x00, 0x40, 0x01, 0x00,
  0x00, 0x00, 0x00, 0x00, 0x50, 0x01, 0x00, 0x00, 0x00, 0x00, 0x00, 0x00,
  0x06, 0x00, 0x00, 0x00, 0x00, 0x00, 0x00, 0x00, 0x00, 0x40, 0x00, 0x00,
  0x00, 0x00, 0x00, 0x00, 0x10, 0x00, 0x00, 0x00, 0x00, 0x00, 0x00, 0x00,
  0x7e, 0x00, 0x00, 0x00, 0x01, 0x00, 0x00, 0x00, 0x03, 0x00, 0x00, 0x00,
  0x00, 0x00, 0x00, 0x00, 0x00, 0x40, 0x01, 0x00, 0x00, 0x00, 0x00, 0x00,
  0x00, 0x80, 0x01, 0x00, 0x00, 0x00, 0x00, 0x00, 0x30, 0x00, 0x00, 0x00,
  0x00, 0x00, 0x00, 0x00, 0x00, 0x00, 0x00, 0x00, 0x00, 0x00, 0x00, 0x00,
  0x00, 0x40, 0x00, 0x00, 0x00, 0x00, 0x00, 0x00, 0x00, 0x00, 0x00, 0x00,
  0x00, 0x00, 0x00, 0x00, 0x84, 0x00, 0x00, 0x00, 0x08, 0x00, 0x00, 0x00,
  0x03, 0x00, 0x00, 0x00, 0x00, 0x00, 0x00, 0x00, 0x30, 0x40, 0x01, 0x00,
  0x00, 0x00, 0x00, 0x00, 0x30, 0x80, 0x01, 0x00, 0x00, 0x00, 0x00, 0x00,
  0x18, 0x0a, 0x00, 0x00, 0x00, 0x00, 0x00, 0x00, 0x00, 0x00, 0x00, 0x00,
  0x00, 0x00, 0x00, 0x00, 0x10, 0x00, 0x00, 0x00, 0x00, 0x00, 0x00, 0x00,
  0x00, 0x00, 0x00, 0x00, 0x00, 0x00, 0x00, 0x00, 0x89, 0x00, 0x00, 0x00,
  0x01, 0x00, 0x00, 0x00, 0x30, 0x00, 0x00, 0x00, 0x00, 0x00, 0x00, 0x00,
  0x00, 0x00, 0x00, 0x00, 0x00, 0x00, 0x00, 0x00, 0x30, 0x80, 0x01, 0x00,
  0x00, 0x00, 0x00, 0x00, 0x42, 0x00, 0x00, 0x00, 0x00, 0x00, 0x00, 0x00,
  0x00, 0x00, 0x00, 0x00, 0x00, 0x00, 0x00, 0x00, 0x01, 0x00, 0x00, 0x00,
  0x00, 0x00, 0x00, 0x00, 0x01, 0x00, 0x00, 0x00, 0x00, 0x00, 0x00, 0x00,
  0x92, 0x00, 0x00, 0x00, 0x02, 0x00, 0x00, 0x00, 0x00, 0x00, 0x00, 0x00,
  0x00, 0x00, 0x00, 0x00, 0x00, 0x00, 0x00, 0x00, 0x00, 0x00, 0x00, 0x00,
  0x78, 0x80, 0x01, 0x00, 0x00, 0x00, 0x00, 0x00, 0x18, 0x1e, 0x00, 0x00,
  0x00, 0x00, 0x00, 0x00, 0x13, 0x00, 0x00, 0x00, 0x9b, 0x00, 0x00, 0x00,
  0x08, 0x00, 0x00, 0x00, 0x00, 0x00, 0x00, 0x00, 0x18, 0x00, 0x00, 0x00,
  0x00, 0x00, 0x00, 0x00, 0x9a, 0x00, 0x00, 0x00, 0x03, 0x00, 0x00, 0x00,
  0x00, 0x00, 0x00, 0x00, 0x00, 0x00, 0x00, 0x00, 0x00, 0x00, 0x00, 0x00,
  0x00, 0x00, 0x00, 0x00, 0x90, 0x9e, 0x01, 0x00, 0x00, 0x00, 0x00, 0x00,
  0xac, 0x00, 0x00, 0x00, 0x00, 0x00, 0x00, 0x00, 0x00, 0x00, 0x00, 0x00,
  0x00, 0x00, 0x00, 0x00, 0x01, 0x00, 0x00, 0x00, 0x00, 0x00, 0x00, 0x00,
  0x00, 0x00, 0x00, 0x00, 0x00, 0x00, 0x00, 0x00, 0xa4, 0x00, 0x00, 0x00,
  0x03, 0x00, 0x00, 0x00, 0x00, 0x00, 0x00, 0x00, 0x00, 0x00, 0x00, 0x00,
  0x00, 0x00, 0x00, 0x00, 0x00, 0x00, 0x00, 0x00, 0x3c, 0x9f, 0x01, 0x00,
  0x00, 0x00, 0x00, 0x00, 0x8d, 0x14, 0x00, 0x00, 0x00, 0x00, 0x00, 0x00,
  0x00, 0x00, 0x00, 0x00, 0x00, 0x00, 0x00, 0x00, 0x01, 0x00, 0x00, 0x00,
  0x00, 0x00, 0x00, 0x00, 0x00, 0x00, 0x00, 0x00, 0x00, 0x00, 0x00, 0x00,
};
const unsigned int overlay_elf_blob_len = 112848;
